id,model_probability,locked_at,record_hash
32,0.04363551832208718,2026-09-09 17:50:45.413933+01:00,69c537c685bea23b6a9a6996fb1b382b0046a0556d70c6788940178abb049fd6
33,0.12248798240259448,2026-09-09 17:50:45.413933+01:00,15c4e2d9a1372743e82b13b718523899d6a473c6593d4d23f9cdaa782111ff9a
34,0.034256554153586916,2026-09-09 17:50:45.413933+01:00,9ac005239f55ae4e47558a1ea50f0ad173da88c61901de1324a075e54710136a
35,0.1865161424139113,2026-09-09 17:50:45.413933+01:00,5a08c9489b724324a42f1b4855b650e8b1524ce0d5e7752f9da8c170eb34ce76
36,0.09804071240743034,2026-09-09 17:50:45.413933+01:00,5124a6e59de22b7bc2f73557fac9b8d70b92c53f758a505264d086c6eb98c6f2
37,0.14781602713358696,2026-09-09 17:50:45.413933+01:00,471a10ae9178e1fc01c00a126da97be47c7b9a5e54c6ba60c652b5f20af31fe0
38,0.1968755625391065,2026-09-09 17:50:45.413933+01:00,5deb51f159fce74bc7154faabaac768b4f80d98330e90bd84f2a4f7b7443469d
39,0.09461454815161845,2026-09-09 17:50:45.413933+01:00,c7817c1eb25af3ca68a58e5a650d9b1a77911a5076fe86a01d5bfc4c8f8d7795
40,0.0757569524760779,2026-09-09 17:50:45.413933+01:00,a1db6cfad56ff5b001277c5cf3dc546d7f9f369429b7058da3f344983e4f1dd5
41,0.03971397447581518,2026-09-09 17:50:45.427543+01:00,0223c91e6566e6102c02336c9d34e70b264c01e64d6cc862fbdc328771f493e1
42,0.1313601552905897,2026-09-09 17:50:45.427543+01:00,054d174401c42d40b9a49030c1f3e3fe6cbe43da3e538455dbb9230c504deebf
43,0.025805636894768735,2026-09-09 17:50:45.427543+01:00,6e7bbb737a2539b9cc5e83b77c68ed65c187bbb73a5c7daedb757491178ce0d8
44,0.17670062630229133,2026-09-09 17:50:45.427543+01:00,13f52425a87b7fa74984591114629708e18cd7945093e050522db7f41cbacb0a
45,0.10740432591771792,2026-09-09 17:50:45.427543+01:00,9866b783cec008471049f03b869a02a7b8e0dbf6795bf3e6dc39407f3b38a77e
46,0.17834150025882217,2026-09-09 17:50:45.427543+01:00,025842297548f9bc5682fd367976e704951ffd53d3d5d54a815252201715ab03
47,0.17177635416116738,2026-09-09 17:50:45.427543+01:00,bc4e96039fa5d16402e03874a44269741bb1e1596be2faa769bfd659078d1f9f
48,0.09738085967393535,2026-09-09 17:50:45.427543+01:00,4e94d13a3ee4b5b8c465f42478ac0d1cd94caa9603c950e8e535e42d09ca9caf
49,0.07151656702489216,2026-09-09 17:50:45.427543+01:00,f997d1b8741b36a59e21a30e7a0653ca8d3e4ea4637096f6970e5af8d55ae811
50,0.025187562690521963,2026-09-09 17:50:45.429421+01:00,d6c3c4f564a89735aa91067d8c870494d508156a9f9472d2d62bfe5b740574e7
51,0.05094638543241219,2026-09-09 17:50:45.429421+01:00,3cd10e189567079281a6d78423163b8a733e18de644fa6f43f746b56a8fed6b8
52,0.11390460354489924,2026-09-09 17:50:45.429421+01:00,113fed050cbd4d7a908f4d459358c76c3fb59fd93fbaf28c359ed3298d2fd901
53,0.050952787632740075,2026-09-09 17:50:45.429421+01:00,1815afa01bbb93337f0cae504d8949deab6a0a3eda32c56f5738abfedd73bf66
54,0.05184315870788522,2026-09-09 17:50:45.429421+01:00,4097d17a6b763a00732a8825cf41f0fc6f678d2ff4e53c0e2e4cb6247938a900
55,0.0563768481650632,2026-09-09 17:50:45.429421+01:00,e510bbefe05dab21a3c0e573ca8a944d73fd3b267d949176f4ab47e3eb6f4afa
56,0.11690136698841298,2026-09-09 17:50:45.429421+01:00,3bc4cb7ec4f95b1f7a3a92e6fe3d1a04a432988c4dfe6408f6cbdf403b03e2bb
57,0.03165277959014801,2026-09-09 17:50:45.429421+01:00,b25796501b8c6672702a623553a4cf114bab292849efba95c4794577733342ba
58,0.09611864747360445,2026-09-09 17:50:45.429421+01:00,44f2b462f0e656d7c3accb239321aad4d1f12d9d475cc46b03aa2f9d5afa1b1d
59,0.08526589475892159,2026-09-09 17:50:45.429421+01:00,070d693c8cc6e28edc107437004f629d0dc00f6cd6fd19d5e1dbf82a8a2ee09b
60,0.027915427321442688,2026-09-09 17:50:45.429421+01:00,7763f98a6eb725ffb7842c8dbb9854390b7905d9ba2a7f3b992e4336e6070fd8
61,0.03138892061978134,2026-09-09 17:50:45.429421+01:00,3889ce1ee5dff65606a3d084f8e3c85e860afab798d5dd461317982fb807b764
62,0.03404705951115303,2026-09-09 17:50:45.429421+01:00,f6242fad9fa00e1a69157742964aeb5d1d4bfea55bb77bb40f185f8e0dfe55db
63,0.04591513502064085,2026-09-09 17:50:45.429421+01:00,9d971ddc960abb0b2e9275a0f82840f1183ba20eaea6e981ee9de35d6fd13e2b
64,0.027937704154265653,2026-09-09 17:50:45.429421+01:00,0ff643953b1a562559a3f93607e2bb17101e7338ec948c22a126d58deec5fc1c
65,0.030408350249402867,2026-09-09 17:50:45.429421+01:00,1ed04523c67952d47c292d7d3cc6b7e61891203fb21031edefbec85b027d4249
66,0.047503915800225144,2026-09-09 17:50:45.429421+01:00,1d91e394b2a3a20872a487d75f4c911ab94f381153eaea45d1343b6479ab0117
67,0.07573345233847974,2026-09-09 17:50:45.429421+01:00,06483e699b0e9ab6065c64e9ff525037e8d673a1ced2b91eccb4471453e97ce2
68,0.03516899984948926,2026-09-09 17:50:45.442905+01:00,93765f7500e9f82b7fe380ba815b939b63c4f67c47eae6c4938a177966435882
69,0.04864645060286631,2026-09-09 17:50:45.442905+01:00,d45194bcc9eb6a42e6bfac29781331d8bf07d8c9f2d4a67b78647eec752fe1f3
70,0.11384052899482633,2026-09-09 17:50:45.442905+01:00,f17ecb3bc82b35de69068b487b4c7cd95021ad478c4fb4ad8c1c33bfec8292df
71,0.04831736017754526,2026-09-09 17:50:45.442905+01:00,4b43454a0eaff0041a50656a739233f17edb9789c395b93f99c47b478e605d92
72,0.04831736017754526,2026-09-09 17:50:45.442905+01:00,9f460fbd26029f578bf2f0918cde511a9fc843ca2fa71d06a68296a3e5a57e95
73,0.06467202744175078,2026-09-09 17:50:45.442905+01:00,b88643b6020dd51a065206f3f400c873f83a6e65effdc71ef528da212c60ab9f
74,0.10319251814179926,2026-09-09 17:50:45.442905+01:00,85efe842c6bc86bf30136699af7dbeefd30059bad380ad6bead7798ec99db79a
75,0.036228477649836055,2026-09-09 17:50:45.442905+01:00,0184c66ca23ab99eb8e065e46303b5832d8d84ab67c50ed70cc665152b6103f9
76,0.09553052715434614,2026-09-09 17:50:45.442905+01:00,0bf9509335ab1c865fe876675d7fd2e84470a125142f6780c899a6c0e7c447ba
77,0.08253443319549986,2026-09-09 17:50:45.442905+01:00,c5d739cbd795d2a589faeb93136320a8cb2c2032023b4514e15e05e202e443f7
78,0.030631775871515738,2026-09-09 17:50:45.442905+01:00,4512a80880d04b8b32ee0fe8ca6286db7e814a177b5b5b4e8a03bc4a70b0bf22
79,0.029434935178163764,2026-09-09 17:50:45.442905+01:00,02e607b33455077a7b982351c307b932e60fcc3505ca09680456fd5783156b55
80,0.033878648543227086,2026-09-09 17:50:45.442905+01:00,970c2b8cac1ae707941c398639d61274ff6acc49706d74fffc657e2e575bcb76
81,0.044583792242128356,2026-09-09 17:50:45.442905+01:00,9f4830998d92d18eb0320799fde4bee57e1bcf9849306efd074c0d61bfc84ff2
82,0.025720246950700396,2026-09-09 17:50:45.442905+01:00,ff46120b804663ef6c69db6748ed587fba7a94d64f21af58cd517f39361564c6
83,0.04061261780481785,2026-09-09 17:50:45.442905+01:00,6ba310bdfc4614fbbe849c5ca52d487315145d60061738374267065eed87af09
84,0.044221589428798745,2026-09-09 17:50:45.442905+01:00,09d3963455d1069d454a3a1e70a8fb71873790951cc623f3cbc19b632a1b78b5
85,0.07446771059514355,2026-09-09 17:50:45.442905+01:00,31961cf817d56b82bf0e3969e92f496e7e3699f0def4f868e96e4f00605808d0
86,0.2661271579892354,2026-09-09 17:50:45.445867+01:00,f82aa185a2b3cd00710451bf7621364c7cc940d64b24014d9b656059f55fbfbe
87,0.15281555231242105,2026-09-09 17:50:45.445867+01:00,23efc58406a142f0ebd752a143ea5f3daef391bc45362bae43dd31f96eeb8c07
88,0.20784671570631083,2026-09-09 17:50:45.445867+01:00,bc8989601fc65cc647405659cc08cb9545341f012f0f5f734ebed2a1934ff9f1
89,0.2634536973957018,2026-09-09 17:50:45.445867+01:00,b4aa4f2459c90418356c0ce30ec39cf7ef33e02e8ba7db96d153fff82b499b93
90,0.10975687659633093,2026-09-09 17:50:45.445867+01:00,df6f6f7cb0cebd3bf1801ccdf941bdc60b59dcb99084e404f12a544f1ae7617b
91,0.2656989845348082,2026-09-09 17:50:45.452618+01:00,1188d4713008d46b060fccf5215d0ae9ad5501f50854f5b8c35bfbb6bd819d2b
92,0.16070514183008328,2026-09-09 17:50:45.452618+01:00,e8c4ddf342ea1a5eccf44c8acd8ed04f9b8a967939dddb10c58c415628536776
93,0.22492767687972734,2026-09-09 17:50:45.452618+01:00,a5aa70997ec9624317092830f0362050428ed664ae22891832b4c19d865eaea0
94,0.27171595788287206,2026-09-09 17:50:45.452618+01:00,fe023d336b9afb7c8005f4becfd49b847ca175d645cf89e7eaf9a931de26df08
95,0.07695223887250909,2026-09-09 17:50:45.452618+01:00,f6c914e6411f7aeb3b9e0d867d86e79b5515ad6389c0efcb7d29137651294b32
96,0.09341932113504886,2026-09-09 17:50:45.455762+01:00,51f71e43b77ed77c57dd0c430689be7b0e8c89b1b999c460a5e1897f66f9017c
97,0.07193697475110605,2026-09-09 17:50:45.455762+01:00,7caf2542fcb3b785b59676e5322b0e6abd20ba5afca628da1179ef995cafd092
98,0.09084003313773141,2026-09-09 17:50:45.455762+01:00,549ee6ce1bf3b4bdfe69ec01208431260df550298a1d6b057f6150bc20cd639d
99,0.05593717483611633,2026-09-09 17:50:45.455762+01:00,8ae02d5536c3849c2af059415a493442856d237bc72156ec9fdfd9e9fcac7418
100,0.04096093237412784,2026-09-09 17:50:45.455762+01:00,9ece419b0337a5e0b1713b87faff70cba40b7aa3b109ebcd64d9d47def22b14c
101,0.0675116315802208,2026-09-09 17:50:45.455762+01:00,a2bc83c74b6220285ddd501e6f05223747e8b27d937d7acffd6feb2d69709136
102,0.052385587669077034,2026-09-09 17:50:45.455762+01:00,4406354568b14bc4c2f6a245106e57b391c8940a3c04d07808f46ff25ca23bd2
103,0.05141151551587458,2026-09-09 17:50:45.455762+01:00,6fa73b2ffedb932379380baa16890302c236ebba403f6ce28246d42658f69f82
104,0.15183087412761961,2026-09-09 17:50:45.455762+01:00,a371a2044a64faf88a67cd191615e33c37c6cb0b40b8cf674edd01abb6d2e29e
105,0.07111229785151392,2026-09-09 17:50:45.455762+01:00,e76eeaf62b34280bfaef22279ec9f2af3f81564bb67370660dd6c4468df039b2
106,0.07162933233103001,2026-09-09 17:50:45.455762+01:00,30299dd3e8cc30f44b68e9f2aa09f78972ab639959b516c014730b154f8dee68
107,0.06855710758416157,2026-09-09 17:50:45.455762+01:00,78be38963724f5c9db17be69ddd0badadd0862daecf80a20a179abefe147fe43
108,0.11246721710637202,2026-09-09 17:50:45.455762+01:00,c6086929cdedb43689a065646ed15b43c124e03ff5870c0b86c6510a4f1ba577
109,0.09845553479248416,2026-09-09 17:50:45.463815+01:00,7d57e7748b81a487e192d8471a9abbe0fa49f6e4a3c05a6df32cb189f930204b
110,0.06646101067095245,2026-09-09 17:50:45.463815+01:00,8798ae9d227f0153dc4c7f133fd6560145a4c97d4525035066ab63b000c4b368
111,0.08851622317093383,2026-09-09 17:50:45.463815+01:00,678a642c987d2edd6b147e78c48d0112b399b20ece7b975f237ba2c5e7d00d59
112,0.05055072384253786,2026-09-09 17:50:45.463815+01:00,1e870195e21d0cd6cbddf91618af155c27e4a73bc4500f3993970f201b171f81
113,0.042891592515986676,2026-09-09 17:50:45.463815+01:00,9c63a3c1da7403fa58dc3bfa48fffa7daad90fbf58809af6107fc2d7486a728d
114,0.05557335089942659,2026-09-09 17:50:45.463815+01:00,38e301072b830a91ea137e6ab23af7debe50a3b4507c68b8cd90066b4477cedb
115,0.057983737805032444,2026-09-09 17:50:45.463815+01:00,b9ac07ed295de3a32c5b1c486851e118918a6cbf06bb3771792377d611f0daea
116,0.03286329321049597,2026-09-09 17:50:45.463815+01:00,0b1ccfa03390e1417cd2966bc4f5be5b38ad353db85a5c87d327da7e2cd7c7cd
117,0.19364031155490272,2026-09-09 17:50:45.463815+01:00,7b43f94c69530b8871b5d31ed68bea1b88fefcd6365b8a68b351a7061431a154
118,0.0705688647006782,2026-09-09 17:50:45.463815+01:00,67d62de0ecee5cbd65c354f9f94c1f0bb5e5b6df5c45e06b85b9e4f9546c16c3
119,0.06329457776169688,2026-09-09 17:50:45.463815+01:00,602de59d7b0f64f13189b69351037f8f7ca2bdb1274cc91f6c0e2d880048f698
120,0.06137249874259555,2026-09-09 17:50:45.463815+01:00,ab724de674347dd2cb6ae695f122ccdeaf7e6aea07cd3867b527d680597357c3
121,0.11782828033227663,2026-09-09 17:50:45.463815+01:00,ce15361ab2a2bfcf10c3ed563391f161edd8856b680d68d87490b54f54dac604
122,0.0873905349362429,2026-09-09 17:50:45.466187+01:00,2650652ff89efbe8a6f2f48cef379f5806dc11c6b5e4f1239d1070e503e8c7eb
123,0.08271354729029773,2026-09-09 17:50:45.466187+01:00,0b15b7e533743664c6417e1b22415d876eb72ec2c4509266aefbe39faf7d2e28
124,0.06954000600797913,2026-09-09 17:50:45.466187+01:00,d29ef79820993efd490aa1e97b464e89d9f6851d062faf65e496afa7ed701141
125,0.08148974104546251,2026-09-09 17:50:45.466187+01:00,3b08af5acecdbc1f57810e38901a4887dfd02437676e497df85cce98ed235f51
126,0.11775680962162843,2026-09-09 17:50:45.466187+01:00,602f98ea9e8fceaaf35ce07d6519634a99972aaa6c69ad496c960a814020a352
127,0.1431816917137926,2026-09-09 17:50:45.466187+01:00,b875264a4e82cfe5b827205d7bca4338a0c193979f8b5d8cff1b1c48e0ca05ab
128,0.11590632616896919,2026-09-09 17:50:45.466187+01:00,900dd51ab2bb8756f51de5fb27b5397f233f838c3a2b1e14223e786ea770873f
129,0.06180062321748994,2026-09-09 17:50:45.466187+01:00,64de064778ca6d8c3e0de04ca5b3e9d6e9c7973f93b5cabf7cd4e4b3ddaae451
130,0.0861535750158765,2026-09-09 17:50:45.466187+01:00,9e6101a805c1abab97e893b1a9b81f88a460596537997a5e54c7c62d87f77039
131,0.06578468859417354,2026-09-09 17:50:45.466187+01:00,2da71b074026d43bb55739df81305058ca3c6c634f959254c9157557628e961f
132,0.08828245638808738,2026-09-09 17:50:45.466187+01:00,6701f38e32c939fad92f0421cfb488e1f6eff81bf768fe26c13b56110f45b1ee
133,0.0960344323969289,2026-09-09 17:50:45.472751+01:00,483f4b7c9ef0845eced511c16c96ddc64b209ca87390c957d1ff5ca4b140821e
134,0.05896420064533022,2026-09-09 17:50:45.472751+01:00,3f044e98097c62af629f9b1f107a183e88a1fea38d6618e47bc9952bb0edc375
135,0.048328414877476154,2026-09-09 17:50:45.472751+01:00,dbf6204ddd58e57c89d730f0c5c77100f27672f431940dfa53162b2feff7b1df
136,0.06480202344433118,2026-09-09 17:50:45.472751+01:00,c0bf961fac292523ad8ad922a81193fc278c7c711bc7dd5faa1807d84a73505f
137,0.12892334057443833,2026-09-09 17:50:45.472751+01:00,d6aad67912458236d87a802ad04410f0a270a14a2eae7ab538aeae81aad1ea52
138,0.15925102574428862,2026-09-09 17:50:45.472751+01:00,ac6752d808d9842c0be93a77ed315307fea5fcbd8eb984ca37d5375b71059835
139,0.12536630946916166,2026-09-09 17:50:45.472751+01:00,071310df0919268d55ccaf1f6292225d62d3cc32cfc4eb04e631f974d4084e71
140,0.059630708303772983,2026-09-09 17:50:45.472751+01:00,03da75c885c11554bbc23adbd04aa3e4f5606d491c96c30d2316651713ea209f
141,0.09601060344252049,2026-09-09 17:50:45.472751+01:00,a9b6dcc0e890cd2911d606a7fa7267a3a5b593041e24f5bdbd036a71aaa590d0
142,0.067523703341831,2026-09-09 17:50:45.472751+01:00,8a04d312f9bc4f9b3f246bcdbddc72ee586095e10e715a09fdff9ef597821b69
143,0.09516523775992043,2026-09-09 17:50:45.472751+01:00,9e1b5fa7d1d23b90d9d1b45a0ac637c32b5fbad0815bdad5b5e02c923a3a039a
144,0.09705295164647613,2026-09-09 17:50:45.474739+01:00,9f05f94e5f3174a1707d45a6512457bf576aa8fca3bd2205d5214761df2715f9
145,0.1556880232244069,2026-09-09 17:50:45.474739+01:00,a2b6f4f831852c5eee0db1630dc2f94ffad4d8664ada78b6d593849b274193dc
146,0.0937113773169339,2026-09-09 17:50:45.474739+01:00,868abce350be40df0177c616358f3ebf440af7aba44a9703f1a31b8667e8d596
147,0.14129903574580394,2026-09-09 17:50:45.474739+01:00,2cfce2b386270e1a09dde4018196d47ebb6e183097ed4964fb456dcd38b3c194
148,0.05670043928384448,2026-09-09 17:50:45.474739+01:00,4edf425b6b0bd18e3c9ff7b3c8a62782fe66ab4661350afefbbfeda13875ec05
149,0.02909030818763389,2026-09-09 17:50:45.474739+01:00,602d88229083f4ed28cd192a40e13ed8cc56fbbf580906c16433de12460ee348
150,0.0762564918168073,2026-09-09 17:50:45.474739+01:00,16a8595daafe425f6238cd3b4f2b0e1d3c7daa22f77515dc9c309a4779e08126
151,0.10592568686757056,2026-09-09 17:50:45.474739+01:00,3ee40b9e2491bb295b7fc01d6bc4dec1e8e5ce8958c152de829a00fd095c8fae
152,0.24427568591052287,2026-09-09 17:50:45.474739+01:00,bd8434d0b5b77d252592e8c3c85dfbf7078b6cd588bea66e0a2016a8da045549
153,0.11040768004097451,2026-09-09 17:50:45.481903+01:00,4d0f940f6123ef56cf610af65cac405f7d9cc54a3d1be087eb67a11bdb9e9f40
154,0.13755580529903316,2026-09-09 17:50:45.481903+01:00,fdb26d6af7aae2b603c152aea98e26af5f5a80b7b94bdf58c78f99b882e30426
155,0.0846044361346913,2026-09-09 17:50:45.481903+01:00,b1788ff073eb088b6157628c5a90125407f8e57b86d540318bfe9540c056bd08
156,0.11413571285185362,2026-09-09 17:50:45.481903+01:00,fa8d00f2ccef2b7abb57d6a89d7b9aa378b2247e8361370dd74424ffbbea7bbd
157,0.07729752164689885,2026-09-09 17:50:45.481903+01:00,1f0509b3093a926b792e0af583017d91f3e7a5fb80207790338cd7c8601869a0
158,0.04792403475675129,2026-09-09 17:50:45.481903+01:00,50599536d1d33aaf23f5a7a3c12059849d08ef465ef11ef2916985d8822cfb1e
159,0.10310391276627986,2026-09-09 17:50:45.481903+01:00,5f49750e3d0566f292fc48145be01b45120695c2d54667536c6c5c1a75938050
160,0.12101773157413077,2026-09-09 17:50:45.481903+01:00,a9547027de081a4207bffb5b4b579857698f19190d2e7fb272fb7b61f395e2aa
161,0.2039531649293867,2026-09-09 17:50:45.481903+01:00,f7ce0c2eb4a9624dd27362327262461bef3308cf6f9c0d82046320dab92c604e
162,0.10381564894193028,2026-09-09 17:50:45.484438+01:00,6b690e64657aa07fb128d77d545219e5670031ff59b46d2a2afdea7bdb355f6c
163,0.08694249237520582,2026-09-09 17:50:45.484438+01:00,858b5bd206269df147e04bd2f9d699b73d1f800cf6da6839615f09c678b43fc3
164,0.15503784902844125,2026-09-09 17:50:45.484438+01:00,6b6bd15765abde1b8980f72d7780b0ae97fd0cf6f24e03b6fbb32f08d4a7c178
165,0.15948854096927165,2026-09-09 17:50:45.484438+01:00,c702f4d509351cd06cb0d2ef3ab426b729b82ed5aed73c8b218307d7085ac4f3
166,0.06865718462620506,2026-09-09 17:50:45.484438+01:00,00283d827e7cc14b3b33d11c4b6a6aa8b97b50f4cb56a8e8aa2a55ae318f2744
167,0.07934069672370404,2026-09-09 17:50:45.484438+01:00,749fa2d523abde65712a865425a02a36710b941c8c1b8c76841242fedb665280
168,0.07879049311118755,2026-09-09 17:50:45.484438+01:00,ca1941bc646610880d120efff1cde70e70c9fc1f2daea4a3bfcf2941dc023e9e
169,0.12934927857838047,2026-09-09 17:50:45.484438+01:00,6394310748cf7dc657b7986fb89363f2b063b3dfe783ca61f2c7c7be514b221d
170,0.0828858646041929,2026-09-09 17:50:45.484438+01:00,6cb17a7d25671a5ff0ea99b6c7aface3b48a4377380cb496f2b9a597f84f9cc9
171,0.05569195104148084,2026-09-09 17:50:45.484438+01:00,fcb4bbfa37fa069dcbc6a838d90b5a6a11ad66f176abdc6cb5731310e9ddc5f5
172,0.10476098214870191,2026-09-09 17:50:45.492563+01:00,a701edb5e3f6f1e71c5dcc515b91a77e672fd858aa8161e97a5e7f4ca8cac34f
173,0.08711042994112558,2026-09-09 17:50:45.492563+01:00,ef38418aa663fa961ebdd164486afc51c235a5ae2c8b2b613e45e2754291ea01
174,0.15494607253553508,2026-09-09 17:50:45.492563+01:00,aab85948ebc427ca96bffb7b4a56f7007256adcf87be13a2b6b032cee3daef35
175,0.15669841649888933,2026-09-09 17:50:45.492563+01:00,65bbc3e66e13a49f6a341a4851a15525a0876400a2d525ad71afa6a4b7f01b40
176,0.07723246293631222,2026-09-09 17:50:45.492563+01:00,94533bd5f559f7dcab03bf8cd9b9fffc728393491c4850655d3430a9c8a3b4ae
177,0.08462832514093487,2026-09-09 17:50:45.492563+01:00,9f2f73b7dbbb02e066a8e370365a9cb6c0849dd580070218bfaf9bac738b2a2b
178,0.07712836307926602,2026-09-09 17:50:45.492563+01:00,bc6b2ccd87dd8b631c8d3daa73f9d33e6511a2fb40fd56f22fd5984227b19b47
179,0.11979187295401618,2026-09-09 17:50:45.492563+01:00,145250121755bd56ece7c9541728012e1e7038ddd3a50e366bb7f94d8e25b362
180,0.08212136486931172,2026-09-09 17:50:45.492563+01:00,ca7b00607a47ccce4529a25c8ed932b01cebf7be4be0800b120b07932b5a66a8
181,0.055581709895907036,2026-09-09 17:50:45.492563+01:00,e091ac2dcc4d9bda2fe3d32db74725e1e92b94af4111b9739307747d8aebc32d
182,0.08562388847988657,2026-09-09 17:50:45.494832+01:00,410bef59ac4d0d9431b3e5d1aac4fe1dfd53dbeb404ef38897d46689597e3479
183,0.10610032257073482,2026-09-09 17:50:45.494832+01:00,4d33d1d20f62c30a41f6d6147d6f1c7cd45fbc044c88cbb210d2c108d07691bf
184,0.08369666706732021,2026-09-09 17:50:45.494832+01:00,c24f3dd120b6b223fefc52f0a653cf732d3e792c3c66a9accd83cf30f518d908
185,0.0905635573759526,2026-09-09 17:50:45.494832+01:00,efdf8e67a54377495cffe071d028ed982f4b9e825a48d22b9e2674e01d3ef36e
186,0.07985547848238377,2026-09-09 17:50:45.494832+01:00,c6b0f30ad141c47e5078a1b8c301ece10985d6aefd2b9f0cf7e0e16ef76c5d5b
187,0.053214886372525555,2026-09-09 17:50:45.494832+01:00,81500caba9efd786d024b5d89f46704ce4117aa7bf0bbbba61ab7bf3297c5311
188,0.062202368358254795,2026-09-09 17:50:45.494832+01:00,06ec790c158673911035e7b5b25e7fc6d448faf6c571875b742ee2305feec960
189,0.16665970962431595,2026-09-09 17:50:45.494832+01:00,f26718e0e34dfd81ce2202c05c20e3e465a905061f63157d6b20b9767a961f8e
190,0.09977732577538738,2026-09-09 17:50:45.494832+01:00,eb2c74b8fa3b13a72af50206de746b7866a869dd7fe503913bf88ea1f839b291
191,0.0933175463877044,2026-09-09 17:50:45.494832+01:00,d9bcdfdc127a365048fdf8bb8fc98e3aa75d2ac0d8bc99788e6c3ed7b0ae45f5
192,0.07898824950553389,2026-09-09 17:50:45.494832+01:00,518f9c4d86a1d9a496b1d93261a11459b39cb32e2ca33f1447b8dec7cbd10660
193,0.08426642951319628,2026-09-09 17:50:45.498553+01:00,07c3a7fc591d9408e84129ac2e5191df47c33bf71a91b82ce09f73f6e68ec36c
194,0.11401036712971194,2026-09-09 17:50:45.498553+01:00,4355fd44f7d60270cf8b86d257b47550e2d399ac34b280d3ada10447f3406e7d
195,0.08515499645732766,2026-09-09 17:50:45.498553+01:00,57d12f7ea0cae1be74db642c3bc3a9e71ce4a424a542f6e8357506ebf6759f7b
196,0.08412798259534146,2026-09-09 17:50:45.498553+01:00,bc69a9c012c26e0e6866a95f0d64c2d87ab26aa28a49eff124fd9cd4201886b6
197,0.08477255439416082,2026-09-09 17:50:45.498553+01:00,9c46d3c4cb0dd72a5846f23bbbb61549282e3ce63553d5ea30b374e1992024af
198,0.04181909313872084,2026-09-09 17:50:45.498553+01:00,af0b353dec7f106bd22ca4fe59d6615ad4dcd64fdffe32b3b49c8bd1114f2b0c
199,0.06245115852782507,2026-09-09 17:50:45.498553+01:00,dd84ff29e9e83b3c698f46f5c83d13cf7819cf33291d0cf65a5259d3a5fea156
200,0.1657814775584461,2026-09-09 17:50:45.498553+01:00,e70735b9d508acf85a1e3e5e0c622d02e9bfcd2477f6e84bd5069a0fcef0fb13
201,0.10592183804136124,2026-09-09 17:50:45.498553+01:00,4eef4541748fd1fb7118119f1ef88f28656898d5509d58669b4ac50ee875931a
202,0.08241549906638157,2026-09-09 17:50:45.498553+01:00,72e8917b0cae2abed3c7f8899d40f265469b6b80e896c20858a9c61e9007cfdd
203,0.08927860357752714,2026-09-09 17:50:45.498553+01:00,056347c2ea18e2b543a9311172cad920bb28daeb925b0e98ede38bccd0aebfe3
204,0.20817505943516607,2026-09-09 17:50:45.501470+01:00,4c04bca57294bb5db65739a2f275cba26b76e7f5b7805fdfccffe02fc7bbd8bd
205,0.2204278901671642,2026-09-09 17:50:45.501470+01:00,ab4a76c8ae9be94026c98520677cb9a00e31c75f8a39cbb21304a168d4d4d4a7
206,0.22495263352636288,2026-09-09 17:50:45.501470+01:00,7929f030cb8c24c7a752cde2d1d7fc45d29868505ee67569db8f81b711014042
207,0.34644441687130684,2026-09-09 17:50:45.501470+01:00,32663305ef3527cee1927f3e41913f91012b5fda5dea7ae7577f04d4461a9369
208,0.1992930037063105,2026-09-09 17:50:45.510892+01:00,d50cb5311bf9e5871c58e8ada207969ec9ed299bfd07a26c0efd4956aaec9ea2
209,0.22865304240660436,2026-09-09 17:50:45.510892+01:00,6dea4e9e70ebd2bb7766b67157ac564c54011d5224b2be57488f3a56ff6dcc84
210,0.22911738448760355,2026-09-09 17:50:45.510892+01:00,94cbbc2ab436e1b5b7ef783e7731cb93e4fb6a88b86cc20eb7007fb00b3f9591
211,0.34293656939948164,2026-09-09 17:50:45.510892+01:00,37545aa28318ed49f88fba28055095c46cf58edc8fb4afe47777a715f3fbdf6c
212,0.09034929238191046,2026-09-09 17:50:45.512709+01:00,8620f16ccafa5740941b91508453e17ae70d7ff7a2b9e9ff4816114c4304e2d0
213,0.08075843719072469,2026-09-09 17:50:45.512709+01:00,aa33bcc96152c2b5e08df8cb540430250b9d0c72a69365d9d5f0089f15a2bdb0
214,0.05751900774375504,2026-09-09 17:50:45.512709+01:00,5532c51e695fafd17619598637aaacd3188149c6171f39d8ca8beea0b50354d8
215,0.10818607880680106,2026-09-09 17:50:45.512709+01:00,01fbef994816fc3a7536581f245cb90d0079d644776ff1f1633a7a6c72a0af95
216,0.08911008239124145,2026-09-09 17:50:45.512709+01:00,1582fa858ad52682f5ff51f5d8fa3aef0945b76197d0009962883637a2a2298a
217,0.08145918944192218,2026-09-09 17:50:45.512709+01:00,5f88d622e198fadf0857c80193c9ebe4f73d24ac732da285fb1ee65972110994
218,0.07872270376611105,2026-09-09 17:50:45.512709+01:00,8f456bd692b6f7c3ecb6cb3e2425982c83e69fd1dca53fa498c6e38a07a5cb92
219,0.09811638639893333,2026-09-09 17:50:45.512709+01:00,c59df8aeeeffe7bee3db95e6741a1ecfa9f4cd00c59e3177a3402c6cedd3bbaf
220,0.08001466023788005,2026-09-09 17:50:45.512709+01:00,40d3d615199ec7a9e8e613ba735f83ddb6e53fdb073f892058ded41667261f44
221,0.057252993571368704,2026-09-09 17:50:45.512709+01:00,84f76f070b8372d9eb17b906e09081b0ca1c9cdbeb9140c02e4f7c71ea9bfabb
222,0.10217859265199104,2026-09-09 17:50:45.512709+01:00,7d6f80a5d272ffcae84fa9ad30c39254488610a1cf88be7271c8353b3a033ea1
223,0.07633257541736096,2026-09-09 17:50:45.512709+01:00,e96ba50613f88c28ad4b511030acf71c0d7865325c65d461d9b663ceee20b639
224,0.10029236762489882,2026-09-09 17:50:45.520811+01:00,ef18c682e17f4b76b553dc684f1cc38437b716bbaf5c11425aae8a25c6f77a8a
225,0.07701394655603791,2026-09-09 17:50:45.520811+01:00,3cf7a6f02bafe7e84142f881064fed5aa2a557df4c2c42b014cddce28c73ab10
226,0.04915577899416897,2026-09-09 17:50:45.520811+01:00,31f97f3d3e93c2907e561ec4e64a7bc9f798affb9b4744bd59ed488fa62d4546
227,0.10869309755520884,2026-09-09 17:50:45.520811+01:00,d24d6289a379c9ec8a3ebe5df67fb01b1876b617c6e019b0a66f2ee4f087bb49
228,0.08931349007602339,2026-09-09 17:50:45.520811+01:00,8edb09290e92363c0562040094d2105e5e507136cd1332c0cbaea9cc3f1bcf54
229,0.07822299680518982,2026-09-09 17:50:45.520811+01:00,131d66c31e8405550d9d927501a236b2d557ad7d0fa56328aa1b2774d651be91
230,0.0732515182777014,2026-09-09 17:50:45.520811+01:00,3bfce3eedb843f1f005f00a0f1cf746ace9411d8295643a8a14662c0a8ee1b22
231,0.12411508057507543,2026-09-09 17:50:45.520811+01:00,ad02417fa68e2050b7824d8be46002ecab42340f67fa558550a2fbc38ec2c0a7
232,0.07571585054656588,2026-09-09 17:50:45.520811+01:00,2a7d04095ccb89c18db54f21fa812f93f337f2d9f1dec20d69dbb504696aaa5c
233,0.05252256614805669,2026-09-09 17:50:45.520811+01:00,504ef64ab6c2e5d119e058b7342455ab5ed67c2d9cc767cea3c4e9acb31769ad
234,0.10215885915077531,2026-09-09 17:50:45.520811+01:00,a2c253d3b26a035034ef590d4f78a4062282b200549e667e2af59d8317def157
235,0.0695444476902975,2026-09-09 17:50:45.520811+01:00,0a6003feafad272b2ce13e6f79bd6201f5fc1414f40fe9e7e0cb3472ca857f58
236,0.15793663275202144,2026-09-09 17:50:45.523093+01:00,f2d3f31cc063e07b5492f0bd452ffe5ca4944ac9b264d2a45843043057b4366d
237,0.0561037170895228,2026-09-09 17:50:45.523093+01:00,b0cfbd4cb4bc37ad3058850bfb4199ed99caa2168d57dc6e223a9afa36f71e4b
238,0.04430720290430862,2026-09-09 17:50:45.523093+01:00,955f1640d2df302c400387a3a1dee04bcdaed23129e0bc627022e10a9987e2d5
239,0.1392876637402643,2026-09-09 17:50:45.523093+01:00,d248fb59111ce088e707a872e987732044350fb726a9a04a0c7880343e0a2ed7
240,0.11374697591245042,2026-09-09 17:50:45.523093+01:00,22d9adea8247526232af382967429b4d2f7a6786645c5f871895b64ee768e634
241,0.06258863462623586,2026-09-09 17:50:45.523093+01:00,37b0809400f4a1975cb2bbaeb7113c3c87762105350b7821150de873c00ffa2a
242,0.1560714468760399,2026-09-09 17:50:45.523093+01:00,b0e865ed4c48495061352195672c7134825046990ba3880108c3c8b37c229de2
243,0.1414619388630573,2026-09-09 17:50:45.523093+01:00,5332a7e63686d6976ade63420486679f84b9329b51ae0b3756f2aca359736726
244,0.0830273344570138,2026-09-09 17:50:45.523093+01:00,bd64aaaa02dfde4090b68f3109197adb1830a6c1209851b6e74126a4deaf3fbc
245,0.04546845277908556,2026-09-09 17:50:45.523093+01:00,12aaa1fbf51ee534333b251b2e2ae65d71ef832e3187b7e9052e5d606a523318
246,0.14601436366990653,2026-09-09 17:50:45.534600+01:00,24e8bb14044ee071314989f56b5a6b8925cb01672b5e314baf2286359c8666ad
247,0.051951663619133594,2026-09-09 17:50:45.534600+01:00,70e59accfa76fcde267494dfcb246f3632204663b87471f033363701ede4c982
248,0.0439939604295249,2026-09-09 17:50:45.534600+01:00,209ff4e5cfc1c97d03cd0d4be6f48dfe9c793983519a6f1b1aec0a1fee638539
249,0.13743486149882042,2026-09-09 17:50:45.534600+01:00,6bb2603c94d3434787c8b4e3d64e7322ecabf2fa7aa7364738e3f6d589f7b1b5
250,0.11205694636409451,2026-09-09 17:50:45.534600+01:00,2aa5d9cb26273d50858dc2ca05cfa9950692e616507851c6c84892579e0b5a72
251,0.06016327822367383,2026-09-09 17:50:45.534600+01:00,7501cb6bdadefc7259d86cc11266637e3c64189cb5a34b7f4462eefd3a57884c
252,0.1520255572220252,2026-09-09 17:50:45.534600+01:00,9afe394f6117e5dd99c75b1ba011e5203940f2627e07ec62f7aaa91ca921c4b7
253,0.14548975209157228,2026-09-09 17:50:45.534600+01:00,9590ea28aa07329d17f059dd9a457a81e6f08e0b34da6b2e38c97d3a75d0ac22
254,0.08926223982702415,2026-09-09 17:50:45.534600+01:00,1aae2312f322d81aa33979f5784e34b64dbeae62ef30b9835c885b8aa3e093dc
255,0.06160737705422455,2026-09-09 17:50:45.534600+01:00,fd184f3e4209dfb934206950b5da3d569bfd6b0b2e88021c5dd398f0f81f0f23
256,0.013644839985506347,2026-09-09 17:50:45.537700+01:00,45c8172e17c86b562e42144ea1ea0956f37fd90d8016b835e59739f8ea98f4e5
257,0.08647206151713689,2026-09-09 17:50:45.537700+01:00,093dec54695a86fdce9decc75aee599d775fb048d65891ab9118f79e6176c468
258,0.16116688865822895,2026-09-09 17:50:45.537700+01:00,58c1bf34ba3330bbac7d6185ef4f409f8bf2a65a5d7de843567c944eda8167b6
259,0.15829044592674155,2026-09-09 17:50:45.537700+01:00,bccdc9f6356be464a7b1fcbda7a5ee171ca982fcfdd7ed99d88b8e9a0b0f7aba
260,0.1453485951950353,2026-09-09 17:50:45.537700+01:00,cd86b5b7e397d428abcb1e3a10bd4c314304731051b748e20b751bdd32b3b1e1
261,0.12517532239030785,2026-09-09 17:50:45.537700+01:00,5c6c41292709771dfb49c9cc07bfb15da0d20651c4b7ccbe3cd273f7ececd6e8
262,0.15123142104703163,2026-09-09 17:50:45.537700+01:00,319c4b1066e5cc320661d653f3ca9a85015cb358ebce8ba082e23ce18e1a96d9
263,0.04019465280893687,2026-09-09 17:50:45.537700+01:00,1d1df21699c6cd993fc8329ba2c812a4c526210349b71543d26457262f9f1303
264,0.11847577247107449,2026-09-09 17:50:45.537700+01:00,9d9af424d38dda3973f3c13370bd5118ed5fb557a9a329313c224c78cce9cc85
265,0.037944381807606425,2026-09-09 17:50:45.549734+01:00,e6e5fb2984d75e76ab4850fa8ac2aeaab08b5552478ff1830b241350a3bb6b67
266,0.07923212445842852,2026-09-09 17:50:45.549734+01:00,10d3986d87f6fdcfba7d5bc047fb18f0ea7c11414abc4d49fa8e20f5f77a64fb
267,0.14409034196279083,2026-09-09 17:50:45.549734+01:00,803016a29f9017b426abac61cee655cfd0156cb92add77beb562cfbf10eb06b9
268,0.14569930349970042,2026-09-09 17:50:45.549734+01:00,e0bb46ba1a2020f2ca9991bbad90e88818ff46630bac3cc265f784c1906ca06f
269,0.13768306652046347,2026-09-09 17:50:45.549734+01:00,8148e0890240c40db00f17b5dc8cede9f09d577112445dc674f41b5561e5abc2
270,0.1332248678307213,2026-09-09 17:50:45.549734+01:00,2496f45899ee87620bbec6b417391cc572204019e5136ee61b026dba6eec95f3
271,0.13975832305622107,2026-09-09 17:50:45.549734+01:00,ade0abfcaee7c04d5ac928b053eb5176ec7cf6f5435c86914cb57d3aa9cefd73
272,0.04507679337589823,2026-09-09 17:50:45.549734+01:00,7b62d4c0406528c40582cf81ebe53c3827d29f87a8e9392a240e0df80311fb0b
273,0.1372907974881699,2026-09-09 17:50:45.549734+01:00,307f1bb8d002ffca1c81b0a17d4de3be4d49e8e0d6b6259f425bb74d6b1e076b
274,0.0554994606661887,2026-09-09 17:50:45.552238+01:00,23842d3099811a164627686d11fb4c7e948dd9a6dd60bcdcec41b2a3349a72a1
275,0.06114070814522824,2026-09-09 17:50:45.552238+01:00,9c2565af5690aa55a099310bcb10facbe319255d12e84cb30a5c3bfd997ed3e6
276,0.045542116572421146,2026-09-09 17:50:45.552238+01:00,0aee381d18895f43ec2c5755e5d897ed74e5b75fdb26052a00e6f13209680300
277,0.06050122929579712,2026-09-09 17:50:45.552238+01:00,e42fe1ff10f0b3e27e6c3d2befbaee12410c9167382cb1611d41eaf37ccbb855
278,0.05844109725172473,2026-09-09 17:50:45.552238+01:00,a1765221803e2c0962925724014eb060e76645dfb9f3fc6004f478afd0293169
279,0.09169196384277345,2026-09-09 17:50:45.552238+01:00,19de34fb13f74852c71ac1eb11f7584b0bb5f8998bdf17034ec06f9369f9ff44
280,0.061917731892933266,2026-09-09 17:50:45.552238+01:00,6cf636e3a50c8cd27001ac4c5db9284e1ad5150b86300ce164cc7a4186822d7d
281,0.08460304711052309,2026-09-09 17:50:45.552238+01:00,863c5653cb002be3666225cf654fdde5fe7af9a7fabfc1a93d2673ba8410f0c6
282,0.09018399253953996,2026-09-09 17:50:45.552238+01:00,beb05c1804b2891aed76cd54d83e7e0d1b7fae6228062354371db4240cd1ec77
283,0.09099942417307474,2026-09-09 17:50:45.552238+01:00,79d1a7daf4a5d53bad943f5a73e3e1408bc6f93e8416f677a78e05687ab996ed
284,0.1299978361393243,2026-09-09 17:50:45.552238+01:00,79c9b1cc77eff1371af9bef88a604864b8dcc7d52dc5b365aba33309d1dcc1ad
285,0.13477957178584873,2026-09-09 17:50:45.552238+01:00,bc99db73921769eac49cb60e6fc712164e201fe83c760e71e9ad9d4891f16a8e
286,0.03470182058462254,2026-09-09 17:50:45.552238+01:00,cbd8a1d49743841c69a6d42685a945b2bc668feca705f54389a8a897cdb011ce
287,0.06610816655963395,2026-09-09 17:50:45.562232+01:00,82a0196d1d16c06aee99567c4e0463cef4c115747d29f129b4570c9b48b71a53
288,0.06004124730719176,2026-09-09 17:50:45.562232+01:00,c887bdefbe156468f5bb423d72c7e6d649c18ce905c38f597e8bef87274395f3
289,0.03692431853469831,2026-09-09 17:50:45.562232+01:00,1182133b12fc06a7abc7a29d15b0001fab311504fa41b2eafc686d580d84f80f
290,0.048812130299056844,2026-09-09 17:50:45.562232+01:00,8ba903a2409b7fb761ddf86b6140f85c22538bc1dc06543dca44882d2ec5d46d
291,0.05093397548691422,2026-09-09 17:50:45.562232+01:00,293ff917cb2bfdf292bd7949b2efdbaca5b264c4667be1e86c72534d491fc135
292,0.09780814123179818,2026-09-09 17:50:45.562232+01:00,e1b4df37d80410130ee6ac740ce9fb62d812dc3819679aaa7730292b1cc5b7c4
293,0.05963886396227842,2026-09-09 17:50:45.562232+01:00,65d712a61c9ceee1a1f62aefc15f008170f84ae152174e1aada289f18c4d9355
294,0.0975364559692053,2026-09-09 17:50:45.562232+01:00,1c26f6fb27c34515a906db6ecd200a9219c251473267d767111d7d9fd180a778
295,0.09355414393422402,2026-09-09 17:50:45.562232+01:00,a0ac1c84753ad070a09cb20579e23861d0260f1400ad8c8d3f0f8374ff3a54eb
296,0.09379665105590156,2026-09-09 17:50:45.562232+01:00,a80aa3ec9b9ae4f86d06d6d8b27dba1a3107d3154635563a6e282c381217576a
297,0.14068403768372537,2026-09-09 17:50:45.562232+01:00,ddf71f32639bccc10dc725c1c94001281119435e05644945f8d6cb40dec0b18f
298,0.11191619019690675,2026-09-09 17:50:45.562232+01:00,0a6f725881bfe21aa49964ab4ac4d91beeaa0099cb992884284c8891fafd99ab
299,0.04224567777846529,2026-09-09 17:50:45.562232+01:00,ce0ebb22d31d387a6b3647b8042eb58542be576f3a64b731e901a75162352cf3
300,0.13179521655774315,2026-09-09 17:50:45.565063+01:00,392350b93b5995baf08fc077d0cedaa4e22e5f941c562d9b4dd948c8f23b077c
301,0.058409817980677695,2026-09-09 17:50:45.565063+01:00,8e077bd4f7af76dfeb637263233d6c02e052cd39b95081f76984b666e0e652a6
302,0.22268901062514795,2026-09-09 17:50:45.565063+01:00,c2ac2f2556aa81158db872b8ec336d469e448b79e6755e95a1e668fdbc671ea2
303,0.16224843976256492,2026-09-09 17:50:45.565063+01:00,2ad7c1cce3a6f871a8a60b605081a940b63806b1f9366dd7a3cf74be7f9f1264
304,0.12574181488897118,2026-09-09 17:50:45.565063+01:00,82bd1cd32eedf0e13e15ccba808c7ae4941be78d5f02cf2fd91ae74b7af51144
305,0.04381753179525034,2026-09-09 17:50:45.565063+01:00,7ee68ecfc974878846ea5231826bb320a7497f78dc0abd804703e974e792e8f9
306,0.1078098945733493,2026-09-09 17:50:45.565063+01:00,f29856c82b8e2ac3225074fc08665e816e855f1dd233b7be896851296f9751a6
307,0.07015788854515145,2026-09-09 17:50:45.565063+01:00,bf27b91fa2fbdda12a24e29c6be60ee045898e419913b27cad48ac1649c35d05
308,0.0773303852711441,2026-09-09 17:50:45.565063+01:00,e2334cf2b0b75a13eea8dced5ccb999d551b33d31d6d503b112703730f90939e
309,0.1364008684789574,2026-09-09 17:50:45.573847+01:00,2d432963a9599012d6abf7cc9840d89ad3eba557bb99dbeec4c54e3bcbae4ab5
310,0.07414522663096143,2026-09-09 17:50:45.573847+01:00,f44bc759b7a9542649308cb708286815400cd8c531250b667cce1e9cc31b5b78
311,0.1921571798089313,2026-09-09 17:50:45.573847+01:00,4f411fed785195be168f13ecaff0ab7c47424a15930afee9844a8908c51383f4
312,0.16524412616053474,2026-09-09 17:50:45.573847+01:00,52100bb859ed1f245369bdd0de3569c9a25426d8fd8c85c912629aeb42cfa5d0
313,0.12786795489969852,2026-09-09 17:50:45.573847+01:00,f6b122cecad4105dee3433c9df5396041b5233965d8a4f2cfbc03d6a38e89ab6
314,0.04460683040059293,2026-09-09 17:50:45.573847+01:00,904b9e68eb00cab2def7e9864546e1b82a8a09e3f5634d356ddd746752cf51ae
315,0.11137447770719769,2026-09-09 17:50:45.573847+01:00,103725c7103268509e2b11b4a003c35029da0809c37d7dec6722aa81f78e5563
316,0.06966785440798205,2026-09-09 17:50:45.573847+01:00,9740456c07487878740ff79bbae04fab9757335f434c7e0958015e04b7cc20c5
317,0.07853548150514394,2026-09-09 17:50:45.573847+01:00,76c4da5a96619df8b1abd1139dda6c8d5db8647d76d976948aaefe5aa7d621a9
318,0.21349249542743604,2026-09-09 17:50:45.576041+01:00,b08d6418936d9ce0ed833b8540dcfb35656d75627c39d62f2897061555544206
319,0.07681507111330305,2026-09-09 17:50:45.576041+01:00,e89879fe60e9c935fc0dcee9cf6ada4252dcb7575689e18969b596c3a22fa0e2
320,0.4556736582271949,2026-09-09 17:50:45.576041+01:00,3b6d8c1279845e74389e8c8e3ed3c02a845fd3a55449267f1c88a50c7912b15f
321,0.14827327258785014,2026-09-09 17:50:45.576041+01:00,270ad6d3052eae0edf0ecf90bbbd317e9f1dd1afebbadec481b89ed717abc4d7
322,0.10574550264421591,2026-09-09 17:50:45.576041+01:00,e54e9a98c69c93cb3808c74d52ff171210b3d6dd470b9805c477ecbeb248cda1
323,0.22974570739433,2026-09-09 17:50:45.583993+01:00,360a5f163f8bf3fa99deb8ad07d9650e96f5eb4e66c4bf2666b391a49444d6d2
324,0.12955881529692287,2026-09-09 17:50:45.583993+01:00,d674356212f713e2b6b575b4b5e3a8c9c33b1a7b23af729bcf5787bc0719cba8
325,0.3261151184273756,2026-09-09 17:50:45.583993+01:00,598b687de778d21235d57cb9ab7a6a24a1373b7564ef227ee316b7fa6a007727
326,0.16768805172097878,2026-09-09 17:50:45.583993+01:00,998a60b72b2b33c613cad1f397d0818d5af785f7aa42b31ed2f89f160de8a542
327,0.14689230716039273,2026-09-09 17:50:45.583993+01:00,47804e71a6ba601a6d63e0940a1193ace32c95ad71e4ac9f5434f57a41e7bca9
328,0.05062871777855962,2026-09-09 17:50:45.585485+01:00,e2344e3dcbebd41824ae6cebb2c34a0edace052a51225ea103a9b4f35a82ff3c
329,0.05506416964946437,2026-09-09 17:50:45.585485+01:00,05fa668f104ea88d1930b20019bbbb508e5eaf404c54618f70af43fbd4e7aac0
330,0.07433380025710785,2026-09-09 17:50:45.585485+01:00,a6d6da730366118aed12a06628905825067b91167fd76baa4188917aa664f2cd
331,0.05331299245832648,2026-09-09 17:50:45.585485+01:00,7105a5e1bf76622a2dd7782de0377f80831574e56302ee4aad58a983b2108477
332,0.10004087525856821,2026-09-09 17:50:45.585485+01:00,ea4d102bf60b8444207896ed626cdf85af92f0410927541ea01eb9763f57a0f6
333,0.07544936240556709,2026-09-09 17:50:45.585485+01:00,2097df3a117a373d7d3b352bad0e875a6031f632badf408483825940afc26ff6
334,0.06856203914567532,2026-09-09 17:50:45.585485+01:00,e6f723f0a50e47cd1686209a7abfc8224276a5167d7813a79988909d774fadae
335,0.1922859096762228,2026-09-09 17:50:45.585485+01:00,dbe161105d07a4f3081691840efe589fc92d90d9070cdd3c6b47e5db16255f25
336,0.11865280073920989,2026-09-09 17:50:45.585485+01:00,0e26a09961735ecf894751f565fbfae8d7aac29210c991d5f95e9f6f08c7236d
337,0.13448787468136467,2026-09-09 17:50:45.585485+01:00,3c3aac3d24ae5b2b1c44b08e8df7e43fb43858de363b650d485c5fabe9c900eb
338,0.07718145794993381,2026-09-09 17:50:45.585485+01:00,4a11adf9423a8431ce5d1426dd579692c865fb947584c29b99c2562713f95369
339,0.049489669170426805,2026-09-09 17:50:45.595005+01:00,4c649e6ba6fb3b1a6e062916f705c9976df1f9166962fc70edf16966bdafbeb0
340,0.056394663948786186,2026-09-09 17:50:45.595005+01:00,1777140b390280ec9b09d0537b26c4b298116f87d3af9ef6df5f26f1c2535f19
341,0.07517141666607366,2026-09-09 17:50:45.595005+01:00,259a59602a67b0374e0d909d7c50014742b8fd7b6e518048b461d53c13f4537d
342,0.05419030197720532,2026-09-09 17:50:45.595005+01:00,5f55f5ecc77dab4d1dbae08de3ed0384f2eb987077355fa9d6fb1fdc8bafaadd
343,0.0946274399314686,2026-09-09 17:50:45.595005+01:00,8afab5453ac1fa4f30c76670c78a3a1e9c42f8a5be42dfa0b17777b5ba14f825
344,0.08172459460907103,2026-09-09 17:50:45.595005+01:00,470279ff766c62fa93c64afdd33a41e02566e8e0e6010f1e2f00f2a1ecb30b58
345,0.07333268961864402,2026-09-09 17:50:45.595005+01:00,200942152c1c887b6bdf73c5ceae00125dad0d001a5b6e50bd79e49cee945da4
346,0.17079168483066642,2026-09-09 17:50:45.595005+01:00,a210ee4c3a2fec62dee7f5c99a13f413bf5c3da54d94ff8b91f7c7d901b24e10
347,0.13978760503453963,2026-09-09 17:50:45.595005+01:00,69a752a82b25be1a8f61656559b571960f9c043492bb7b082de9ae256d1818d2
348,0.1290104076108188,2026-09-09 17:50:45.595005+01:00,c837d9bce323efb7eadea0d207d1dd96104839c8405a3fa9667ead14fd22bf0b
349,0.07547952660229959,2026-09-09 17:50:45.595005+01:00,fa7a0964b61e179a7a891bc3ab660fbd2d8ca51fea0f9692b138c2c6b64a1f11
350,0.08616029937300718,2026-09-09 17:50:45.598460+01:00,084dd5c638bdbf770ce33c0b67f94a993e08ce2c17a33eb00add15d6780861d8
351,0.04983998531654994,2026-09-09 17:50:45.598460+01:00,b49572a51a3d5e3d23e277a719e09c65d00ab37b1270ec056537b2c613c767ff
352,0.07416384221172018,2026-09-09 17:50:45.598460+01:00,7adc16218bc48db4f8a8db3147abaca9ed18db9f8960ee81bd6bc2ad544c8385
353,0.07713549050618941,2026-09-09 17:50:45.598460+01:00,9e3da175d96169cff15a8a2729feb51285ee3db085dda9bb3e722e29c3ab1669
354,0.1021870330953466,2026-09-09 17:50:45.598460+01:00,a594ab9565d140e9623acb4fd41fa9541890c8ab178892c1b63cabd72466728a
355,0.039894467171907734,2026-09-09 17:50:45.598460+01:00,edc9ce1c93f2395dcb595b64b458c12c2d7ef059dbced9225b4726f3085c78bd
356,0.10668115594016078,2026-09-09 17:50:45.598460+01:00,cff9cf17d63eb853c82e678c43e70719aff39859bf971c10d76220baf06cecf8
357,0.06630412032300143,2026-09-09 17:50:45.598460+01:00,a575b3fc76617f06f7f54965dd316f3d6f79cc79ae65eac7b076231b8043ce12
358,0.07512461398181937,2026-09-09 17:50:45.598460+01:00,aa8c6c1524b29a6856b0eb9d703352172cca2974074c679e5a2081c28e08652b
359,0.058147455005174445,2026-09-09 17:50:45.598460+01:00,95ebb350f6fb69d3ccccdc94ce37adc16d607f768fe21c076b2cdf8a638d19ad
360,0.08191133557624701,2026-09-09 17:50:45.598460+01:00,3cb6a873687ebce871e91d7095505b59815dd5addc1fd0f34479ec3c975d8122
361,0.050576734660713864,2026-09-09 17:50:45.598460+01:00,3f6eb30333b07ca9e61e61ea6236708f4b0fcf86fa2779c352a0dc572b9f1bb8
362,0.02275126352548588,2026-09-09 17:50:45.598460+01:00,a1dd7e15b28bc647a662918350010916635ad4365504c34a6a62a0b0a0ca48ed
363,0.026088008378799727,2026-09-09 17:50:45.598460+01:00,4100f445af2a808158ba0f94d40b22f3b2cb4ac33b57e795eb315ce36db1fe83
364,0.022041267596025864,2026-09-09 17:50:45.598460+01:00,e2b8490790c126852f74b2c0e599922520cbb0067dfeee87c4792e7016543266
365,0.03459894868055753,2026-09-09 17:50:45.598460+01:00,e761fc279700e1fe1b3642a0df3434649cfbe75cb5abfa27ed080fd5c00ae5f0
366,0.02639397865729321,2026-09-09 17:50:45.598460+01:00,52e8455c742584d04781734ddf759f60446fbac8b35f52128465a0ea5b7bae10
367,0.08874366197574572,2026-09-09 17:50:45.607572+01:00,e5e9e8b46dec06db9981e80284f24a7c7798a2f28810510178ad219b03d78782
368,0.060749215278098366,2026-09-09 17:50:45.607572+01:00,be358114a1aae6f8c64b95cc0a0323a093126d3040d075c8b16531d5128cfe46
369,0.07678602142465847,2026-09-09 17:50:45.607572+01:00,517d533306d612935c91c8a20cfec1239d135df485ca3d979d72ef51dec5c584
370,0.08485971596152068,2026-09-09 17:50:45.607572+01:00,fbc398c92541730be87bd49e77e874d8c875314484e145067c3a8982e05b36c3
371,0.08724579586576785,2026-09-09 17:50:45.607572+01:00,90ecee353e234e0bb646d68bf312224f3f94e3c40370faa66c0f5f65d88cc137
372,0.0444533005001146,2026-09-09 17:50:45.607572+01:00,aa831c3669a480ceb1395ac6a8858367b388297a07e355cb715f70f199e66d3a
373,0.10660874156634932,2026-09-09 17:50:45.607572+01:00,a8b5bb1254288d2ddb70f792f47336c62d3c2d919e87680847cc08d37e1cacc1
374,0.07275473072343663,2026-09-09 17:50:45.607572+01:00,ac5a155bb9d63609cefd39ec87df36e376aa1696a15aaa8d924fb9b4dcc8a3e1
375,0.07416528430554808,2026-09-09 17:50:45.607572+01:00,413c4375c0c1592ee7cac4e7154049525a567fe415db1a5ed934ef09b93afed8
376,0.058390748740779465,2026-09-09 17:50:45.607572+01:00,7e5d66b266b1bf16e9da9c1e05a58418a37fdd7fc1fc181bdf52626e1a15e43a
377,0.07634319905944865,2026-09-09 17:50:45.607572+01:00,edb2b576b045e3a635a5a1f4d20783e683c60665585db6706274f710c3d62af1
378,0.04940057392436792,2026-09-09 17:50:45.607572+01:00,fdb86a2a8ce39d778645ea2f3609b49b70baa143bf51c09021a393bc4ff5df13
379,0.02247280267335221,2026-09-09 17:50:45.607572+01:00,280f5c31ece7cd697a137f1f48db01e7c479bb2ffccba1798ad9fec4d91596dc
380,0.023762026728493542,2026-09-09 17:50:45.607572+01:00,eeee6519cebef0af1e65f9d70904cb87f81dc4cc3149151c485b6e11d07340d8
381,0.018608962358699795,2026-09-09 17:50:45.607572+01:00,c562d6a88d3dcc302e7dcac0b59e8db17ad96d38ac1e38e198d2dc1602164b4c
382,0.03148615509065615,2026-09-09 17:50:45.607572+01:00,2c9edb4a3b4ea97a031370b441803b3e1f04a45892b92b6d9f7d10552c0db784
383,0.02316906382296239,2026-09-09 17:50:45.607572+01:00,6e62e1496e33ac8676c52a527d43cea161ece49a98836a9a65869b60deec2cb2
384,0.16735977622707904,2026-09-09 17:50:45.610467+01:00,d9bd96deb63b5b6d4e34766b956d54f888eee7ed979bff214b6bffc4edde9083
385,0.28741698973810587,2026-09-09 17:50:45.610467+01:00,f14e1aa8a1fc850004336ef9ad8db5a768ec06c832eae279f3e3b4e6adba3141
386,0.1685746289617125,2026-09-09 17:50:45.610467+01:00,abf126279b77865f6c09df9649e3c868fab24ee34218191079b485a71f252a08
387,0.2027219427574748,2026-09-09 17:50:45.610467+01:00,7b0813811ee9c015305f639fa6ba40656c7ed018075f5f8b7f7b7cddd06965ec
388,0.08574134226075725,2026-09-09 17:50:45.610467+01:00,5910c0078e44279c56c118356542806d5c2491331d17de025c3d19934c178113
389,0.08818532005487076,2026-09-09 17:50:45.610467+01:00,956316ed8ee6a1dd2afa85de5c14a6b17c71c072a09126ff7891ec93ecd94669
390,0.12529719297837852,2026-09-09 17:50:45.617145+01:00,76dc2653be98bb501a476c6999f3e6d1b81bf43e5ac1b7d373b3c56a6e5fe44d
391,0.2572540053529566,2026-09-09 17:50:45.617145+01:00,27806079ea873caf01a3aeafcbf7a2814a881b6ead6beaf4d5d590d170fe8712
392,0.17528381783224511,2026-09-09 17:50:45.617145+01:00,a763bc4bf063bc371b421484739bd8aa524b00dc7078b90ce64d2a17ad9ddd84
393,0.20474567892038043,2026-09-09 17:50:45.617145+01:00,ee6c397ef493a8a6a2c290aa7ffa93fe990827ed08541a8456c30d8e187abf2d
394,0.11288976188160038,2026-09-09 17:50:45.617145+01:00,9338ccd93715c1639cfd44f0e049d1801274789df9d006b338264091bd21f29e
395,0.12452954303443889,2026-09-09 17:50:45.617145+01:00,8ce2f4393bdf294cdc3a8824ffcf1f037ad221ddf4665fe185037a3fb7500808
396,0.1273034346381935,2026-09-09 17:50:45.618559+01:00,2c051a5e7042ad41e71db0f3b393a1cce7de294e00de31a8d596745786a9fc56
397,0.13539204465408552,2026-09-09 17:50:45.618559+01:00,59931317f102596ad3832df5669574afd8bac9aa0b87a66527f8eac70dd850e5
398,0.05593172350890001,2026-09-09 17:50:45.618559+01:00,31e169fbb0a273c13e021f9b8a5eb14bc082012ad5c8de0aab797e9e4d49f000
399,0.08988691250975757,2026-09-09 17:50:45.618559+01:00,8a7eb5f92082d2b903c7583403ecd7eb2eb9202853ff50f6133fea07cd0699f9
400,0.04704895196079607,2026-09-09 17:50:45.618559+01:00,ddb02e1ac7e905b7ca79e04172f0cde1ccaaea6e13d91fc160ee464f53a675fa
401,0.06174711879744,2026-09-09 17:50:45.618559+01:00,4c94e62b9a3305443e4a44bfd2e8bf6a211ffad8db0bee4326cf13e112db5524
402,0.12872728048485493,2026-09-09 17:50:45.618559+01:00,ea708d734aede59479511b645e64fd1a8dc3e02eba079e27fd04950699c648b6
403,0.06841413959717292,2026-09-09 17:50:45.618559+01:00,1871ec78324f149eb8ee24c9ad1ce1472fc20833c378d2df64fc9a6040e6defd
404,0.0827750810092019,2026-09-09 17:50:45.618559+01:00,e23516a20a06b1750cce9e4c1fc3ffa6d693db1521b966859a900f700fa206d2
405,0.07121987955416367,2026-09-09 17:50:45.618559+01:00,dfc68a811c32568b2097ed24d7a6dab702f0e28cbf9dc268df2225f333b26191
406,0.13155343328543384,2026-09-09 17:50:45.618559+01:00,0eebbf71320eb850aa2155aba6f3661603a8330464d895e12fd5653cb532e864
407,0.14736560087203662,2026-09-09 17:50:45.623737+01:00,64cc79ca12c3e37a72d7d5f2e459a72cc59bde7c04d7f5a214f4d91a8d6b19f5
408,0.1277645995506269,2026-09-09 17:50:45.623737+01:00,fd8873c695eafd05462ca67af725a8a9d663924860b94195ee0d487b865b9c65
409,0.046342834845258904,2026-09-09 17:50:45.623737+01:00,fde9161861b2af243c95ad191e3fdfd959e25bc45977f7234e00baed0c0f69f5
410,0.05947722981394672,2026-09-09 17:50:45.623737+01:00,c94d4ce3058f2459428141c396cd8a78c2a8fc4b11fa7f5cc94c4579fc38bcb3
411,0.04353080828349451,2026-09-09 17:50:45.623737+01:00,e722ff2d5c505207437238ad958eb21ef65c75753be367be8826d32add6bb5ad
412,0.05431201299931286,2026-09-09 17:50:45.623737+01:00,9a74ea8cd097543ba2de855eb8a1baee7ba490f11f29f1fb72920b7806ea1ba5
413,0.1486788352296991,2026-09-09 17:50:45.623737+01:00,380813d34f558a5a318b2353e86553a92e731579f75300f425eaa51835df6330
414,0.0700082001649616,2026-09-09 17:50:45.623737+01:00,baf16b8da98da7e8a579c54922041110722572e37637f4de95af3dcf41705ba6
415,0.08760224619488333,2026-09-09 17:50:45.623737+01:00,24fc355302051a5a991ff7c3ea641fe8f0319f49036342a586a45eb7f890b17c
416,0.06967388343600328,2026-09-09 17:50:45.623737+01:00,e622d5d5500cc5e289b10afed8aec627ca9b35becf16289fc19e5d6d71441657
417,0.1452437486097761,2026-09-09 17:50:45.623737+01:00,8e89218024dbd5825d4a2e9b7dbca44f9b15e3f913eac80836b7d24af1a8e775
418,0.02058502083043569,2026-09-09 17:50:45.625650+01:00,44946d89b99c61e71901e8270978affdbeb9503d69e1f436654487d2c482f636
419,0.056951253458908925,2026-09-09 17:50:45.625650+01:00,a92f99f6654d9941cb53c4a4c429991e75b67bc07e984d4bf64aa1cf595d425f
420,0.034702287563955304,2026-09-09 17:50:45.625650+01:00,bd40dc8bcf2f74eebc4d1b898aa8c490847a04565b2b27e11c6ed09ede183cac
421,0.11418256795239362,2026-09-09 17:50:45.625650+01:00,da483505698fc4e0b834415cdd6672c31c58a46eb644d5055007e55f060cc967
422,0.07269633100798512,2026-09-09 17:50:45.625650+01:00,b8c63b718d5b9cc0b9e0a6bf5ab752efb8610abb3fa341653ce9f5ac72b20a17
423,0.05519149366833034,2026-09-09 17:50:45.625650+01:00,4e94bd9a07da47cb2efde29d60993ba5b13338dec1caafc05706f3b009c210bd
424,0.07209836557908576,2026-09-09 17:50:45.625650+01:00,b900b7dc1d91f58cd171f90e9c3adcd433e5b12aef3002a52aeb6f86c79541cb
425,0.03725223881990975,2026-09-09 17:50:45.625650+01:00,63006b1f57fac710e87d4b83cb693711da217ef4e2713f29d5fe105618e12a8f
426,0.051529854662367584,2026-09-09 17:50:45.625650+01:00,7957a0e876084874a2623d1f0f8ea045db283afec7ba2e083d33af589af300ee
427,0.05074596677021655,2026-09-09 17:50:45.625650+01:00,8ff86d2649fe7057b15245571ac81f1bd6e439453a92d83d29c67a327e740a0a
428,0.04175947047403933,2026-09-09 17:50:45.625650+01:00,760a7341c901a4fab2b17567b56d6311d221f63821815495a654986fec5fe72b
429,0.03884876017714904,2026-09-09 17:50:45.625650+01:00,e0be83bf28760c5856d9b91de0ae5703d51edd89e02e725bdd901a3bdc5173bb
430,0.036467885385182405,2026-09-09 17:50:45.625650+01:00,07954b3ef2dd60a57497f5347e921176daa25d39b5cee0fcdb5a1227648da991
431,0.02143270966684535,2026-09-09 17:50:45.625650+01:00,5a606c6ef3807404edaa0b4f067f2cb8164bdcd28909b1ef5afa84de9f8bf2a0
432,0.04502503734687162,2026-09-09 17:50:45.625650+01:00,fd28f31da5e85a118224c8b75350b17917ab3a1507900737f606a7827a941b4e
433,0.06937987116240073,2026-09-09 17:50:45.625650+01:00,acf289c6af251ea9be63f85f18e4c093debb37b9861ec567a5f00a5ca811d124
434,0.05694704525924745,2026-09-09 17:50:45.625650+01:00,a8c815b6521fd8ebc0f01b94cb9f38a7463ea7020e0553a567ef79ede30256e4
435,0.0181797320721291,2026-09-09 17:50:45.625650+01:00,c0d0ab305c12db7ce9dbd06e7b03663bd256e8a8e7e3e1c161d4d865f2dff731
436,0.07022152585318522,2026-09-09 17:50:45.625650+01:00,e4c15b0cd789fce4c7b845a1328aadfbc92e896de30ce2e2ea5d7820e1bf9366
437,0.035802582289361194,2026-09-09 17:50:45.625650+01:00,ecac4c8aa79cd08f852675f64de4109fab07f10f06038e00f2ef135411a46468
438,0.021974514224395354,2026-09-09 17:50:45.633878+01:00,0c715eacc37d9ea26c5788e9c8032e9f14571408ea24b9071b232bd77d2f35aa
439,0.06413116279334155,2026-09-09 17:50:45.633878+01:00,ecd175cd17d97c2c37bc9b19bd2afc0f324d80e6f6b9e1a0b668365b31df96e8
440,0.03786890813691803,2026-09-09 17:50:45.633878+01:00,5aad54b29c9f5d0c820587187d4e6f80f05a04e0c7fab797195f0ab3058be644
441,0.10437412605110885,2026-09-09 17:50:45.633878+01:00,3ca6a06222b5f8bc192a6af03c04fb4270e03339b41ad7435a77ae8a1506cb2b
442,0.07187462563217013,2026-09-09 17:50:45.633878+01:00,eb8a51adf70deb211b155297abdc0274a3f5c3fedcf90c76f2dc8e9450ef0375
443,0.06266050033336444,2026-09-09 17:50:45.633878+01:00,e9a5c0d22ea3891e77eb59a2b1e2baf546ca51f5c9c6637c50abd2945443e386
444,0.0621523597343786,2026-09-09 17:50:45.633878+01:00,69418e6a6100308134a6ec4e7ffe260b0811b79de3442cad9d3da7f32a86a1fd
445,0.03821893861972842,2026-09-09 17:50:45.633878+01:00,fd6b68502de692b09d4203887b25a8b622b2e5e99c3a7d8acd7d56d766960fc4
446,0.049059794684402774,2026-09-09 17:50:45.633878+01:00,7b2efd565a6f54a1a8908e4eed682a63795feb8987b4ff417ce765e3d070456b
447,0.052877380303827715,2026-09-09 17:50:45.633878+01:00,91ad200d5a34ce79b15f4ed41e7f359d97ea3a44a2ce3088654c176871420eb5
448,0.036625126149278084,2026-09-09 17:50:45.633878+01:00,fdc49944bd782ba10c4889496c2497b7ea999fbf5b55cd9b11022bda2c7cc63c
449,0.04381523141811408,2026-09-09 17:50:45.633878+01:00,c1a31bfdde990cab05f9ebddf46957323f094a5efc7fa921ef5f0044c4e9e256
450,0.03125278773772583,2026-09-09 17:50:45.633878+01:00,1d27b7b94a4461457af83a5435719107e8b10681b015bc2efb60948323aa098b
451,0.017577466123670067,2026-09-09 17:50:45.633878+01:00,3700100e2bfb06460b9cf917388330360c83136e439861e24689952476d17a81
452,0.03548625415414587,2026-09-09 17:50:45.633878+01:00,5bc02ef5409b01dcdc06b5db0f7d5d0198f0bd141be480bf2c40d215ff696fbe
453,0.0694032714027398,2026-09-09 17:50:45.633878+01:00,cd96c8fdb0e2a2dc7dfbd1e9b179248fc089220102bc0eeed1dbd318de545e0c
454,0.0684238639784512,2026-09-09 17:50:45.633878+01:00,7a02c0b9904942ee1279f48921f62caee2b856b646cf9e34744f79a86543cdbe
455,0.018085351671219958,2026-09-09 17:50:45.633878+01:00,40ed828ce8e463422f1c250e71422857b9e966d50a79868d88338eccd43a5ddf
456,0.07484649264573036,2026-09-09 17:50:45.633878+01:00,af4728bd4ccedd53d27d8f2e77110a12d356a46d90e1fbbde0682e58b1b3f899
457,0.03929184420528889,2026-09-09 17:50:45.633878+01:00,50e9dc31aa4c61533a03b2e23555866398ccc51b3e0815436de361a5b02a1580
458,0.07460283789061219,2026-09-09 17:50:45.636983+01:00,7379e6d82361599aef9ee6b52a3eabedc58d164395ae3dfb2de9dda9c6eac93a
459,0.0700001432779288,2026-09-09 17:50:45.636983+01:00,7cae3560af23ae32c4fc7b751af4a6c1f5c1f153cfc34c272ab09d1669bb5e8d
460,0.04162698209547187,2026-09-09 17:50:45.636983+01:00,19f24aa7a35c64e126be36d6c51d4324980389b05c713e014257964e335a35c1
461,0.10994015647561672,2026-09-09 17:50:45.636983+01:00,6c821658b9c6f6bea5cf900eb22e3ad09cde2afa10483eef38707fdecab350b9
462,0.048490653710624956,2026-09-09 17:50:45.636983+01:00,a6d83a063c912e152bff6375ac476cd3cdd58305c9eb6b2e8d90050f13bd4afb
463,0.09393348874264729,2026-09-09 17:50:45.636983+01:00,57c91535bc2a2f13f90c1d699c308acc5dfae6eb4661e637afc320517f35b192
464,0.06113779225263441,2026-09-09 17:50:45.636983+01:00,a4fd05b93d2549a1adbf16a86d8ab1ce5cfa747c49205dac0d2d7c46b4ea8181
465,0.053901677824924,2026-09-09 17:50:45.636983+01:00,6838a5798d00b8c4a5a652a7fb1700cb5bf1bfc7023723e8c33db4359b9ce9e4
466,0.05518515295810889,2026-09-09 17:50:45.636983+01:00,2dc9957c6cfda489867f24d91f10c9620c08f0d69a48132e0ee5b4daf773291f
467,0.10005279237001395,2026-09-09 17:50:45.636983+01:00,076162b13eac5af8fe7f09d5651cbadccce8e8d9aebaa877595a1e562b0c9fbb
468,0.03463214177291462,2026-09-09 17:50:45.636983+01:00,2dd71a2830e01921534fec7be09c63f3008dfcf9de52e95fd48b0ad7e93cd87c
469,0.08470002246569927,2026-09-09 17:50:45.636983+01:00,6683adbe402fa180ce9727d0437eb9641afa99668107eb057708e2affb1e40f3
470,0.07499793145813528,2026-09-09 17:50:45.636983+01:00,565027fcea1e9197882ab8578b42510d13c8bcc5c516b1b7e09c50aca7786b82
471,0.09679822670466787,2026-09-09 17:50:45.636983+01:00,3900496c7ac46899c45aeb09a18f6843dea21c9301cd94c322e5d987a5a5720a
472,0.07232003740479866,2026-09-09 17:50:45.646618+01:00,0ed4ec0fc776f4ebbc5e411789abe537852b18eea7cc5de5cfb304d914dea26c
473,0.07198381159951832,2026-09-09 17:50:45.646618+01:00,a911aa9401fb80c99c4c59cd0b66a433d14b06658b829df9536fa0981e66eaf2
474,0.034893564288737335,2026-09-09 17:50:45.646618+01:00,348af3c511649020beccd3433cf0d1e097efca8cc76b9c3f2d1705b6646ae933
475,0.09520637933501691,2026-09-09 17:50:45.646618+01:00,1a49d1c7518ab4dccea1bf8ada812db7250fe3a252bdffa040624ac986b99f84
476,0.04599246186525697,2026-09-09 17:50:45.646618+01:00,b80825a821c52af1a2774b390b564ec85d4a35d9129d002fccd372e4a75580d2
477,0.09450171834225894,2026-09-09 17:50:45.646618+01:00,57d8b6518094df62917949d9fe148a223054ec4c0b644065cc0c9e1734dfea77
478,0.06416601734293549,2026-09-09 17:50:45.646618+01:00,2b2daf922eb6bb9d5f0f79442307c1b775c364da581a146fd88682cd4249df4d
479,0.04848738422327143,2026-09-09 17:50:45.646618+01:00,7f2b9407db6f72d152f2eead73196a4666a582f1a9d1af5925953bc9eeb6ec99
480,0.06072434875622195,2026-09-09 17:50:45.646618+01:00,94656aa48d0815a85d0d858b28a560869d02764734640b9e81d76deb1d416018
481,0.1076463231559773,2026-09-09 17:50:45.646618+01:00,2cae939a71406b1259380840e4f07ce9f7fbcbcf01638fe8b1f1e3c910e3909a
482,0.04013832091316325,2026-09-09 17:50:45.646618+01:00,22b46ab40f1befeb930683c3a0f2f2bd146ad4c4922633ced45000228390fccc
483,0.08137180105393213,2026-09-09 17:50:45.646618+01:00,7ef2e729fb5ef5911f1c6a1e39dde503008899977a3814c263baa98811544adb
484,0.07772227982400025,2026-09-09 17:50:45.646618+01:00,2a36d9f082c11508b35e4269e72eba06c016a6cd1651bd685cbd96fe96175505
485,0.104845551894911,2026-09-09 17:50:45.646618+01:00,bc05561e2bba4bc0d0cad414c4c655a6fff0a5f77695fff45402700c5ca176fd
486,0.2699408383237121,2026-09-09 17:50:45.650343+01:00,cb192a0ed30c059ce65de8cb7e8707ea13bd62f9fe58cc1986d323bd30186ff7
487,0.1360528273260967,2026-09-09 17:50:45.650343+01:00,085e1910648fb1af481cc88d13d7345ba4c0af718e3c54cd8a06e6f7db749d4b
488,0.2510282984509613,2026-09-09 17:50:45.650343+01:00,a76c21d163fda6f9605897762b3bc49a2b08fd48c205771cf9c1d3cd8caa3122
489,0.3429780358992299,2026-09-09 17:50:45.650343+01:00,dfa95e959fdf36aa85e9f1ccbea2a598b8ff28e34da656a012d4bbfb5527ba70
490,0.27766633820193426,2026-09-09 17:50:45.659295+01:00,591269d6dd39e36d947e21d218de8d71f97364cb67a03f39705cda1c29c714c2
491,0.1404921708682153,2026-09-09 17:50:45.659295+01:00,78a731f6a3a564e9aec619e12b9ec85effcf0ea614bb8727a3443bdf167898a5
492,0.2535895502568171,2026-09-09 17:50:45.659295+01:00,5cfa55ee47c2ce9eba31bdd550c3b1206d430bd0db78c4124e88f44e0e5ab46c
493,0.3282519406730333,2026-09-09 17:50:45.659295+01:00,1b9a40fdb1eb5f368924ebbb4a08ee064987b4c8dfe779918ed0ee5aa1ada719
494,0.05404812052140751,2026-09-09 17:50:45.660699+01:00,8ced5656a313f41e7defa4451ae621affc4e1a1918b9cbf448b67514ae4b691e
495,0.06665599709639107,2026-09-09 17:50:45.660699+01:00,f07f35d7435ce3eacd529d17aac0fe8d590ef5d13fa53484f5b16f4357c52eed
496,0.1116975438394217,2026-09-09 17:50:45.660699+01:00,107f966a28ed51da009d7ab8e432046f8696c539129ec5d5e8055cb897911516
497,0.1356208718647601,2026-09-09 17:50:45.660699+01:00,1dd9427fa41722cf344cf4e0776be235d9949eba8815270988f355d368205ca4
498,0.07891421746051396,2026-09-09 17:50:45.660699+01:00,6bdaa068ae08e508d29e5d3109d65fc54beb4891a52e465ac01bf409dc8f0e7a
499,0.10163007926341612,2026-09-09 17:50:45.660699+01:00,93b65ba32a5b13749ff54a21ad7fe15ff54a561a09a500110d40b41b39b4591a
500,0.12040451055064248,2026-09-09 17:50:45.660699+01:00,865f2bbad873b03e18957e9a6e6dcbcdbd05792d5f8538b21b7d8920e567e904
501,0.05865815081770708,2026-09-09 17:50:45.660699+01:00,f057cf222542a5ce83ae417d77c65fbf95904d9087d06d2f0703d81b0bf424d4
502,0.13546771760173745,2026-09-09 17:50:45.660699+01:00,fac0580b995c3aead68456f436cb3760ec2a3a0c350fb6c5a5fddd6bfc90c23d
503,0.058617042223092636,2026-09-09 17:50:45.660699+01:00,eede8eac5536c41017613880736cbe930d2e4abb9f10efa483bcc91e1cb82491
504,0.07828574876091,2026-09-09 17:50:45.660699+01:00,91fd69f0c5d97f3955ccd7f685e046c75b730ff72cadb93dbf08ef9a89bfc810
505,0.04994951636675855,2026-09-09 17:50:45.669792+01:00,4a83f53cfb867a67c44b51eef21b18f4a9958c1b7206a3a160c6891ca4b0c2d0
506,0.054405782708440355,2026-09-09 17:50:45.669792+01:00,8483975a329df4e070a194896952e36d156ef7ea09c10be534401f9dedce0a72
507,0.12536291120226334,2026-09-09 17:50:45.669792+01:00,74f369b5047f7f644ecfc992a9ac7b88cc5f5c9c9d04a526e0ad45f833c1bbd2
508,0.13078056279724545,2026-09-09 17:50:45.669792+01:00,bba095cb046639555de54152f8831c0d9e68cd62f5ce390a9693cb88d401d076
509,0.07582515134457442,2026-09-09 17:50:45.669792+01:00,0f3d00227dc1c2e67f8f309b09bdc9b4f2384444826318fbfbcf8e2146d730f7
510,0.09530677612228204,2026-09-09 17:50:45.669792+01:00,3abbe1b19f08de6a6bd06e5ed147c6e5798387a43c50be27461059dd30d5b401
511,0.12008213096969972,2026-09-09 17:50:45.669792+01:00,a2f54ddb4b926a63a36e25ea205f5474c6a6ce53ac18252e150f908101f114ea
512,0.0593967269021496,2026-09-09 17:50:45.669792+01:00,d16fbdb78499aa5783953959a0d830966ff37030940f18cff9adbea8b6d4195e
513,0.13346257818970286,2026-09-09 17:50:45.669792+01:00,cb09144ce9c2ea24760ad10e4331c62aa3c7115bd69ce7beba3cfd82f5bcf69e
514,0.06988755975166568,2026-09-09 17:50:45.669792+01:00,15feb63b08fc899567da8f8888348dfda62d0cd36cf658249ab3e422d616f61e
515,0.0855403036452179,2026-09-09 17:50:45.669792+01:00,5d0cea839ea01d9fe3a54db41bd0f871524045065750663290e862d504e0cf81
516,0.049357169600777136,2026-09-09 17:50:45.672221+01:00,a3fc11d0c39d4b558374915db2dba9f4358846e05d0250ed13c603554d7fee17
517,0.0764212476747082,2026-09-09 17:50:45.672221+01:00,35fef71b4a2c9d9675061bc8544c479cea7c413a111dd1aaebf91055a2f06bb9
518,0.12257742766707691,2026-09-09 17:50:45.672221+01:00,96c45a65cb4fd092e7962b03173183af4de36a4724eaa24cca00958f7dd30150
519,0.08433674548627909,2026-09-09 17:50:45.672221+01:00,7b1efcf45b7c3cdddd2f37e966dc39609657e449067aef9a959da14e93824a56
520,0.028138493917269667,2026-09-09 17:50:45.672221+01:00,b89fe2b567f151c0d352edb0ba699f8995c1186136a4750ff4586a209b30c652
521,0.1669872228221247,2026-09-09 17:50:45.672221+01:00,c3b6f09826c6c4fc1be2b22a03c66c8f4044841c2e512b4a59814e24fb64d3d4
522,0.05969713584138428,2026-09-09 17:50:45.672221+01:00,707c864f9258fef98a0007b450ed6fcfe07acbeec8a51ebd0c3186ce2bddfae7
523,0.0552340784286938,2026-09-09 17:50:45.672221+01:00,fb907b61ae3ed99fd86e68fd236f88b7de609d1d4914c66adb5d0fd1c0edd342
524,0.04566221354224389,2026-09-09 17:50:45.672221+01:00,dfd776faa230d0e5ee6911a0c980f0ae65b90279ddde4f657b7ccaa8d3e343dc
525,0.1728937470016741,2026-09-09 17:50:45.672221+01:00,a74cc2fb208e0eef4370fdbf327c1ab282e85342c48e621b300520b705c2f482
526,0.0716183978891179,2026-09-09 17:50:45.672221+01:00,a4881dd702fffe225d3ddda190cc4c090e9a7ab5387d28dca1abcc1e7097669b
527,0.06707612012865051,2026-09-09 17:50:45.672221+01:00,ed7b7d8906b3de373d8972c209af5652d01668f43af0ee086480d153ba284a48
528,0.045394104669719194,2026-09-09 17:50:45.680986+01:00,17de2505063363039ee638df559de4f0b9566f5b826da8e8118d61248668a13e
529,0.0770714280313643,2026-09-09 17:50:45.680986+01:00,3a4ade88b7d2954a49aa2077a8e5a0365525857cdee4448ae792975fe4669995
530,0.12084190113985897,2026-09-09 17:50:45.680986+01:00,c07c207c4a66897f01f8e757d77efbbb9fd21a49979d5cc278d64918032e0a86
531,0.0804918402343328,2026-09-09 17:50:45.680986+01:00,ab8a57f5c799c36f6c14dca7dec0fb429c9f3d14aa6ae0b7cd95c015d91bf290
532,0.029778846776939445,2026-09-09 17:50:45.680986+01:00,cefdcab99e2cb281721d70299b3740a529fe5a4f0adeff04bd17736b9474f51f
533,0.1733425313255287,2026-09-09 17:50:45.680986+01:00,ed8627a8a56377e5746ee633daadefc42d919e0ee1b68f77e5f87363ccf74801
534,0.060349000847071586,2026-09-09 17:50:45.680986+01:00,65291f66d5eb4cbcc4f7ad9794464c54f3bc4d5fb45224c42dc7ac8ed7cf1c28
535,0.03753599835236911,2026-09-09 17:50:45.680986+01:00,3568e6c891019742a2c898557e067a1bd6161e0c71ad9d2737fd28003f0c6118
536,0.04404506997912405,2026-09-09 17:50:45.680986+01:00,b3104265c501d1aabea756f906e97ee3b9c29ed27ce0725fe2e8bce5d97789a2
537,0.18925721386176403,2026-09-09 17:50:45.680986+01:00,46ab0374283a7c5fee1da8fc6f659ddcbc5e18c733550c5d06c849088c69b1b3
538,0.07025716725218012,2026-09-09 17:50:45.680986+01:00,cea9d8cc1df65f5936e9f65f8ed3ea17684141ad50b2f0eb6c791a97ecb0d778
539,0.07163489752974787,2026-09-09 17:50:45.680986+01:00,eebb7909bb3f49a68890ad1e4e3fad8a4678ac70d3904d1aafd43433d6486d17
540,0.10274607300998634,2026-09-09 17:50:45.683465+01:00,a7e579a5022dc787080f7220c7a06738572732290de5bf251410ad88ed4f102e
541,0.028343911677733345,2026-09-09 17:50:45.683465+01:00,a7e23e3bac81a8d0538e5e7850b88db50230bee32830ab340c948f55e79e99f2
542,0.07905747215831423,2026-09-09 17:50:45.683465+01:00,9c2bd7db4a5995cba3f3d3e0213cfadac653452fcc1d444cf27f040307e29233
543,0.07188204295263682,2026-09-09 17:50:45.683465+01:00,19ec905f2c564a57a80cc2bf55a6f021b74edd455a29fb0d627b26915e95368b
544,0.061261667528449054,2026-09-09 17:50:45.683465+01:00,1fd9fedb30a4b26bd93dd75afa0cdfba48a9936fd7e5802ea66bf1b41751659b
545,0.0257022729654974,2026-09-09 17:50:45.683465+01:00,8db87ea51774b017f542547a7b93313d791bc0a3ee92319e6c256c91e5239bae
546,0.10104039287641793,2026-09-09 17:50:45.683465+01:00,bcc6aeba991b8f714c7b9c86cd8b582deb0ecf830e13d383be66c734914cd92e
547,0.05219057752747223,2026-09-09 17:50:45.683465+01:00,bad83f051a88a53cf2652804e2007e696e8926844de30aff613fc1a9da5e2c0d
548,0.09898271350955078,2026-09-09 17:50:45.683465+01:00,db3d7bc2a3f1339992d6c878a119413bb3afc8feebc89801976400a344ac2f82
549,0.04208691189819529,2026-09-09 17:50:45.683465+01:00,b5c87789af9eb08cd984c441a9790df7c75ab277bfe215967dd2b467216db986
550,0.04660676323716617,2026-09-09 17:50:45.683465+01:00,4ea53bad3a4c6a9c752d3eeb138fc736d6c474792fd5bf0b1018527e10acd948
551,0.16296869506237086,2026-09-09 17:50:45.683465+01:00,eabf1d2a23ec36224cfc127b042e09cd6de4e73f81e3157e9cb4178b5b28517f
552,0.06736788827018717,2026-09-09 17:50:45.683465+01:00,47f19e44698b1fb8d2238a71b8c64a42db678e355afc9bba59676c011ca2ed65
553,0.05976261732602254,2026-09-09 17:50:45.683465+01:00,dcfa324018cbf90778e5215b0c6e06130e9109dc1e19c0b8e9b2e2156bfebef9
554,0.10461716487214916,2026-09-09 17:50:45.694093+01:00,bc5b71ee77db13a4a03590d3f4fda046be331fec826fe8b70df871928e2e5e89
555,0.02841565392775333,2026-09-09 17:50:45.694093+01:00,cbdb9d06f9e9f646e0e0a87a9c3edaa68a99abfc0ac8529e6dbc819c88362621
556,0.07891349053503244,2026-09-09 17:50:45.694093+01:00,9ead09307a7950e9eef44ca05e186701e11bff1b25d4bd06f992b7056a219482
557,0.06794689231651745,2026-09-09 17:50:45.694093+01:00,6b906ff1cad6fe88e6819b6e59445dcbf8cf250d37762936c01d6fd903b719ae
558,0.06323350941568237,2026-09-09 17:50:45.694093+01:00,c45eec54fb8c50b18c1d2d4697c494ae79850d6a28af47eb703b39d5a86bb90b
559,0.022799507369151806,2026-09-09 17:50:45.694093+01:00,beea31b8e5e9edc59a0cbff56e19332bb22072a315da5c8150ad80b305632f9d
560,0.09996809522177047,2026-09-09 17:50:45.694093+01:00,2c9ffbc02d4f85b392b5bf3892a897317e8a4e96aa907220b80d459ac5242804
561,0.05902874928029823,2026-09-09 17:50:45.694093+01:00,f945a34421dc2726f18fa75ce3095a4b6778fb6ff61b3653a301247bae0f97ab
562,0.09514165484058427,2026-09-09 17:50:45.694093+01:00,d83d17c954c1772709ddea7ddb7dfbfc1c1662ba778a0b13f8426fad65bb19bc
563,0.05157567531029263,2026-09-09 17:50:45.694093+01:00,8d31043ba796f4e065983f602eec8265038e9d5b8799d92b5a14025c224aa730
564,0.05626412658135028,2026-09-09 17:50:45.694093+01:00,407562ab2407c86eb8eb3cf64ce65f7305d74a1b4971922d56c2298479485a58
565,0.13877618190794538,2026-09-09 17:50:45.694093+01:00,3909303669bea4c97f9eafea91505c99fd0ba0f42c98b14bb79f4594833f4828
566,0.07533307224661909,2026-09-09 17:50:45.694093+01:00,f699b25e576492d80f0e7a7190458d852983912855e634b3e4ec3d4bc8ffafa6
567,0.05798622617485305,2026-09-09 17:50:45.694093+01:00,11d5af1b95a24f94534a6c8600e57da0dd3934441981c8402ae8b6a8c1fcaa83
568,0.054962099736155665,2026-09-09 17:50:45.697373+01:00,c32b851d3abafffa9660198b3c6b2b776aa2efbbd81d9f9e51c58b2e1b52e090
569,0.3382528772300616,2026-09-09 17:50:45.697373+01:00,92547da9cce7a68f42a82d9664b15442fadeefc0cb7c08bf6234af3a72a92680
570,0.12195949399574174,2026-09-09 17:50:45.697373+01:00,f26721d40a17d592caec2e0d5dde5990122a3e0b27fec87684c54ba637b64095
571,0.12292921564629673,2026-09-09 17:50:45.697373+01:00,708d86e30b8482bede5fe2261329ffd082a0fb708714ae85114c715b757836a8
572,0.11692861389638341,2026-09-09 17:50:45.697373+01:00,75fe0799b5881c1f21b3d1766f63d911084fd2aac023bc485702290260f2dd7f
573,0.12099742195130044,2026-09-09 17:50:45.697373+01:00,240a479bdcfebf159e7023bc08557ff14f2c83f1cc67c8785c0f7232ef23cb86
574,0.1239702775440604,2026-09-09 17:50:45.697373+01:00,9500bce9efddf3101484319175bc3294f21fab162f680ae6896eb732098971ab
575,0.0409609645881884,2026-09-09 17:50:45.705767+01:00,609bf09907f5ad210426a6250e889c457c7628da8b4caa17d65151541f901815
576,0.3676210807041048,2026-09-09 17:50:45.705767+01:00,0cab6984e785e999e7aa376c1db8f697ca10a5c12e58ee6d5acaf635bee668f0
577,0.12276225498457033,2026-09-09 17:50:45.705767+01:00,4d314008cb7540e4af1c2a6d0d835875a506752efc17a5ecc180057016239c4b
578,0.1223739502090251,2026-09-09 17:50:45.705767+01:00,3738dd5408d0e914b4c8ecf71c1b95379834910a0258253d94e511c0074fc19b
579,0.10849060776729681,2026-09-09 17:50:45.705767+01:00,0be56780dbc69b17e96232d265ca677c5718b41cda98159762e0bf7c8b8c1ae5
580,0.12586359282819246,2026-09-09 17:50:45.705767+01:00,35400af57e58a12098d29a7bd3bdd7ac7f669622e3e7f185ef9b53b9593ff1fe
581,0.11192754891862192,2026-09-09 17:50:45.705767+01:00,1b1442c720877098b423b55f4b16c095d0922d09d91ecfb956fd84360e506239
582,0.11584104763065736,2026-09-09 17:50:45.707524+01:00,526ef3f01332ab012822acbbfd339afe7084ee22ab4acf2957b540cf5ad3f807
583,0.1382616311624073,2026-09-09 17:50:45.707524+01:00,fc62ce4c5ccde5ae9b9e970258f470bbf986e50703927b38276f2e737e9ccf89
584,0.08561223143886265,2026-09-09 17:50:45.707524+01:00,e927f77373204aa780700fba063597e0fb15aac8c8b41a25be943a7df46914c1
585,0.11748481106553221,2026-09-09 17:50:45.707524+01:00,9860da0a75ff23c50f0600a403b1d12b3b5c95d88f6bd6ba9982d0741dbcdf18
586,0.11505734185839588,2026-09-09 17:50:45.707524+01:00,e871d485c748b17d5e86fca513247692a58bb28f25e02059c406e7de8ac7fd17
587,0.1893126088478218,2026-09-09 17:50:45.707524+01:00,ff2b91e636032ed178c083ce619187f15fe5c03ea786841a380177da712123d6
588,0.08328488248381917,2026-09-09 17:50:45.707524+01:00,8f94dc3aa59a413d5d7cf33b0430bdd05bcc1b81cb99b3272bbe105779bc8661
589,0.15514544551250373,2026-09-09 17:50:45.707524+01:00,94d09fb3b0f358ce64ddcb446a09bf2c44233e01e8dbb234badfe7a9cc09ff32
590,0.1256477002420612,2026-09-09 17:50:45.714607+01:00,d9b04a0fc90429ae4495e065aa52aa1f3de2fc255b80777e0502efcdbb605701
591,0.14774308019487786,2026-09-09 17:50:45.714607+01:00,b10eb489d91c8fb32ea8c365e0224a68bf2cce9356720f3f651d5b5eb8b1e4bd
592,0.07537270260368999,2026-09-09 17:50:45.714607+01:00,3ffa3f1c9cd75275298315bb10219f3d699775b01c1a8fe51baa9ca8088ba5a2
593,0.11145044791243866,2026-09-09 17:50:45.714607+01:00,cdd4f8c06f40ed5152e3d2006163dd14e09b4c5117f788b9343bd41beec355ca
594,0.12881680005373206,2026-09-09 17:50:45.714607+01:00,db3c65efce01863906b9261c2787e86416b397d777e35bcea44e13be5d56eae5
595,0.17918566369543032,2026-09-09 17:50:45.714607+01:00,25e79b39fe0ad330dbc6ee80377b08eae099db7f93b645e532fa196b1ed14224
596,0.07688632619209379,2026-09-09 17:50:45.714607+01:00,0583afb9c69fddd54b1a15672cb6696c151bb93505b56532c56bc95db7c10993
597,0.1548972791056761,2026-09-09 17:50:45.714607+01:00,2ebd9106d203375da9ea15defaff137a623d9a5a727d0a917dbe2f234c6cf71f
598,0.04243815226643262,2026-09-09 17:50:45.716473+01:00,5ea7dfd463742bcbba3bfe46ea9558abaa91bf63a94b4cc538f4b8848c047883
599,0.05605792199852841,2026-09-09 17:50:45.716473+01:00,0969d09a2c0d890e8059306bb2824b39a04b354cb68089c71bc5a38fdc4b91c3
600,0.08590112231606485,2026-09-09 17:50:45.716473+01:00,4c6b54e92fa8a7c2eb6bc80edfe78998fed2fbe2c1203bd6e6b9e6f894596e2e
601,0.04365430830388789,2026-09-09 17:50:45.716473+01:00,ddc35d5d6969c1ac37a477b6853d5cc2e7018016dc047e1326fddfa423fe54df
602,0.08105305083569553,2026-09-09 17:50:45.716473+01:00,5537d9751c9692269962861425146192790a37ed9c550e333ea767f1797184e4
603,0.16583369944918744,2026-09-09 17:50:45.716473+01:00,13439825ddfff6787afe79ff94d47d6d5b2285b773754a2e495ce376fcbb4ac9
604,0.05452964441784467,2026-09-09 17:50:45.716473+01:00,53c00be30cf120205a62d3d902ecc26cca495dde4c1a5205a01fbe9b7d0d7b5c
605,0.06360859233662823,2026-09-09 17:50:45.716473+01:00,1a1edf229e52e137a4e3d8dbf20d7d03d0d9dfd51b14783eda72efeb9b3add60
606,0.06868339132767502,2026-09-09 17:50:45.716473+01:00,7cec0f576982929e94969dd3f6546fb1b0a90e1e5d883eff4e24432800d78c9f
607,0.05594984432381384,2026-09-09 17:50:45.716473+01:00,a4e5228a8a88aff09a3fc21ec8d61797d8b15becf1f0697fc0c799f6ff9a9f0f
608,0.10148960110329917,2026-09-09 17:50:45.716473+01:00,72e35b141b2609d2d7835d56e30b7c9caa0667f821f82978de6024b3ddb20ffa
609,0.03408687493859541,2026-09-09 17:50:45.716473+01:00,bb152d8bb31ef08f3be0107b70046923305b6aa388f15a793baa58dd3f294af5
610,0.0693951622704825,2026-09-09 17:50:45.716473+01:00,6c824de40848ebd325114b4968091a596520b36c6d1076d8da15536ebf677167
611,0.07731863411186449,2026-09-09 17:50:45.716473+01:00,a55a27cec16d7695936525be5f25f89fd4aac663d38d0d91892fd5e1c67f395b
612,0.046458673085194094,2026-09-09 17:50:45.723401+01:00,86d6373086926ddf73abe178b789a3ffcea771e9e4b6a57e384e5e28699f0e7a
613,0.061802340989992655,2026-09-09 17:50:45.723401+01:00,1591b947812cefa4cff678d4f0e183f2a759990816ce4596b0edb9bc36d92fc6
614,0.08859772011655567,2026-09-09 17:50:45.723401+01:00,41f624deeaba7efb1b7ef0e277d5097de43e670b4dffbd7e1ce8a2491f56e099
615,0.056899325976178486,2026-09-09 17:50:45.723401+01:00,dd342d9b6d9710d7bf7a7b280fd6e325e084d2cd98f1635afe9adfcbd864a0d9
616,0.07833554362154613,2026-09-09 17:50:45.723401+01:00,7071d173bbe8989410fd9af64d43abbb5b4b0624107f121b84422b7b5723c700
617,0.1397066072654706,2026-09-09 17:50:45.723401+01:00,55a59c1289dbb5c5bb82b414d69748722b6eedd84e717085e69a776348e0b9a8
618,0.05046043429377491,2026-09-09 17:50:45.723401+01:00,ad7ddc89614d55c3aafa7ca4d34266562f9df5d496d8d16578a55b03adf55555
619,0.06253132393674746,2026-09-09 17:50:45.723401+01:00,196e1969e416ad8301bacf894e616720837a43603574f9341fc191408351bd35
620,0.06417858922189601,2026-09-09 17:50:45.723401+01:00,c436e003601afa73a3c963a7371ffdef92745a27a8a37d7dd331899b2efcdad2
621,0.05992082712604722,2026-09-09 17:50:45.723401+01:00,d7cf44c9ceec5bd13c338e3c5f248246d0711b95b90acdcb52f0e94d876fb689
622,0.09784870597393741,2026-09-09 17:50:45.723401+01:00,a5869a723aebd7d3b7913b1889cfbd11badfe143c9ac2ab5219dd14ed91cbf9c
623,0.039786871899846823,2026-09-09 17:50:45.723401+01:00,6e7c71d816e49ce8444883dff2705cbf1e5f0e5e7cdc0cb43fc266a8e7ff039c
624,0.0761693310233934,2026-09-09 17:50:45.723401+01:00,5fbfb62cc0714e784f482adff438fd923116f7c5defac8f1af1a57cc18f2eb7d
625,0.07730370546941896,2026-09-09 17:50:45.723401+01:00,1360963df9aaddf612773c3a498dbae3a8a3207d67d038743c52e461f8ba0cd0
626,0.09275722242097965,2026-09-09 17:50:45.725812+01:00,cd8145eb150af07228e51e68eed9f9c6d21b962d36cc70f99025f3f80c996d4d
627,0.08688944215323592,2026-09-09 17:50:45.725812+01:00,9857cdcd24fcf51da4fe354040e1bf892effe90a31362181d35639c6f7f018aa
628,0.08119141955210729,2026-09-09 17:50:45.725812+01:00,3bc393b8a9a8db239747ee4da1b6889324751f8e23b6ea129ab4bdc4ad472c08
629,0.06108191066755583,2026-09-09 17:50:45.725812+01:00,c9ef2626a592cb78f2f575ab5ec13f462ef8127991b7ae0ec732ce8dd309cd2f
630,0.07446843536635311,2026-09-09 17:50:45.725812+01:00,603a942ce413bb94bfac022787a95549195154e72f0fae8e09c09d8df7590271
631,0.05598223256553341,2026-09-09 17:50:45.725812+01:00,09e5e6a843cf82cfc1f8327b94e0909ec7aad0616eff2b30c3ae0db958e7d4a8
632,0.10885909116046627,2026-09-09 17:50:45.725812+01:00,8459397a285bdb7a46f9541c6af9798620fb884f5f4c4aaf904f305209c8123a
633,0.0582368729090209,2026-09-09 17:50:45.725812+01:00,8781662ec26f630252e0a21b2a91ad2a4d0194f9eb513c6014cfb9db06ae6d4d
634,0.05532821091846158,2026-09-09 17:50:45.725812+01:00,1ff5ad4947c073794bfb9ca8d1ab6a53c8c9ac2ab71c1081372fd7eabd83e38e
635,0.043015038796564785,2026-09-09 17:50:45.725812+01:00,2766c979207ecd8d1567cf15e9880408b016ab1815455e824cc92e7c33b0a311
636,0.19703074610976773,2026-09-09 17:50:45.725812+01:00,8e626f5f06fe1494329258bb6cfea2a643a48e2a55e3c7ac14737382c2de2b4a
637,0.08515937737995351,2026-09-09 17:50:45.725812+01:00,e7a16ee2d2572147b375e1a9f51c3412b23e091fdea213a511b134509cce4612
638,0.09935161706930445,2026-09-09 17:50:45.735881+01:00,e66839ceb3f0534dd99d6161938f2edd036950375ebafc9bd672dfdd51318537
639,0.09095788661264606,2026-09-09 17:50:45.735881+01:00,f675f761675832a882d4b3f2071f92c8435e82487daa7462507ad4e80f35bb8f
640,0.0833719094056984,2026-09-09 17:50:45.735881+01:00,e31cf5e6e71d3427a4089869961ea235f793b4421f08066dae90632e3569ab47
641,0.05401675205200555,2026-09-09 17:50:45.735881+01:00,e9802eef94e0d8d799a1d27b311e2258ec1dbe31778e0fced5f54ad272fa5cde
642,0.08053382965162371,2026-09-09 17:50:45.735881+01:00,475585046003e1d048bcffeb7c54f0e82da06334a84d176dc6aee22faa0a118d
643,0.05943392038303836,2026-09-09 17:50:45.735881+01:00,5c3d3e6a0b808a4da229309a303f68109837edae9bf0d2bdbacc897765c5b1a1
644,0.11480417813337175,2026-09-09 17:50:45.735881+01:00,08a82220b6e1c25cb2467bca1656e4fa8c25f09c274dbfec1b76f5f3db933fcc
645,0.06093476874533673,2026-09-09 17:50:45.735881+01:00,7b8c1b89a9428be3def495179cf1db4a73859f92cc7870291de645147faeb1d6
646,0.05501390082854143,2026-09-09 17:50:45.735881+01:00,e99abf40f8bbd2b0fb489cf36a2a035b3c33e353ea514ac720811b208b9c3f75
647,0.03829310202480114,2026-09-09 17:50:45.735881+01:00,3517c3c377cabaaeecfb338a4069733251cecb82042c45c13eabb283946c2411
648,0.16499352070787526,2026-09-09 17:50:45.735881+01:00,673260b86aa89674cb87fc1ee01039ef85792d31699e2fa8406d6ed70860903b
649,0.0982946143857571,2026-09-09 17:50:45.735881+01:00,80bcfd4abfe9666f9aeee18eed4a8480adcd109312750fa70f83b3d7ed582d90
650,0.10745925399020469,2026-09-09 17:50:45.738761+01:00,660e5d0b3ebe4fb2b45dd8a66e7eae30a5d92b9cb7e85df250a9da7fcbbe5ff1
651,0.19472471079740988,2026-09-09 17:50:45.738761+01:00,d3a37318da23d6835b310fafd47349a1ffa4331ba95f8a030fe2bb2893b60baa
652,0.1224530118079223,2026-09-09 17:50:45.738761+01:00,5a294d6c6f8ed62da7abc621982e582cf7d1c7ec7f5d66274a148977c50781e3
653,0.1592146073361541,2026-09-09 17:50:45.738761+01:00,2cb8cd5491a25510fdb4353137c6ddf31f472e816448c5c2413d59b21b8a739f
654,0.23748405371725503,2026-09-09 17:50:45.738761+01:00,8f65ce60cbde973ffe0ffd54eaa4d6324b26172d20f0c7b6fb18a1dd51b25a17
655,0.10099988074116736,2026-09-09 17:50:45.738761+01:00,0431c9bce604125e23e4fb9b758feaa4c7bfc6fbc442d3a78b10ba066a806ff3
656,0.07766448160988651,2026-09-09 17:50:45.738761+01:00,0440688baa29d12a0a92d2ffc6b27d6d895cf2a6e5905bc86f41ef433914d2e8
657,0.10263114295761509,2026-09-09 17:50:45.745750+01:00,8fbe209561ace14cfff51c47d05c94e1966a71f46de50e1d80bd04192cf3089d
658,0.21390625843458608,2026-09-09 17:50:45.745750+01:00,45ab4f7e8dbe6b36806935c22c785b8b038228528adacc9084d34d4235730b82
659,0.12447241955241159,2026-09-09 17:50:45.745750+01:00,e423a0268d3ea74d6425c2430f7f4bf1793bb38718e583a8d1a7bf5662956452
660,0.19579928838040506,2026-09-09 17:50:45.745750+01:00,33147ffa4ba527e70d7ed956ece3fcfc59d17277c60f24197ff9fbd29193a282
661,0.19946168562629055,2026-09-09 17:50:45.745750+01:00,318fe4d6b0ab9aff01a177d10929ef64737c449ab731b604e644bc867f47829d
662,0.095392341700964,2026-09-09 17:50:45.745750+01:00,6af44abcb5a6ab9b3c318be96651b1c2c07e656d793f889bfbce0c1a583888f7
663,0.06833686334772782,2026-09-09 17:50:45.745750+01:00,3f158b0fbf7c04332f421d0bc8500f64e82698f3a9b5828403f1fbcfe224fe52
686,0.09464043337856025,2026-09-10 07:16:46.041084+01:00,e1df2afd07265dfec8b1e58882f9d510818588e0fd50e34e725f3587dba6dfd3
687,0.06342672630962753,2026-09-10 07:16:46.041084+01:00,33d2a13630df57c69d314d2578f3b04f2c21ca8260c9c9b70dfb9c39b4e94327
688,0.1134375015947847,2026-09-10 07:16:46.041084+01:00,c13a57e0566246db83a9fff10aa01c381b94c5029c3ed59f0c93dbd86990a2e6
689,0.05061652458214489,2026-09-10 07:16:46.041084+01:00,e290e5c72e972b4329ff5f9e0ea0c7cb03cf4585fe4122c7c679e4e7ceb67a5e
690,0.08807589307931463,2026-09-10 07:16:46.041084+01:00,34e38d96033c6caff8958541117ef9ac73681516d7c415f63ca7d0211e48e9bd
691,0.041591223838869415,2026-09-10 07:16:46.041084+01:00,a223ff5255fcd95172421b9299883e265da9baf39d0baf684b2b9e036ee57f6f
692,0.10880170498226212,2026-09-10 07:16:46.041084+01:00,2a858da15e610c6482e3a0981b999c1acb49dbb20e20ab9b18c43998f432e2bc
693,0.03681402658258941,2026-09-10 07:16:46.041084+01:00,03a789604e9d974c1b4e4f1816601f2be9d777d24844f1a5cf8a906b4dadedcc
694,0.09275697734157883,2026-09-10 07:16:46.041084+01:00,b2b56024870d33566b2f2242c95495424f438138b59e2462bd77702bcb92b637
695,0.07131511717831394,2026-09-10 07:16:46.041084+01:00,65cd7d61d72fc18a3d606c401dc96969d26eef6e3faa098bcd920982f710c118
696,0.028871313240463062,2026-09-10 07:16:46.041084+01:00,74493587e9961707c12f28c8b28645ebdff0f35a43b9dd78bc15b24d1869bf13
697,0.1191431279911389,2026-09-10 07:16:46.041084+01:00,54362bce26c52932370ba68aef97f3592cf5762ceee4d7f642766b7235746d43
698,0.09050942990035224,2026-09-10 07:16:46.041084+01:00,f4dd05481533d062a5471dade978a9bd7f50642c51283543aa3ea27f8ec07dee
699,0.11596122702494485,2026-09-10 07:16:46.058328+01:00,fe34d105f4ba9c8abab8ab4a7583917db72a6e4c3a5cca9ad3f054b3b2a12232
700,0.062499274137574785,2026-09-10 07:16:46.058328+01:00,a17221b06074f7206d3eddd4963e540b897bf42c3f752a11134227d042ef260a
701,0.12393284053404409,2026-09-10 07:16:46.058328+01:00,3ef1f8919dff83272ebbc0f68da57b1a1f32fdc553217ea3d4d9a8b3c7a3ba53
702,0.055812872436491225,2026-09-10 07:16:46.058328+01:00,a44708807fe6cd3b8dd322f81da9ed8a84b8db7bb721c9ce14140ef8d41ba6b9
703,0.07649897747354759,2026-09-10 07:16:46.058328+01:00,01c3501f42bb71d8cf27d754b4e53e4abf0ce6223d7166ea7cce8ff86472658d
704,0.022623557987722975,2026-09-10 07:16:46.058328+01:00,113a21be7f15b546c3b8d80c37e0ee3d8b8dfa5e499fe3dbef4600dc75eefa03
705,0.13348852647006348,2026-09-10 07:16:46.058328+01:00,7911303ba89beb2254b6a7b5b2b956d6d22812b29805007ad26fa5c935057887
706,0.02411132459227551,2026-09-10 07:16:46.058328+01:00,ea7f95e3940b1583a693da7f0647e51cd18d5d19da7fc2d0660dbf5e045329f8
707,0.06917879469791297,2026-09-10 07:16:46.058328+01:00,1ae5189a094418a0059b25844d960a687d9fb84021f44337b244dfc894b67d8e
708,0.07267896195033807,2026-09-10 07:16:46.058328+01:00,72e6378d7db118b707cabdaf8266d347b9622d22cbd391603458c915178eaf7a
709,0.019450091753431015,2026-09-10 07:16:46.058328+01:00,3a31d3f0e39a423d89d3c010f74f4963ddd1e522d25f881fba7239747d380f80
710,0.12311624962911195,2026-09-10 07:16:46.058328+01:00,e7118e89a1515ade14e42a5f62b60e2618af74c25c5820fa06a3ff6cacd53fe3
711,0.10064730131254161,2026-09-10 07:16:46.058328+01:00,6a1c934c83aea8788d55c79524de143ec632db057de78be6b82bda6d91fe231f
712,0.20554302493213722,2026-09-10 07:16:46.061240+01:00,48577db4a696d574145e1d3c335eb227961df7ddb81362839b7db8be6a60431f
713,0.2289938240713635,2026-09-10 07:16:46.061240+01:00,c7cbee6ac1ffaac9fc8f62e42229a215f500759dcf3869c821cfc4612e833517
714,0.09123399619004514,2026-09-10 07:16:46.061240+01:00,fe5e701367c7dc1b3995d9657244a2cbc597201ea9303c889895a4c638661f08
715,0.13858258799044604,2026-09-10 07:16:46.061240+01:00,ab38f09766a0440dac7574a8a59bfd0ae2ce2b80918a00736deafaee944e738e
716,0.17083981622068428,2026-09-10 07:16:46.061240+01:00,8aca0e0ef6cde1cc16ac9def86bc68461081443c145560c7b66813cfbb417546
717,0.16480675059532388,2026-09-10 07:16:46.061240+01:00,da9f8d97178ba5cfa8822f099bb94edae819a4d754505fb88e5b600307fdd90a
718,0.22893593118019748,2026-09-10 07:16:46.068977+01:00,7cdd114a2b12e1912e1b2db5447e7c033990ec99b38c20ab5707deb2547c14f6
719,0.2552067143199664,2026-09-10 07:16:46.068977+01:00,bb29ca085d1c4900ccc089a767a87903f1cfab58d48eb5ac09b1174671604120
720,0.08802553435060545,2026-09-10 07:16:46.068977+01:00,8c855f015b951625a9fd9fe1e78296db6cf1b9975339aca8811724ba5305ac55
721,0.17036928399555656,2026-09-10 07:16:46.068977+01:00,a573eceeeaa8b02826834af41b710a9132d4fcb365ae2b05e6b280fec2f52f01
722,0.14369908988280294,2026-09-10 07:16:46.068977+01:00,248beabac942705e5f8621efd99387cccb692640385d13d29dcad1613ddf1796
723,0.11376344627087129,2026-09-10 07:16:46.068977+01:00,5a7f19dd5b007a6d12bb93907c833328382b9ec58bb28f719d153cf815279439
724,0.06886189283422393,2026-09-10 07:16:46.070657+01:00,0acdc553de759eb963cd622672325b75371b349b226f6b34952e45d9e5c831b7
725,0.024488996877998718,2026-09-10 07:16:46.070657+01:00,301362c3a1923df0bbce9070dae9441e98681f2368807ac847afc46446edbbbe
726,0.0268333298810853,2026-09-10 07:16:46.070657+01:00,4437dc509dbb7b286878edf6530462eced670131e3d063bd0a497e058cf243f1
727,0.10863471887621724,2026-09-10 07:16:46.070657+01:00,7daa0a5befe7abbe50bc46a8e136fd2c7b35c777aa1e75d9f0a3a682fdbe1159
728,0.041500484278347266,2026-09-10 07:16:46.070657+01:00,2dedc74efc3c62807d54cc6e3c5f02f076a24c84a07efbc62eed9359bc1694cc
729,0.031741795281641005,2026-09-10 07:16:46.070657+01:00,c07d0d60708c9f0a8447d2bec2dc2d32f19b5bf7f0a1e713a0e2f2827b400f62
730,0.1013858810881664,2026-09-10 07:16:46.070657+01:00,c3cf034e5eea6221ec08d38877ec64046ae7874d378664d2de9cae3a8db86077
731,0.037357749575811346,2026-09-10 07:16:46.070657+01:00,a5ff5cec5b2fb20290498edf35ab645b80ac19e6a9785fbdda2faece9c6ac694
732,0.07871711112401913,2026-09-10 07:16:46.070657+01:00,f4f17eb90f5dfb8ea32ea609038548aaf75343a78100722a22ff5eff32a4205d
733,0.07911065195512312,2026-09-10 07:16:46.070657+01:00,00202b5bcd5a3acecba92db9e71ad75f1a8b03623a382960813f54c60c2f63e0
734,0.05544872825211929,2026-09-10 07:16:46.070657+01:00,3bceea2357f1e39587472bd6c7d811bb2bd7e9007895f7b3c0c0c5153e675833
735,0.06923042152358204,2026-09-10 07:16:46.070657+01:00,c7cc57bf039a1cf88539462d97bba2619d1462cbf583c6578a2cabf8159d5b5d
736,0.04268157599008783,2026-09-10 07:16:46.070657+01:00,784ddeefbd28ba8ede1c836ade0cab4b451f1f72444a9484a570bb4b2c890dec
737,0.03239859607338876,2026-09-10 07:16:46.070657+01:00,7d66223b8ed27b51b1ff9c91b7ee75f670473088fc367f1ca777b00eb1b01052
738,0.02558030975364147,2026-09-10 07:16:46.070657+01:00,ece104b1a69d7502ef1b84d166c2d7247182af361a246b60a93374880f8e2f91
739,0.10825752692237016,2026-09-10 07:16:46.070657+01:00,84e51b149086a7c83b77ae7cff95e6f16c32051c397efd8870f7c7f45f86a25b
740,0.06777022971217701,2026-09-10 07:16:46.070657+01:00,13ba6ec22949d8e2eee796d2bbd058dcd4dcd667ae21d6733258cfd54937b893
741,0.06882065432330266,2026-09-10 07:16:46.080076+01:00,f8f2c8e4e5ed47c20a437d3ad1eee9df018ef88e9b90e8754a2430dbb82898fa
742,0.007895574769816734,2026-09-10 07:16:46.080076+01:00,6b60bb76ce00667420f7775bb0c37ab9ef9a8020c99459a3f4851c15c56a1108
743,0.005617456237723545,2026-09-10 07:16:46.080076+01:00,14dbe6f6d221cb54fcffc38f7b15c302a81517cca0bdb004341993e8981c228e
744,0.15563814324373057,2026-09-10 07:16:46.080076+01:00,24a796a631cc40c99ea430e2afdca8a06d209e155768eeb18e4465773e968855
745,0.05733357686414401,2026-09-10 07:16:46.080076+01:00,ec5e609320f817f8cfab1d459c95db42815babc076d2c0d70ae9838f6f059667
746,0.0073925187942124986,2026-09-10 07:16:46.080076+01:00,228e045a12b49992ec76edcbc706a696eb0397ceb6ec97eac1680ca4a5b825b3
747,0.13352346635145199,2026-09-10 07:16:46.080076+01:00,5bee83b6855c70c623de96e1aaecd1dbc7a52c3840e282d568e40c213e159979
748,0.01123764206966179,2026-09-10 07:16:46.080076+01:00,97c5c84c9bd26a1e424096e6faee1c0453ee98fd871b97b189e4a940c4b5b9f0
749,0.08326476943233503,2026-09-10 07:16:46.080076+01:00,105f8a9da34b00297065940b0661509faed492f8d530f16998802afc78d57fdf
750,0.08942974598058079,2026-09-10 07:16:46.080076+01:00,0538664fcdf89b6315167344611607c1d3b8097286e6ae73c89700884e3cadc5
751,0.09373632903886579,2026-09-10 07:16:46.080076+01:00,7b6fe794de120fd3dd3f0a6d35c2330212058fcd62f5f5514afd66c2a1bfc1ed
752,0.058053550021937635,2026-09-10 07:16:46.080076+01:00,1d156fa37a6d64a7302b81641e95b4ea8fbab2777106af1bde775cb89c91a287
753,0.03627123122643885,2026-09-10 07:16:46.080076+01:00,4a768d9815d0795175f79d7b1ac1b9e7aa0975aab1c63d4c6a387fcc3b906d20
754,0.049836282465529104,2026-09-10 07:16:46.080076+01:00,b31e8c50393f4856af8a9e6497f48a8b0b5eb23517c75fc741b921a133f3f5ab
755,0.014334413250460394,2026-09-10 07:16:46.080076+01:00,f63bc37e180560fdcc967e3eb193217dc2d95d64c4e42c8c9d1481fbdcbd95bb
756,0.07518081972523964,2026-09-10 07:16:46.080076+01:00,37bccc235ad5a99f7f2a726345ff510ac1c9f579d67cdf0839283c6c52d9143e
757,0.05243382620456903,2026-09-10 07:16:46.080076+01:00,fdb1953e9197144cda6e1c1e656774aef3e4834887face72bf88dfeb308421b5
758,0.08879707017828559,2026-09-10 07:16:46.083028+01:00,cd429cdfc1fd46e98b9f6ba09c767e1cbe5b685acc0729576d29e72fc1d678f6
759,0.0862684078437792,2026-09-10 07:16:46.083028+01:00,d1ff88f59924c5b8de4c6f7a81aa78004c01bf7c6e4347e8e367d0dbc97eeb61
760,0.08378944523810587,2026-09-10 07:16:46.083028+01:00,e0769ba219a988b33135f58f5c36807d12adc8ce5a4cb97dc8e98545524f586a
761,0.04445567229105715,2026-09-10 07:16:46.083028+01:00,38e989014c8692d477fe859a6d36a7361f9e9382d8e03d5a17a1d6d663d4c467
762,0.161457406699876,2026-09-10 07:16:46.083028+01:00,8ccbe8a95935b9741d5315e733f1956c033170b05d79455dc38fec7a741aa8cd
763,0.04706832191506647,2026-09-10 07:16:46.083028+01:00,b01e49c24ef86049ac39f8629af042c66cc9cc5c846bb7860d593fefd99b2b24
764,0.18655897994730347,2026-09-10 07:16:46.083028+01:00,88c2d8e6bd81c57a61dc6c3d17fd6afd5a248ae213ace99e64ee91e04644fd8a
765,0.0493119704363948,2026-09-10 07:16:46.083028+01:00,487c413c7dd0ca6efdff9b6e9e93198b96059990a73d9e5d03cda6df8ff29ba9
766,0.1633485838522079,2026-09-10 07:16:46.083028+01:00,903586eb70d1fcfabf51c6152b061405b5df7a158e3e611369b894be91da4d8f
767,0.08894414159792362,2026-09-10 07:16:46.083028+01:00,4f3e6ec0f207b18066140fd88d4131db7ffb8041a1ffee41aeaf7717efb8e70e
768,0.21637925635622335,2026-09-10 07:16:46.090918+01:00,ed0c1a5bdb8125b729c7e3a8a586065f9fd9957f1100dab7cebc3a497f7a7bc3
769,0.04809845183973085,2026-09-10 07:16:46.090918+01:00,8b50da5f670253d87ceb720946688e9e005c58230725b348a453639a42856979
770,0.017318168357093638,2026-09-10 07:16:46.090918+01:00,63d8a62b62651b3c77126f5433b42ee326d4bb4bcf21a8563e10986b365c56e4
771,0.031414207681594815,2026-09-10 07:16:46.090918+01:00,dde7abc2d8f4a354b2183d6de7f7eb0fdcef05a85df8646953ed934c76f69519
772,0.11159773348803079,2026-09-10 07:16:46.090918+01:00,e1e2913c3f1588eeb11e7f2bdac8acf1500a044a58325a4ffc5e48bf4b050d0d
773,0.04667088619774386,2026-09-10 07:16:46.090918+01:00,513bf0df6fdb2147aa84b2b61f8cfc2ad897cbe7345c90a59b7d1a4c47a0a1dc
774,0.16910707877547682,2026-09-10 07:16:46.090918+01:00,014d5b65f80bff6aefca6d4bfec3332990930659798ad1ed5fe1ada4ff5453df
775,0.130620473354752,2026-09-10 07:16:46.090918+01:00,8d6e08c6a124b32641a3496a734b82c00bb6341bd8976be8feaa08cd85d7bcb3
776,0.1219734374464467,2026-09-10 07:16:46.090918+01:00,dd6951d731bfb26de206bf0f0c29ff4c4dbd915a44832cf32e460808a62930ec
777,0.10682030650290719,2026-09-10 07:16:46.090918+01:00,a631a3d0a9924ad7657c45f9d6f7503f77ec0a119794c17ad669cc3fc4f63f90
778,0.13251923206217803,2026-09-10 07:16:46.092871+01:00,7b72c8ed826e1ecada1948d8d212bde2e385eed4479529daf4b8c4fff81bcffb
779,0.2562814073847018,2026-09-10 07:16:46.092871+01:00,e1c5550c892a377f0b9f70d122a5f5b784c1124202067fd04f3ec81ba72b6902
780,0.26047166959789714,2026-09-10 07:16:46.092871+01:00,bdc11e879ef03dc9ab739eb116af6d28b1e82486de7b915ca65c95d68b004a2d
781,0.22968864772152825,2026-09-10 07:16:46.092871+01:00,ca9ba3886019a856d13acf09286988fd69f960c0c406cf56b50753d071bf72e7
782,0.12103904323369484,2026-09-10 07:16:46.092871+01:00,679c8252acadb403a4b486fe1b441f55ce074aea6f0e5bc8af123544540560e8
783,0.09130293830852244,2026-09-10 07:16:46.101073+01:00,aee0b3963050758d6cccf1136bcb7e8ad4290aaa2d0dd1070632f476c272f57a
784,0.23288007862011573,2026-09-10 07:16:46.101073+01:00,ed1e996fd734ffc9412871d54d309861399218a6812640c2c5d7ff6611e86c1f
785,0.3094072434237301,2026-09-10 07:16:46.101073+01:00,b414dc4dc18aac7700360970e22040bd54d4521582b4c3ecac4619722be9db24
786,0.17837542525405536,2026-09-10 07:16:46.101073+01:00,ed23dcd98d179c0211a626920df8774cc22f91f5b19deedefa098d4b0f5add6a
787,0.1880343143935763,2026-09-10 07:16:46.101073+01:00,0954df479f7ba2c2f4a9adf5af60408c69e962c7b39cc35068384da4ee409ba5
788,0.054657909152605974,2026-09-10 07:16:46.102478+01:00,e48ef95affa7b372fd5fa3878d1bb8494ed0469000fc770751ff910d137808bc
789,0.08964711095723638,2026-09-10 07:16:46.102478+01:00,2fabec72830d9c9a1c24b1b4ca5670d0b007c6633dc0567ddfb509e225df0bff
790,0.06758498008845286,2026-09-10 07:16:46.102478+01:00,93897d9f322705a69425eed79227305346e4e25ba672de98eb6be550e3a2b98a
791,0.07165112932924891,2026-09-10 07:16:46.102478+01:00,0c4b26caa52f16468b2bb0da5c45c46930c5ef85ddcf47ebfb93de0d9400a26b
792,0.06043610802152712,2026-09-10 07:16:46.102478+01:00,f43ef7a8c4a4d775b503b0ff7e728eb87556040619fd250e43f585d9d934d61e
793,0.07157077969421577,2026-09-10 07:16:46.102478+01:00,98c57c3c405f99da67ed333e04e26ca0af9ec03371d78803f84c3f5d73803f60
794,0.16971740591887696,2026-09-10 07:16:46.102478+01:00,156e4e2b5ab8b3ec648495d76b4cd591f82ffa43b4e6c51dea97eaac8d572be4
795,0.08108363180540328,2026-09-10 07:16:46.102478+01:00,86bfafbee8334c8a1e748e73ad271a4e8355a75b8e3016a98ccf2e604026c213
796,0.0941796013152473,2026-09-10 07:16:46.102478+01:00,9ff77ad076efea5b87fc683d49fe525892b6d6bf14ad79370d96f91b219bd894
797,0.1657242191127239,2026-09-10 07:16:46.102478+01:00,f6fea804df17e7ccfd8490542920b44588b452245cd1d7bdd5da5c8b86ef54c6
798,0.07374712460446178,2026-09-10 07:16:46.102478+01:00,41a60cc10f9a1dea3bd6db567ad38d42db036fe0a3929fc8812f09cd3c3a9777
799,0.05093626245457622,2026-09-10 07:16:46.111171+01:00,20afc59c233b00dad65a1088a79d61b2c72e27d8c43df53f9d07c706148c7dd7
800,0.04592068957172932,2026-09-10 07:16:46.111171+01:00,85209645263e6f1521947220ed24c5a6ea4854084ade57f4840f2378af3afaa7
801,0.035637176670157436,2026-09-10 07:16:46.111171+01:00,9d81ac674fe1e6264e43efda6cbe4cc845c467361ce46a9db9df55a4fa02325a
802,0.02913145407406267,2026-09-10 07:16:46.111171+01:00,00053e22feda52810c3048d6045a4c56c0d64cc69e09286d6fb43342343e2f1a
803,0.05326562159884114,2026-09-10 07:16:46.111171+01:00,80c77a50214e1c6ca271ccbba37645dbd5b3451fced8f94f86e73fead74d59bf
804,0.06198043376941961,2026-09-10 07:16:46.111171+01:00,cac7da1620ece891ed71b14af3813ee97f580b7322e97c11b92a43f68c4d5f38
805,0.15261059291854379,2026-09-10 07:16:46.111171+01:00,8a3b21729c5468874c2dc28316dbd1047b069a55f627a59fdcc470d7b0c8ee41
806,0.152089763157754,2026-09-10 07:16:46.111171+01:00,b32911d93bc4c0bd0448d1468b9e629d8c033db1081d2bad8203fe8ba3d65181
807,0.22439212080518375,2026-09-10 07:16:46.111171+01:00,e3a02df8d13c76a07ffbb2638e241535a3e71e7c28eec8366c11dbf919d53ae1
808,0.11915968319251674,2026-09-10 07:16:46.111171+01:00,5bf60f58856ec5abce835ed07b59f12fe0ce55625d718ddc3e269dcd3d099cf3
809,0.07487620178721537,2026-09-10 07:16:46.111171+01:00,91e1737692f506c925f3baba6a2c1b7a673961fd3e951c75ccbcc19f218e0bb7
810,0.06081133646283026,2026-09-10 07:16:46.113515+01:00,2a9c64f0a799b163cf47a95558cc5e3714bfd9f2e8a9804ae0eb8993d1653d87
811,0.10146234241626821,2026-09-10 07:16:46.113515+01:00,40b3dabb99db8f30fb43dd1a21ac57cbc3d85589a7d83b4ee699a1c1cbd323af
812,0.08763018176814157,2026-09-10 07:16:46.113515+01:00,b91bdcc9940d61ac90d4527cddfdf30ed84dab8282ed75163d414f65d5769ab1
813,0.0767400044150989,2026-09-10 07:16:46.113515+01:00,31dc1a32d83acecca4e05cfd98711fde48c9971d58fb9dff1a33bda64be7407f
814,0.10371414322511481,2026-09-10 07:16:46.113515+01:00,3f83c3e4e06c2f12ed507318e0ab7b39e46f28954694176d9c2adac27209c79d
815,0.21389980405614953,2026-09-10 07:16:46.113515+01:00,755bcfce5a47b5d3cb6bb829b4b3b260b95b4b48beb2886e2cc27575ece6f542
816,0.11680924946553953,2026-09-10 07:16:46.113515+01:00,3de3b141b252d4916a9722c11ac803a210f2c45a981d5e0e4e356aaf264944b5
817,0.11993610298817955,2026-09-10 07:16:46.113515+01:00,8c41098d851dede3bfd4b542087822770e0ad489e2dd3fefb275a576df54ea92
818,0.11899683520267765,2026-09-10 07:16:46.113515+01:00,a4be7ebbfe3b70c4f5ee437544ea9d8469e4fe29232d2a23168eb22db309b415
819,0.023152820242288336,2026-09-10 07:16:46.120984+01:00,071b4bd86cd0b6fa24d090332b50273b24167d1d4966ff87fc949552baa7bfa9
820,0.0833962692489136,2026-09-10 07:16:46.120984+01:00,50abf4eea7c7247cdd1d898791449556f6782442af9ac1c796b80173600d1521
821,0.0700772289658503,2026-09-10 07:16:46.120984+01:00,7a325711ebb064f092bf8429d5dc3e545253049f4cefd002405e3794030c517a
822,0.07777352261519883,2026-09-10 07:16:46.120984+01:00,7a37f624335334c13f95868fd9d34b1efbba915425d5c8640aa49049c419d0e9
823,0.09605343582501112,2026-09-10 07:16:46.120984+01:00,f4be6ef42defb2636feda6881e962fb4153aafe7ea0ee80963b0756ba2875033
824,0.314008269521716,2026-09-10 07:16:46.120984+01:00,31a9b231105977441692a3bae2438e5eae41a79922b52a9c38b485d12a864b47
825,0.10177177710262432,2026-09-10 07:16:46.120984+01:00,b87f903dc145084c5cd6fe4ec93c4f5aa63946a8883cf05c7fd1c5ed00132a58
826,0.1010243092721608,2026-09-10 07:16:46.120984+01:00,4364c34af00d822d556c7170654bf6828ccb167739d7eba6a6f7f8a34164827c
827,0.1327423672062368,2026-09-10 07:16:46.120984+01:00,3778dfca8fc864c110660eb03d594f5749b9572ada443df3fff9cf88c687af4a
828,0.07180743441636936,2026-09-10 07:16:46.122694+01:00,dd6623e9cf7e31e3638eb07f07289f99f87ae8f32345adbd6170c1453606cecf
829,0.10183382490309456,2026-09-10 07:16:46.122694+01:00,411eb75aeeada884d35f21c2bc6532b7de6c2014d31e4dd6b6cb785eb33b95bb
830,0.07297551212991213,2026-09-10 07:16:46.122694+01:00,7758fc9fbfbd9a524f584c7d873229bb68211da94d41d14ea4d8a12f9934a41d
831,0.0848867889776491,2026-09-10 07:16:46.122694+01:00,784432ff5f4dc4cb228de3dd9e9287474a1c8be683dcdc5fe531a2c32ed4cf46
832,0.1251287791725274,2026-09-10 07:16:46.122694+01:00,2d617f7bc975eef4dca60cee23bd425a967a580752b01ce4a0161b1a988051e0
833,0.08348414347295917,2026-09-10 07:16:46.122694+01:00,ca5d74515f4c9bdd76e7518b820244df9a4fb83bba0bcdd8c5500d8bcdcda632
834,0.044743988219555886,2026-09-10 07:16:46.122694+01:00,ae086f0cd0728c56745f3c05a1418ae409b49c5aeba79defaf837743e6430c2a
835,0.16230907291620997,2026-09-10 07:16:46.122694+01:00,308430505bb6db8cf677399d81831f4504a280674e7021cd79dd9be6573eb34d
836,0.0599398075439637,2026-09-10 07:16:46.122694+01:00,755fb8abb4e19e29c1c3d4f16dedd922f1fc0964e836d473461016abc351fc55
837,0.05685115097202218,2026-09-10 07:16:46.122694+01:00,f55fae02b94c4d1aa68abfdc1ec3d8e49d571f60ec1be0c2b5ba8c951ba94e0b
838,0.06637496476158973,2026-09-10 07:16:46.122694+01:00,bb4ee5e1e9f3772987047d66d6bf2bc5b9a1a61be089e950a160fce4a7816873
839,0.06966453251414673,2026-09-10 07:16:46.122694+01:00,69c2c42bf6392ea0105960f8be1a6a435c75d78d8be89e30ece6e32329d5136f
840,0.09871499410459887,2026-09-10 07:16:46.130900+01:00,fdde41777d043897652826c5a77442f276bf8f3eefd9168e12fd96ed84175e25
841,0.07194547369562232,2026-09-10 07:16:46.130900+01:00,1aea98876ec98a892d4708f5d4853930399ebfd9ce131c5c3d484a5f667fe76c
842,0.057159891728790206,2026-09-10 07:16:46.130900+01:00,9e4483be42280024f6d968b51bd850c2f5583b12fab42a2172c7fbd6b545c7cb
843,0.07808712866922969,2026-09-10 07:16:46.130900+01:00,573c63b04021bd156a3a4fcf55c500cd944064f0fe2cfd065350b9d91c63dcc9
844,0.1519025917808788,2026-09-10 07:16:46.130900+01:00,7380ce9573920215bb010c12ed26ac29c1fbd8f944c5e5481f7e9641e473e84c
845,0.10126227578656252,2026-09-10 07:16:46.130900+01:00,b5b44a74ddd1a4aaddd4370af0f3124b43271f18125ccf535cbbfde77b325d41
846,0.07178235071146312,2026-09-10 07:16:46.130900+01:00,30d7c99852ef86cfafbdcfc03369085a992f76062b48831361219d3266c1b755
847,0.14594178593423984,2026-09-10 07:16:46.130900+01:00,785741b4a5fcc8e45f5f67dd72dd4216f9436ed8c600274ba20651c54d030afc
848,0.03387358381041313,2026-09-10 07:16:46.130900+01:00,65227441461257686929b62fd7e2bb0c986c863c42fde64d492166b21fad776d
849,0.052906708619098713,2026-09-10 07:16:46.130900+01:00,57b89a364d95da946930271d32676a488bee9c63ae8942d9127cd3492aba636e
850,0.0766260077124691,2026-09-10 07:16:46.130900+01:00,698783a8a964ecb822adad1001aa549dc418d04e55d93627e183979e716931b6
851,0.05979720744663375,2026-09-10 07:16:46.130900+01:00,326cf660e29c163c8cbd9721b813895646b4f39d13fe23bd5a49876a8520add4
852,0.09774186149832496,2026-09-10 07:16:46.133309+01:00,1e20c210b38222b05358bdb927fe27edb5bbaeb665d01a3523628f1a96126a90
853,0.08058577076279462,2026-09-10 07:16:46.133309+01:00,44fa7b10b4f1951a6ad6259f1450a05d6b1c90dad976644e6fc82e0ab47b7df0
854,0.0983620741624518,2026-09-10 07:16:46.133309+01:00,3849a66da5ec01517c7a217b007d41cec28d3150cac5d2ed2912d86f22a7363c
855,0.1719632461778794,2026-09-10 07:16:46.133309+01:00,c283b412026e2cfefd43c4af5552e27621e10eb1cf51283d2e4d542de22fa8b5
856,0.10180728779298165,2026-09-10 07:16:46.133309+01:00,539a6c81d1e817d17a152d48e3837b8b49d4666d3e8edd659cd41d66f5e0c19a
857,0.10731730065819747,2026-09-10 07:16:46.133309+01:00,307d803f10ec152d0c9ea2e19e075847c335f9e43c907145b0c445137f46bcd9
858,0.17620561545829327,2026-09-10 07:16:46.133309+01:00,f29eabc07891fd0c88835b5c0eddd11b2c1137f58b51eccd711b41f6972e9732
859,0.04275499900652505,2026-09-10 07:16:46.133309+01:00,924b5c17439b79a4a5aeb36f11225d79b6f698b5f594d6882662aff9deee37fe
860,0.12326184448255167,2026-09-10 07:16:46.133309+01:00,6bfd3eeb1942a52fc096b8c6d374e934172667bc864646506db9532a39f3111a
861,0.02641344544809322,2026-09-10 07:16:46.140533+01:00,681cd3a378388faf0c77dd4bc23bc15e4a6c9c0f4f40b021f23d2ad70335da2c
862,0.059359206892471934,2026-09-10 07:16:46.140533+01:00,c4e27874689c7273d5a7fe20ae19e48b45692154b007200e5f3cb56397d62ab9
863,0.061357027737508084,2026-09-10 07:16:46.140533+01:00,c284e5fc6463d636cf3be7f68f7ec75b5ab65d6cafb82fc3b1272d027f0c5ba2
864,0.37761276345824735,2026-09-10 07:16:46.140533+01:00,21e1b8e3573415cd6deaa9e7ac29ce8d46d30095f148aa006ae7c85bfc77e016
865,0.12551732254835088,2026-09-10 07:16:46.140533+01:00,ec9ec3f47b34559ca483a93634deaf63784d98af291354b19461864995bb86ce
866,0.11289374537410922,2026-09-10 07:16:46.140533+01:00,1c9c27c893ad7dae117b949eb4b356e1f5e1174314490a2d2781a87b2c31f50a
867,0.16842138279242433,2026-09-10 07:16:46.140533+01:00,9ee73d62bc44734d5a35a2effab9c063b5c2357d7508650ce2e560d3402c1843
868,0.02724049839270242,2026-09-10 07:16:46.140533+01:00,02ceec34a476b08e90b14d90f138a026cd1bb0b935d2b946ad5d9ca0e8e10ced
869,0.04118460735609256,2026-09-10 07:16:46.140533+01:00,2880dc0e67b49ad89589b532453a7ee448801806dd29d753b11128a04268d6ba
870,0.09139934872191507,2026-09-10 07:16:46.142563+01:00,0d84174f1b0492ace254bacb1b08984aaf1d03928d3ab5b18d0a53abb63903c6
871,0.12191503869977338,2026-09-10 07:16:46.142563+01:00,5b99707f44e5708ccfa8488e3960faa016af6fc4b356d73e7501442316990464
872,0.06456624038421578,2026-09-10 07:16:46.142563+01:00,ebdac3c00b623097a73c23e438b8a8e3bf129bdacede96a2e6fca5c282c9717d
873,0.1206006070989377,2026-09-10 07:16:46.142563+01:00,47ea3e9e2174fc3e9c2d5863750b4b5fe4691f8190d6d424477ca8d40c0aa580
874,0.10453610155982326,2026-09-10 07:16:46.142563+01:00,c3ff1832ce757c5a4c1d5f0862090455430e45f30323f582f441f996ece5816a
875,0.13281173240637173,2026-09-10 07:16:46.142563+01:00,f8cbaf69f3a5d268e919fb11fb187d137ff6ce637a8076d4dfbec52d1b7cfc51
876,0.16415830602301265,2026-09-10 07:16:46.142563+01:00,3fb5b6b1c2f47edc52d1fefd90ed3ff1cf408f2abfba8cc3f79a4b9bee4b3cce
877,0.1428752687109328,2026-09-10 07:16:46.142563+01:00,46be7b6fa528552683c6b7c7b74f64bdbf723e8214e12f3bf20f8540c2ae7377
878,0.05713735639501758,2026-09-10 07:16:46.142563+01:00,55f7ea2ac1cceaac2e675b2a2dac71d31e60075982859903492b76dc5907f9f3
879,0.0413065500343724,2026-09-10 07:16:46.150261+01:00,38542a350b7c15a1a34666c3cce340bc86a615ecd493270bd71940c1346753c2
880,0.14130533349017152,2026-09-10 07:16:46.150261+01:00,318b0dc77e096f636c6f1d930eda31da37e4bc84c9a6371a83080f9d55777735
881,0.060788262999313884,2026-09-10 07:16:46.150261+01:00,361d8adce58f04808f9d92ef1bd08b3d2585ef29045bde4b6f8ad3fc82a8d0ed
882,0.047585258272241845,2026-09-10 07:16:46.150261+01:00,c81c5bd95cc984e8e2c75c715fab61631436044cc2b79d1152a72bc4be6e425b
883,0.04736260244779876,2026-09-10 07:16:46.150261+01:00,50a9c6a215cba9df547058baaa531bf6a782dffd90a0781c44f2eb6432d0be73
884,0.22991058796468605,2026-09-10 07:16:46.150261+01:00,d4116fdde80d245375693d7bc94d69c0cd59047c525af0e05501aff02ee1de57
885,0.21417014694015193,2026-09-10 07:16:46.150261+01:00,e94a4c1e5fc68ef001505334cb84c2e8507ce31aca0169004bd7dd28408098ae
886,0.1290612325717212,2026-09-10 07:16:46.150261+01:00,dac6fd9d9782f787470e83198e0d3cfda3f773afb9e7f039570bd9173df1c9b1
887,0.0885100252795424,2026-09-10 07:16:46.150261+01:00,ddd03c5a75e751ab790c512ad6b48623e84208a4c2a2415376079100fa6767de
888,0.13466591715687903,2026-09-10 07:16:46.152020+01:00,237a75abbe9661cce1824c77d309c1978bae617eee27e47a76a76189adb8c24a
889,0.11754309716065073,2026-09-10 07:16:46.152020+01:00,62aaf005adc096f70387d849ddc12de77b48c59518ae91a87231759728628962
890,0.13242911299214363,2026-09-10 07:16:46.152020+01:00,32250a0b88fd8f172b2648dcc5a3371dc4eca5af136ef6ccafdda314a72ea230
891,0.07322481776765605,2026-09-10 07:16:46.152020+01:00,ba2678d68f65b6d608e1f0c3f1e4b142f27ae64e0856bba8fd0f41ca017b184c
892,0.08783562946625487,2026-09-10 07:16:46.152020+01:00,d19947c6c6b52927e7f67bd05364c235059263cbac976cd74b08d9e69867d9ec
893,0.048230978835349755,2026-09-10 07:16:46.152020+01:00,85f6dae18fd89e550b8f79f7fe210e4daed8e104dbeffb853ef04cb6f36b8cd0
894,0.09459725802177134,2026-09-10 07:16:46.152020+01:00,607f455f90243f223ee72c5d22c2b8ee51f3789dd4ad067da5ba7b11e8b2225f
895,0.07668196504927859,2026-09-10 07:16:46.152020+01:00,5aaf527bae21047d7e1c0da2bb8fe356efa335d95f240b28e48e95ad9675c936
896,0.08769719371511438,2026-09-10 07:16:46.152020+01:00,ecbd5925c3b7030143732075bb8a7bde0fbacac8464c19cf8f4fd485d35b90fd
897,0.14709402983490144,2026-09-10 07:16:46.152020+01:00,37de2fa8e663832b6bb2c7e94549e142ae2efeae3c1c1be6cfaa8636f92e14da
898,0.11552656303367166,2026-09-10 07:16:46.159610+01:00,bf310fb82b0faa236bdb6c2e507d262da62017469ac2ba5c423267837d23a7ad
899,0.10188744852579582,2026-09-10 07:16:46.159610+01:00,8cc907c4e2f376847f832a53d5661242680eb0b8e06e3d14ea7eb3fe63e2a62f
900,0.1640017110809159,2026-09-10 07:16:46.159610+01:00,2fce62ac4cac83bed3f56a7894eee62e1e6422e661785468b9bc2e481d2dc255
901,0.04825846878704166,2026-09-10 07:16:46.159610+01:00,53c98e7554da40925ca86da1251023308135d0bc0936370c58e0e9dec3244d2b
902,0.06645299306313675,2026-09-10 07:16:46.159610+01:00,f5a90a1e21bdb0aed33bba5835aad6625619a25019e84ca55153b9c372a2e8d5
903,0.036330035436186514,2026-09-10 07:16:46.159610+01:00,5e70d17d30c75101fcf2e642e46fcaa8bd1779cda8a25e69cdaf48574fa9abfc
904,0.20288156916836153,2026-09-10 07:16:46.159610+01:00,1f1394a7c70bd844cc2eb5a7df034b42270adb52d7ed4343647336b4fc4e7863
905,0.03544995630292712,2026-09-10 07:16:46.159610+01:00,dabbedddd68998f1da3ad44302e4f1ccbe373535b7c44f362024e170cca871de
906,0.07525354484538761,2026-09-10 07:16:46.159610+01:00,0da27da182a5a51987d1c92647d1acf345be3d879c683611a75b68048d003753
907,0.15395770975657525,2026-09-10 07:16:46.159610+01:00,3e7413fa1d37da1f8f73eacd3575d18583a0e4f14f5ef5800e10bfd0643f0e03
908,0.11917953776612403,2026-09-10 07:16:46.161482+01:00,647785bd1ab34f7055e58890cd7016f741122ebb285d417038d4abed0d45ca6e
909,0.22338567192867567,2026-09-10 07:16:46.161482+01:00,f176bf7f948664b8810f0086fbe7aa52c2c45cebfb0ef9b0c5e254570f9d7479
910,0.10531038409210404,2026-09-10 07:16:46.161482+01:00,f4d46d3dac13a87dc9236bab9ec48d0ee995187c6abb26a70d22e984ad624be6
911,0.11739460737449824,2026-09-10 07:16:46.161482+01:00,4477e722863cc417b3ffce965b324900a4207b8af93a5cb05f76a8e90606f2fe
912,0.1189950808382,2026-09-10 07:16:46.161482+01:00,e8ec709f2374036ee214715275669c9fa2f75445ab24e5a60f73dfbcfd88e137
913,0.09192952495727925,2026-09-10 07:16:46.161482+01:00,8789436f5c867a8182b6aa6aa30f08f14326c085e87a4d05b91d2cc2ba386821
914,0.11542418416420895,2026-09-10 07:16:46.161482+01:00,3fb73122e1d1eb4054074443509e8fd58a1dde03b713b7563129d76799fe10be
915,0.10838100887890985,2026-09-10 07:16:46.161482+01:00,43c4dab1b6e4768808a1fdac98c265ab50db154af5f6ad53e865b1d12bb0e008
916,0.10091949216589896,2026-09-10 07:16:46.168884+01:00,5a4361fdb9a14495f897a96ef3e010f286b2e556ca27b694707f029ccbaac06b
917,0.16776922690415658,2026-09-10 07:16:46.168884+01:00,46797ffd3a535b854f54c11e1579207ccfd3fc7cef827c7ed1f4cc28e42f830f
918,0.10141211523857942,2026-09-10 07:16:46.168884+01:00,a577aaa29156a7fae32dfddf9ea86e9e873a6887971775dcfd943021026a847b
919,0.2049093193722433,2026-09-10 07:16:46.168884+01:00,157e10f7630e1f9e1d9595292a045dd5508d81d4214b4f5725ef2b0135b0d7da
920,0.1803937236095773,2026-09-10 07:16:46.168884+01:00,047e9d78cee8a3e9ec6c80532452f50922a724cfed61541ebe59a4a6d9454cc1
921,0.06858449922694246,2026-09-10 07:16:46.168884+01:00,4786f065810ad89b547dbbdd2ed157779aa488aa9b24fbfcde2f5366b45c2fc4
922,0.07988218258039709,2026-09-10 07:16:46.168884+01:00,a92f74a0bf0c2160d90f52bfaaa774de3db344563013e053818624f6c0877306
923,0.09612944090220503,2026-09-10 07:16:46.168884+01:00,8a0b7ea9a0c065dd156e10e700ba878dfb5bfe045c616811e4ea71fffc29b455
924,0.12976177759601715,2026-09-10 07:16:46.170895+01:00,e46dff6fe2a96e98976a203f26ccadf860682ed25e65d0ecdbd3dc77dcdc7ab6
925,0.05750091626386452,2026-09-10 07:16:46.170895+01:00,4d8d63048b09cc1434b9c490b783daa795c33fda85c9660349c17afb4fced630
926,0.1266786922300437,2026-09-10 07:16:46.170895+01:00,b655fcd6ac69a8bcd2808608880dc6635388b827377c67ce600a3f1f93ab8a60
927,0.05859350836749697,2026-09-10 07:16:46.170895+01:00,a71aa6f9840b1279181a6a3dfb0ce83eb243e98f4886953eec548d0e4e48d949
928,0.053337929299900666,2026-09-10 07:16:46.170895+01:00,dbb57e5012578fc648dcb450fdd435d6a192b29463dcd73c92a86b6bbfef9322
929,0.04915617491081719,2026-09-10 07:16:46.170895+01:00,e6582cd568aae0176b23c92e6c8fd411c20fe0711cc3382eebef84e6f1db6741
930,0.04728927422135136,2026-09-10 07:16:46.170895+01:00,8bd133da40a1594cf61ff3b74be2330622cb8481366a5e9b04724f8e475ab21c
931,0.013868412844404973,2026-09-10 07:16:46.170895+01:00,6098e04edda978686ea61fe3825a6816553c14335a68c1689c705fe4a06967bb
932,0.15720670629727723,2026-09-10 07:16:46.170895+01:00,965d3dc32290083228d191dc4288ba1268584bf982bb58849bf970eea992de38
933,0.030586781509231904,2026-09-10 07:16:46.170895+01:00,0120e378c946494e938aa449138e65b139c751e56baec838e3af85d53c9fe527
934,0.0851378894543627,2026-09-10 07:16:46.170895+01:00,c4e06368fda9134a2d7c1c473a6b9c0853af43fba7db5cbd2051651b5c6f56db
935,0.10105516242510611,2026-09-10 07:16:46.170895+01:00,5e81c0d35c4d041a913937703d7912aadd8fdd5e3917d6287ce0dea8e50d3035
936,0.02718037052462508,2026-09-10 07:16:46.170895+01:00,d457b82415bf3a51767f5ba1e8d70957c9a33300a93ef6fdb70537f1dd7d654c
937,0.0626464040555004,2026-09-10 07:16:46.170895+01:00,395228d17c5f81b6969229f5381afe82fcf845624952e9a769d1c572b1435f2f
938,0.16225128975517167,2026-09-10 07:16:46.180634+01:00,0673be0ccb31d4ee5157b3cb9380f77f20d91b50e6f3511d1a533fdbc1697526
939,0.026463393936785016,2026-09-10 07:16:46.180634+01:00,8fc5e55f1f44c2c6106a72e819487a2913b85b6526f686bd1d026cf94ce7cd5f
940,0.10683252255768637,2026-09-10 07:16:46.180634+01:00,e3995d5ec8a43bdc195a8b797561469c8f678637b2716123b7292e8faf8f2985
941,0.1459159347796248,2026-09-10 07:16:46.180634+01:00,205dd6a7b66020880a2ee7b38edc6f5a4644219d9fc1c72ce474658d3d59f5b5
942,0.04599111900333221,2026-09-10 07:16:46.180634+01:00,690c613aad337c1d8f4b06f4a79f62810f83bec7ebe1c93adb4d7ac01d0985ce
943,0.04599111900333221,2026-09-10 07:16:46.180634+01:00,43ffe0fac067cc79afb082e334f0e6694b24bfb1f52977a1dea094997e66deb3
944,0.05811296880357846,2026-09-10 07:16:46.180634+01:00,ac148aa4aaccbc2b5e5ccc02aa6863ecaaa4cd4c058f98585764982b700d6e16
945,0.04071341603079888,2026-09-10 07:16:46.180634+01:00,abb353674bdafe78f45447ca804f854039ccb4b5e47148de6c2f9c648ebb7961
946,0.12387653873831356,2026-09-10 07:16:46.180634+01:00,fc826abf76a732658ab5fb4b010a36c9555195875a222fcaa052abfcfb4a42f3
947,0.01034359644469463,2026-09-10 07:16:46.180634+01:00,12981ee1f38f5a4bed8945cfec3a844dac4aa09c44cd3cbbcc11f809766321e5
948,0.09176226653761553,2026-09-10 07:16:46.180634+01:00,07203784b87b352788ec5661ef8bf55d69ca38326f923f75008fe67f41ada73b
949,0.0835923868555902,2026-09-10 07:16:46.180634+01:00,45fbb155736847d5a6aba2e59074baf11414f194863476f78f9e2a69b356c715
950,0.0066764853981360756,2026-09-10 07:16:46.180634+01:00,3c57db18329e5306a18b002ca05edc063ec5004567be852fbbb4b25d3b0557c5
951,0.051476962155340616,2026-09-10 07:16:46.180634+01:00,8704055f692178da60391bedafde685e399e07b67f9fa7294542e37aaf0487fe
952,0.10647849681990403,2026-09-10 07:16:46.183228+01:00,6a505a2c61f71ebd6da03d35f05d4bc3314e298fcf45e8e953ccdbc0adccdc06
953,0.08991011330697445,2026-09-10 07:16:46.183228+01:00,4790d8c4de467e106fc2549928e209c022dd3a5029e568f4c6857f1874539088
954,0.10847095548447355,2026-09-10 07:16:46.183228+01:00,2fe034ab9ddfb2583bd9d32d5ef9a3e9490cac7fc305661b0bef25d7ee7ada67
955,0.0784659832659302,2026-09-10 07:16:46.183228+01:00,1753655771679fd706c1f23bb438b4e2c165c0d423affd1d557062e678f7198f
956,0.13125620629063967,2026-09-10 07:16:46.183228+01:00,6747451821e2f2d83b74c1d2b83f39fb508cfd5fbe63eeeec4ee4bc0160b6946
957,0.11363947759290807,2026-09-10 07:16:46.183228+01:00,77f509391bbff66809fa27b0a530fb7375e7213e6827c849391f6c8a79463de0
958,0.060332219162824725,2026-09-10 07:16:46.183228+01:00,2aa0bdec04b1bdf0e33efbb95fb7319942baaf12a2e75161bc3b50bb7015acbb
959,0.059140122517685495,2026-09-10 07:16:46.183228+01:00,08298cd09baead5f6487a61413aaefa296b187a25d03b75e60cac0fbbfd913d5
960,0.07642376211431434,2026-09-10 07:16:46.183228+01:00,73ef70979a2963fcc436c428ce64d81e0e63d7c6de087e86c1bb6ff20f6f0e07
961,0.061111130674454825,2026-09-10 07:16:46.183228+01:00,25cb98ce8b6658126d5a8eef6c474ee04ba5c0a2a9b1f77f103c297c40a299d6
962,0.11477153276989073,2026-09-10 07:16:46.183228+01:00,c63bcbb3670956c3bb5aca03b9d7d837a0e8dd8ad44f387f8ba39026ef8d72ac
963,0.048026392166803995,2026-09-10 07:16:46.191370+01:00,c81c0a46968a5a09a2006fb48e49430d3de4320c32fcd5c6b70093291979c0a2
964,0.1294086062780654,2026-09-10 07:16:46.191370+01:00,ebf011995176334ca06ae68597e6c0a07e82183f002f7760946170c58ec1fa19
965,0.06930050299176493,2026-09-10 07:16:46.191370+01:00,2d2872fc89cf275d3833b9f223d877e41b9ac1129dfaa41946abdeba49f2fc3e
966,0.060993440994355365,2026-09-10 07:16:46.191370+01:00,08ce3631dae3ef6a56fc275e18afdf5c20d33a5044823b2019eb2b105fd5149f
967,0.27590169715371893,2026-09-10 07:16:46.191370+01:00,e96f542dc3ddad230cb11f01270d8b537ff2c9f9d34ab02960d238f342d270f5
968,0.15489952355703523,2026-09-10 07:16:46.191370+01:00,d62453879784ec3abab4797775c41848464fcbd4536f0266abaa1901e7af8b79
969,0.03377543279196992,2026-09-10 07:16:46.191370+01:00,1ffe76166bb687c6e9ab8c6261b9de42305b9d76c6e56c63b6bed00c10015ff1
970,0.04136444522656134,2026-09-10 07:16:46.191370+01:00,602282e1900823fbdddfb773c1a1bde6cc22db797d37b10a826aceba88c5920a
971,0.03800446213269843,2026-09-10 07:16:46.191370+01:00,0b1451dc34ed808da77a52e8e9262e33c8b9221dbeede0865dda29fb4ba90c70
972,0.08929630624114228,2026-09-10 07:16:46.191370+01:00,19c49b8add5ae48e29694aa014689e3f88cc50f5c612da9e1d59acccc634b040
973,0.0590291904658843,2026-09-10 07:16:46.191370+01:00,791dd25d77550633b999a55b0545a4641b7f62e55cccbff8a64234cd19611968
974,0.32328511162199985,2026-09-10 07:16:46.193835+01:00,e3b795b06b6b44116675235c21c388d2003fd46ed3b606387cc477a2c42b9717
975,0.05248104139123791,2026-09-10 07:16:46.193835+01:00,345417af67e1d43e195261fc59b892fe48b985325caefd92aae57f89b535cab0
976,0.1288501665463298,2026-09-10 07:16:46.193835+01:00,61739baac66fd422cd5bef11fabed7f059d70c6ffc13e4940e97efff2606afbf
977,0.10541702387760106,2026-09-10 07:16:46.193835+01:00,afc9543cbf2c70b7d259eab0d2ad0b736dc5eb76b03d86a101a79d2f3f5f9705
978,0.1518876668226381,2026-09-10 07:16:46.193835+01:00,b01e923340080eda97ad3f6fb5b003daaa237903b9d384e417aa73bfa408c59c
979,0.13590234328244835,2026-09-10 07:16:46.193835+01:00,cc4d195b4d54346a6a329ac2dcfe6e4fdea1af47f82a53c3f6352f237263c040
980,0.10217664645774495,2026-09-10 07:16:46.193835+01:00,5b8879b844540615356cccecddad0f7f260374b25722ff51d058c6b3719340a3
981,0.2785497673463529,2026-09-10 07:16:46.201223+01:00,f2442a8b61010ff7819b0eda83563322b4f47b90eff571f2921d37ac93bdc807
982,0.04518555045414063,2026-09-10 07:16:46.201223+01:00,1a73202536a482bf013a10d57c798cc4426b10163867f8d27a7a2701da268c3a
983,0.17677141393008516,2026-09-10 07:16:46.201223+01:00,3c2d315e5cda1c3c06b7306350cc7c6b3a59b987cc4458fc530ee30bc7427442
984,0.13196942041495222,2026-09-10 07:16:46.201223+01:00,8cb27cbfa17e23aa3bce04299bafb397b6dc3906a7719963f1c5700751927a68
985,0.1605754020525665,2026-09-10 07:16:46.201223+01:00,a878375c5eaedb8d63631c09691ac46c2148fc046d8a44c3cf542fad8e6a0717
986,0.12454818285031781,2026-09-10 07:16:46.201223+01:00,a5ebf491f54296181ffbb1700a4ec165b63d1eb014aa6b6899080f0d9e3eb696
987,0.08240026295158483,2026-09-10 07:16:46.201223+01:00,5919dffb60b21ddf7b57323c77fcc79acb6b82dc74bbbe3fa60c348a98e9c947
988,0.08888017329291703,2026-09-10 07:16:46.202700+01:00,a332f4965f464d35c96fc1b67ae996ef24ec6e71fea43cdec27be438ab3412d8
989,0.15979114337813646,2026-09-10 07:16:46.202700+01:00,7021a7ff7ece40fda0bc702532ed226b46b97dd5a7c251c580dc80e49758f983
990,0.0372439741232623,2026-09-10 07:16:46.202700+01:00,7660e0347308c1e275a4176bf6ee68eaad39c175ece2d0815998992ca79eb985
991,0.09076178159297908,2026-09-10 07:16:46.202700+01:00,d5c6ffbd756ec5a482993aab1771078cb299591246fa3e94ef648d018fd954c1
992,0.08296571664770584,2026-09-10 07:16:46.202700+01:00,dcb3119f7f2f797fc4a01309c455722e4e92a5b23b6cab8fbfe901c1124fd357
993,0.1745711368862902,2026-09-10 07:16:46.202700+01:00,67c74a558cf6e4006c31d5de987f9de9c3715ce95517558f2748517ee658d6c0
994,0.15749271923392577,2026-09-10 07:16:46.202700+01:00,28ad92b137eb972a1cbe7007c3d01e77c733823a9143eaa741507acef0fae9e2
995,0.047128668584076036,2026-09-10 07:16:46.202700+01:00,055838db76ece70ffdb2a5a153a2bb40391f0f9eece8fd14ab12594bc2b3c79d
996,0.07194986485051523,2026-09-10 07:16:46.202700+01:00,d45f29eef504547d346ee335bdca88a257a11448c27ca5c08cb27e9c52f01db7
997,0.08921482141019207,2026-09-10 07:16:46.202700+01:00,1eb27ff0fd51b7696c6fe53540b8ce51d12efbfbcb303b783dcbbaeb3a8907ba
998,0.16251684598172642,2026-09-10 07:16:46.210699+01:00,54a94e8b2add6621fbf5e673d832ef9c08e0e2148fae2b54b238240a146ce3fc
999,0.11088087634829834,2026-09-10 07:16:46.210699+01:00,e60fe61b9ebcd97ed67d110d03d947e6799db25868a306115c5eb2e3c264ee71
1000,0.015152390983075657,2026-09-10 07:16:46.210699+01:00,d8c38c4645a9ed29461da6301cf5b66a294f97b4011cf8f150e4be17e5435614
1001,0.11442363274799452,2026-09-10 07:16:46.210699+01:00,b155216da7b2af291cc8ca6923a109e75fd01ea0ed0a374428f32dd7ec6fb89d
1002,0.04785267874555565,2026-09-10 07:16:46.210699+01:00,c46d7091633ad9e4b1de8373329fc6c192f83509d63f8191c75c7b52a731756f
1003,0.26901405648220106,2026-09-10 07:16:46.210699+01:00,f6fa058dd10f3992b88be20a481abc9f08fc8327ba24c883e85000365339878c
1004,0.09136631007146148,2026-09-10 07:16:46.210699+01:00,e724c1e407ef883311da0cddec35cc413bd4fee562773b09f4558411e55355b9
1005,0.035115969840063106,2026-09-10 07:16:46.210699+01:00,cee36005df4292c6853eb624afd8d39498e325c32b456873791c38a10c5f0f23
1006,0.06981841792591391,2026-09-10 07:16:46.210699+01:00,c8769c51165459741100bcfc06717f816ee3f190e3660af5aec2d2e08cfe43db
1007,0.08385882087370998,2026-09-10 07:16:46.210699+01:00,e1c2641e821da7c0bd77cb2f212b8f548a657482caa5def21fed47131212c0b7
1008,0.12979149122546346,2026-09-10 07:16:46.212905+01:00,c0c40206dc5f9e942fe58edff57738074fc17bc24e3eafd0d88acf61712c0c5c
1009,0.1198258633073157,2026-09-10 07:16:46.212905+01:00,64a41a47acc0de82433081e1012bb6e820b05fd53582d7ac7d84960c310bb603
1010,0.19957977894905346,2026-09-10 07:16:46.212905+01:00,a218f16626bb89a604a500de4104428bd90993c16c2ce8fffaf6be5b1408e6b1
1011,0.027009484184440623,2026-09-10 07:16:46.212905+01:00,11ec0a9b852695d190b5ae3693c6ef718a647c1a0da1512382b4f04649791a8d
1012,0.11132290333478,2026-09-10 07:16:46.212905+01:00,82d66cdd833ec009dfe9f2dc99a6adf50bdf53ce9a505f7245007a156de713a1
1013,0.14443228983760004,2026-09-10 07:16:46.212905+01:00,52b485297429aa9e7200c6fb0d5f0d8f99855a215d42b21715c9e3b23c9e5c77
1014,0.019107072475135916,2026-09-10 07:16:46.212905+01:00,c4eaa3d6188d009587d86148db8dfed2f622092ed75379edc481ac7927a79527
1015,0.05415373741370174,2026-09-10 07:16:46.212905+01:00,5f672b550d417c0a29f54d1b87acb1ae56a7d9f9dd311ef9556268574eca778e
1016,0.09210342925433368,2026-09-10 07:16:46.212905+01:00,9f2264693fbe97081d89b7dd1452da91bc108c0e004ccef355c43921ef7d4ffe
1017,0.04966563921837817,2026-09-10 07:16:46.212905+01:00,aa75d21d2906f58a89ecb69a63fc29c85ce692abc86cc867b33f7769dd9c3a2b
1018,0.05300831079979724,2026-09-10 07:16:46.212905+01:00,29d32ec6cc0be683db2208f93baaecc367757261b215cf6758c82046e03012b8
1019,0.0870397956273035,2026-09-10 07:16:46.221371+01:00,c69bf02a320e55f8efe1e278a8ff49ecaefeebc7cd11aff9c88d93199933fb71
1020,0.21798820875724387,2026-09-10 07:16:46.221371+01:00,ca36ac07bf96c708dad9879cae4ecd3cc4970294bb28a21126a91172fee3ff20
1021,0.15290303515151818,2026-09-10 07:16:46.221371+01:00,1814ad7cbe0bba95db35ef95c7afc091effa1fa00f6fbf4efebd28cfb58882b5
1022,0.03892469342386001,2026-09-10 07:16:46.221371+01:00,8982725b1022854e836b61944a3b98a2e2eecfe4767fb67d547414eec6d61659
1023,0.1862930011915763,2026-09-10 07:16:46.221371+01:00,ec56a9d3f8525a0c73fb469068bf07c38abbd6887a284c66dca09c0a9765808d
1024,0.07037654015029113,2026-09-10 07:16:46.221371+01:00,9cd92449c91e11f6caedd3f1b0933c243aeb057e94ee2764128cc8b40093668e
1025,0.04970670537060013,2026-09-10 07:16:46.221371+01:00,3a8c27bb51b4dbf1e5cde2aee8c70300a7646d72855d4557c9ac77b5ad834f07
1026,0.06470743674428095,2026-09-10 07:16:46.221371+01:00,4e8d1b79501a33c3d3880e4908625ca89851da62ba2a21079b200abec7e5c102
1027,0.039932392893568765,2026-09-10 07:16:46.221371+01:00,b8a90c8ba69006970f733522e279ca8164a7bbe7628848977b74c9a7442178e6
1028,0.017088214547697312,2026-09-10 07:16:46.221371+01:00,41b617435e638ed0684ab78594ba69880fdb0fd0850d32a55758bb8fa796488c
1029,0.07503997614206005,2026-09-10 07:16:46.221371+01:00,9d42ecd5e51b60727b91ba744ab1067d36188db57461fdc9f6590d78418c515d
1030,0.27258876152183503,2026-09-10 07:16:46.223553+01:00,bf14558d598438592911c49d503f9124389e2dbaddf12a1f0cbf4bc8fe6f814c
1031,0.22593702803766616,2026-09-10 07:16:46.223553+01:00,e783d512e7d2ccfd07093150c76ec9196e88bb5d1b9906a48c9880d4ac6ae58a
1032,0.16595817727078327,2026-09-10 07:16:46.223553+01:00,f48019d6a35f9dff9f85a610f25874a8d1bdb3c57aedbd9e63694ea7dc6b8d84
1033,0.116468886412229,2026-09-10 07:16:46.223553+01:00,73033f307a45825810df547e6cf08643794694111b73fe63e4bb4b6918f2c6cb
1034,0.13969466092560512,2026-09-10 07:16:46.223553+01:00,543bdacf78f0ebf189b39cb58721f540c5fd1c4d74dd28c18f68b230634a3aac
1035,0.07935248583188133,2026-09-10 07:16:46.223553+01:00,057924721184df86c5e35472a971e1345235199a24e6dda5bdc2425e7d8526fa
1036,0.39452533679071056,2026-09-10 07:16:46.230444+01:00,68348223e3408b2533693483606724e7f7aa05085f844db08436b2913dff410d
1037,0.22846412744902203,2026-09-10 07:16:46.230444+01:00,0bf2aa7d7afe1b3ea91f1b331b1018317e8d0241c664d06999dcba4a8c772ee3
1038,0.21082929381931526,2026-09-10 07:16:46.230444+01:00,79021cda3e4123e05a6cb5f2f2d302da5b041e07884b240402413eb781c0519d
1039,0.03277918941547244,2026-09-10 07:16:46.230444+01:00,9cb063219ed40e1a81b5a9cf0eaec9d33493c3a06d32f87efc76dc2e247e9b2b
1040,0.06937239657286493,2026-09-10 07:16:46.230444+01:00,b11d34ed907611d877b7f751ed8425b930b88c6f6f17458908d51feabe5dffc9
1041,0.06402965595261495,2026-09-10 07:16:46.230444+01:00,9c9118dc297f325854b5a9000ed18cce01001e9ccc88689157ff35c8d8d88b62
1042,0.030016859314813935,2026-09-10 07:16:46.231787+01:00,ce2d9543fbbd754a4301ec1bea85d8beca18e6daa12916273c47f9ce1bad2f03
1043,0.014543440875837869,2026-09-10 07:16:46.231787+01:00,fc85dee5367846609c9edd011fbd83dc222acd4427cfe34a9313c0353fc43311
1044,0.020665693474130952,2026-09-10 07:16:46.231787+01:00,53cbf9fbf0ca5b02ade81ec0670447bc7f36c50aaf328880119f6591057f75f0
1045,0.0806214419359308,2026-09-10 07:16:46.231787+01:00,4de9f2cb8b2d0bdf63883cc18492c4732e6490f8606199baf677c51e5d05d491
1046,0.10769795733149655,2026-09-10 07:16:46.231787+01:00,4a0ea070b02fc2dae97df27312fdfd6a5a6d83c411ea0319d2a61a3a4fbdaa22
1047,0.10171548360349351,2026-09-10 07:16:46.231787+01:00,57b64f7a735ec774071d78dfe57010a448f98bb9a6bb8c0c2a7b56b185db0601
1048,0.03935075879685769,2026-09-10 07:16:46.231787+01:00,c0e97a828af24d1e3a3f7e4ac10551548e556825354c58fff13acbc1c1d4d2f9
1049,0.062010869186898854,2026-09-10 07:16:46.231787+01:00,daff759a283f7a4b1ce2c67e46c1fe3e3add1a064f23d35734d669cdffc0394e
1050,0.0529492839945619,2026-09-10 07:16:46.231787+01:00,636ec88753cae2be64a2b7863746e1ca9b4d9f51e4d03e3bbe48e34f062d458e
1051,0.08072984937990929,2026-09-10 07:16:46.231787+01:00,bfbe9e0856c36045a42f21000632749639d47fada2f78748249f7ed070eccdc1
1052,0.05626132479367845,2026-09-10 07:16:46.231787+01:00,467b73cebaf7b2609a94857a3197688852f684df98814b34868fd5a55994e11d
1053,0.1072715622706376,2026-09-10 07:16:46.231787+01:00,ceee44dc79edea320b6c4df69afdccc287a9c86b8fa4faacdeebda91c7062755
1054,0.06555028359459168,2026-09-10 07:16:46.231787+01:00,5a8da368932bfd27048321fd3e546c37489df918a8a0560e9be1a91404044968
1055,0.03454869241154861,2026-09-10 07:16:46.231787+01:00,67a2961cca29205f5b057743f5eb1ae20772054cc1d2a7d9fe4d7aff5078e0c3
1056,0.06719218556687866,2026-09-10 07:16:46.231787+01:00,9752a2a09d181177f72fa85d10c3e8deb14acfe6d251e02b84c2ba16cf941f79
1057,0.02959396224919708,2026-09-10 07:16:46.231787+01:00,404fbe327afcd5ae44e9b3883c865172c23030f429a127e3882d4c813fd513ed
1058,0.04928035121953656,2026-09-10 07:16:46.231787+01:00,29ae2f67119662fdb25f1c6322adf5891d3b05925aa176d8f8d88298beacdf79
1059,0.025693019765168166,2026-09-10 07:16:46.240773+01:00,f3bbdf7621e47976cc0bd9eb07fd59e5ab9ce212e395656e885243b6a08703f5
1060,0.014808324366464126,2026-09-10 07:16:46.240773+01:00,1cb0d293cffaa304e19465a8c484d75fa18cb3c967049b9cbe7574fdd93597a5
1061,0.021031066666992303,2026-09-10 07:16:46.240773+01:00,f64c2e8dcdfe5d01f493a92d089cff88dd31dec06848eb0c941a348218eaa00c
1062,0.07030084705113596,2026-09-10 07:16:46.240773+01:00,ce448eb429ebb05b2966e418ba3bad7fe762629624240dec75b136d098f49e69
1063,0.08471577443680034,2026-09-10 07:16:46.240773+01:00,7ad8427fd54f7b2bc9fb9057d05f1c1c7b25983af70db0278b210cf1ac59a285
1064,0.1737876582797027,2026-09-10 07:16:46.240773+01:00,64415ef6464a487f38424024e1bd9ba6c8b47e287879486c8fe6879927c003ff
1065,0.04967532855811332,2026-09-10 07:16:46.240773+01:00,096c079c98252d53ba2431a12d40c10038c89910feb00a8a5a5c5bc9bb067bb9
1066,0.05122432407511461,2026-09-10 07:16:46.240773+01:00,0011881e2154eb1b483a4f64ef5fa95a79a94ffad9257655314e8cac1fc33224
1067,0.05669556327904024,2026-09-10 07:16:46.240773+01:00,ae8dc9051134615c709dd1839f91f821c9e2bbc8799d62397f390484668823a1
1068,0.07952726930217834,2026-09-10 07:16:46.240773+01:00,148222ac66e14abd9b00843677fa834ace1069d9b187bc32e8e95f7d7ce2dc7c
1069,0.022360569509987358,2026-09-10 07:16:46.240773+01:00,dab253fdb6a575938f50f96efd3dfa4afc03cc44e3b0656c4908cdc0d13e57d5
1070,0.0897591304076854,2026-09-10 07:16:46.240773+01:00,8c8af1530501948641429aa09904b9c740e469e65ee4b098dbd15f068fab6b64
1071,0.06493490601738805,2026-09-10 07:16:46.240773+01:00,180b34638f8b0fcecf1da9a347bcbd852ea80d81c517bf90942e07b0d8263ab3
1072,0.0429492974924304,2026-09-10 07:16:46.240773+01:00,b76ce62523dbe5718eb7502bad042f70487f8ef46040dacb9dd26964ae63713e
1073,0.07124265666349255,2026-09-10 07:16:46.240773+01:00,783a93a9b567afb70384a3f0ef4b33ba94f14d814e43afb748c30977c590b997
1074,0.027897273026954616,2026-09-10 07:16:46.240773+01:00,0ee56767590878c6a7a1954c9d2f4c6779294618f34ab97e3f0e0ae7f6384443
1075,0.053396991101351585,2026-09-10 07:16:46.240773+01:00,50f16880447ff15572a8e18d4ad9378de31665d33b2a39782acef06e63220efa
1076,0.0783570866337976,2026-09-10 07:16:46.243927+01:00,9596b05289a249065fd2e3bc6ea3689d3559d3ccc1dd79eac5aefadb9ea8e848
1077,0.12144868471574403,2026-09-10 07:16:46.243927+01:00,51aa5590b78ca10dd5e49ba05911cad33cf74ed6bfff5d7fc942cb8b987d0151
1078,0.1277461464171734,2026-09-10 07:16:46.243927+01:00,d8a437161b724eaad29da1a3b222f8ed115fcc0b961984fb7a9d3506b68c4c08
1079,0.12693317179738978,2026-09-10 07:16:46.243927+01:00,562d62d907acd8a5266c41115a99b72c493e1d382c8f86c8d77d6a819f1063d0
1080,0.07097904065194581,2026-09-10 07:16:46.243927+01:00,c24ceb12ca5b716476aaeb15a90f2af72f40ef82e35faef88da65cdb6caf1a81
1081,0.09909753521287017,2026-09-10 07:16:46.243927+01:00,0b3d37558f7747d54ae3728900460afe96a461e7d487b69e593925165ac226d8
1082,0.0582622800026398,2026-09-10 07:16:46.243927+01:00,5f2fb5c23043dc84bb63c9c850712724adf92e8d6604d639b518770a6b1ee9a2
1083,0.05831520904923302,2026-09-10 07:16:46.243927+01:00,92c20975259ab62f736c0cc09739bc3abbd08cb1d37a058915c82e0b6e3bd0be
1084,0.10642924447781629,2026-09-10 07:16:46.243927+01:00,b5689cd54862ea3ca0a494b27f2d0bce36aa0a9d9c8972cd5b63433dafdd9775
1085,0.08286416487809975,2026-09-10 07:16:46.243927+01:00,80c10ec9404c36fe6360b42f2d3583dc75bd1409788d8773c7ea46e23f028686
1086,0.06956743616329031,2026-09-10 07:16:46.243927+01:00,b22077299f0ee26b9c65c735761e847a08580ee83ad8ecf740b21182b7d7a805
1087,0.04444209473639593,2026-09-10 07:16:46.251390+01:00,9f605414ce7b676e98311c9d4e9b3227e24743d7c45abc5f2a44f97207a99732
1088,0.1522486243678315,2026-09-10 07:16:46.251390+01:00,d64054fbe0d7d07cddd6b38894186c5a4ed1388fbf05df948c24975ceeb71016
1089,0.20005017372762915,2026-09-10 07:16:46.251390+01:00,30b3111c3e9dbd2400948e056e561c74ad85f16323e1e4809dd7315707b6be1b
1090,0.16352768442788124,2026-09-10 07:16:46.251390+01:00,786252007fca1b689cbe52aa3a7a4c1ab0629453cdb4f931942c3e567bb85c83
1091,0.035236537147260785,2026-09-10 07:16:46.251390+01:00,83e72ac90c79b74f59b5020bfb51508e956bad056e72211196a673a15d0cc9b5
1092,0.10560787311876205,2026-09-10 07:16:46.251390+01:00,09b1a9895d37bf3def34aa8ead433ac1e5a231bdc1ef31af421d3055cf0b9f97
1093,0.07584087775248388,2026-09-10 07:16:46.251390+01:00,4375236ced78947aaebfeeea893dfde5c445ea2f5032344f18f45f828d8956ad
1094,0.034848433094856204,2026-09-10 07:16:46.251390+01:00,f836ce28372832040ef398a766951ace472f243b734727d615f8f96aa504a7e4
1095,0.08961318196862397,2026-09-10 07:16:46.251390+01:00,01dd8f961bdc031789c6ca3e3c2532f4c13c4a334c10bbe66811384fde04212f
1096,0.04525418265440029,2026-09-10 07:16:46.251390+01:00,615c3d46031d4841cfb30c26e96c5842bce0ab3f85933a067fa8038ebb992922
1097,0.05333033700387495,2026-09-10 07:16:46.251390+01:00,d1992cf90d8aa57fe5e2ee90ec5b21fa1a2f7ae48d83be6f3421ff5c2a5c4108
1098,0.16946990389425395,2026-09-10 07:16:46.253487+01:00,3e4537132f049d7c8c65877504a0010465c06d25c9aa090c261098b6e720a63c
1099,0.07354910045255189,2026-09-10 07:16:46.253487+01:00,8c7608ca69a22f1e62b466913130f6100dbf1565ab7e9a23b10de1d401ddc028
1100,0.18162792268494718,2026-09-10 07:16:46.253487+01:00,be8813c1ddabeef2c21130ac9e0b3985534a73f207b630a83267652f12321dc9
1101,0.1402150497711537,2026-09-10 07:16:46.253487+01:00,54a1099303473a10ded84f9f206ba51abb027bb0e7c7b1a1e93948ecce3c166e
1102,0.024110460891147864,2026-09-10 07:16:46.253487+01:00,7fb16bed6b6c9a31ce5d2e4000857d40a58ecc0f039712024ccc68f2ae05d24f
1103,0.044742288558657785,2026-09-10 07:16:46.253487+01:00,6130a5ff2ce532708e2abda01e9b05347596c258b6c404bb0a0fdc00bd4f2955
1104,0.051542800003843814,2026-09-10 07:16:46.253487+01:00,26de227bb7f81d5a2e0fe814b5a44c1e9aa3877aefe5270855a1a53cfea7e1c2
1105,0.07896595263903555,2026-09-10 07:16:46.253487+01:00,bbf7de127f0378221ec557fc84cf8ad646942a9d3102e65494dbe96ecd73fd61
1106,0.07419069436300053,2026-09-10 07:16:46.253487+01:00,b77022b492168af269c233e7bd02919221605c83c0313e77294ccef6e2641084
1107,0.16158582674140784,2026-09-10 07:16:46.253487+01:00,c611a284a81953d98bb668c374f76d5823e14084dece508aedabc7d7f25b6b66
1108,0.0970139873504718,2026-09-10 07:16:46.261392+01:00,9b9336aeae806af9d397059bce92469552a855a37ed309214b2ad95bdf0f10c6
1109,0.0836142683511279,2026-09-10 07:16:46.261392+01:00,3e85ad869dee6af12c991edb8aeb50decada414c1dd3c2d27db8868904b763dd
1110,0.14928351472597368,2026-09-10 07:16:46.261392+01:00,d43f02efc4ff72b52639e00b6477b5e4a1da0a71b28b60f1c51fc40731dc3845
1111,0.07150131528494819,2026-09-10 07:16:46.261392+01:00,2f5a68430d0bd49ce3a37a1c5b19d86b130347fac1ce5667be92b2a0e0694f40
1112,0.038703520517388665,2026-09-10 07:16:46.261392+01:00,83f8faa381de68c80e44ce4c31f12c72ad24457f2b0f5a4febf6e25d96ff63e5
1113,0.061824985138088095,2026-09-10 07:16:46.261392+01:00,ec3b76701fefb315e050e821924f4c22dea777b584a0ded9abf8e2c04c4c9ba1
1114,0.057539281762114584,2026-09-10 07:16:46.261392+01:00,0d7cb84f646b55bd748d6c4e957bb9f7324b1266f92fb5fd962e4d8805e2d003
1115,0.029680618815868406,2026-09-10 07:16:46.261392+01:00,a71447de9c84e0d427f208f658f0b1d8837245883063151e93c2ffb84a2285e0
1116,0.09063396103308875,2026-09-10 07:16:46.261392+01:00,76cec3231d47e83ff3f6ba322c7bd9cb8d102126f3455e67f1e4bb32bf124a4d
1117,0.3202045470209301,2026-09-10 07:16:46.261392+01:00,1a319b54a313b5d5d10fdf92e6293403ab04a4d3efea52a55ebcbf0f9ff410af
1118,0.05714493159115546,2026-09-10 07:16:46.263276+01:00,e558e3bee32471c73faf6f5ab5d86cc7d38e461fc42ec3cc444570464b7394c5
1119,0.0930786641860999,2026-09-10 07:16:46.263276+01:00,444d1796b3a22ba0a509aa9f4e1378affee24e03d03eab0f18fff52705a36e0d
1120,0.10767380676685039,2026-09-10 07:16:46.263276+01:00,9afe8adbda960af735ebe48e64fd747a86b35410ecd3882615e20408665d2bf9
1121,0.09628528742566786,2026-09-10 07:16:46.263276+01:00,b9be84c61ca832140c1f809d7c0c612576d3bfcfb8c4fe6ead7d7b9f89043e77
1122,0.15658907524251078,2026-09-10 07:16:46.263276+01:00,f2d201bbbea18a26fcb44b617e8089ca58958e17ba9ee1d7b68406731ad82977
1123,0.14036817121440592,2026-09-10 07:16:46.263276+01:00,5b87eb4b699ced33fc88328f2a9905d73822a8b0794870a0d7a46f15544886b7
1124,0.1657755333347341,2026-09-10 07:16:46.263276+01:00,756109e1e80677600d0c7014f9e23a1c9f4a1496942187ed9e811c6ad96c68a8
1125,0.0628417196130796,2026-09-10 07:16:46.263276+01:00,168379a53987bba22c210f3fec798006a6cec533f2aae7ef18e5e8ae0f01c8db
1126,0.120242810625496,2026-09-10 07:16:46.263276+01:00,0fce25727ee884970c057d8b28263069187af2e04f5392bd42c48a982ece13b3
1127,0.03566464193353386,2026-09-10 07:16:46.271156+01:00,6636c5a3ecd22ded71d03578c4fdb6913e1eacdb681eab24f7677a8f29ffa5e3
1128,0.16519253525967464,2026-09-10 07:16:46.271156+01:00,b39d6a68a247f4e9bd3780d64314529082ad2f86ae9263b1c64e3c1979dd8f22
1129,0.10063125418269252,2026-09-10 07:16:46.271156+01:00,7471f2d0590fa07a9acc1daa0c8645f354ef3515287c6bbb3c3f203f02a6f7cf
1130,0.11556722537001843,2026-09-10 07:16:46.271156+01:00,6f4111c50c41be982a54269abaa1eeaadbc3542fbb603117ee7edabe50d56115
1131,0.05842294967044235,2026-09-10 07:16:46.271156+01:00,9ce6fb411f2e57d41bca8b568fc47bbba93fda570567ecdcd9465c5324d7e6f5
1132,0.19289874734105175,2026-09-10 07:16:46.271156+01:00,209efb08bfd6cfd5368856014abf2a1438c310b7141d25807b3c4477ee1865ce
1133,0.15845250032024408,2026-09-10 07:16:46.271156+01:00,f6680161114b3199b7e80fcf04179ee355ba80f9c1185dd0b5ef3f1cdba0dff6
1134,0.08605389105082986,2026-09-10 07:16:46.271156+01:00,0f42137cfe617231ae13db6b255b9ddfc35184fc682ec0eedbe2bbfbb4049d1a
1135,0.08711625487151253,2026-09-10 07:16:46.271156+01:00,4d0ad79a3c7b27833aea9b1e4afadd422c160fcf0622a2d70e5c17047a0ae001
1136,0.1254428388552244,2026-09-10 07:16:46.272868+01:00,98461436d855b8aac72fbdc8d09d5aef272cd47d5605566693201cbe21267914
1137,0.12533624616693528,2026-09-10 07:16:46.272868+01:00,818f20b51e88d00e0d379b225041c3715d0021560c202aec2b1445ba923fc738
1138,0.09213931880448445,2026-09-10 07:16:46.272868+01:00,16e42c85cb75742c4cb24458caef067d601bcaf1c57aaebd1fd1f4ed4fe3507c
1139,0.031036530527467212,2026-09-10 07:16:46.272868+01:00,b8f34c880273ba38f9a7c001d919eff4a6159d28b331bae2dc1639f3d4a10ac3
1140,0.08595076617864476,2026-09-10 07:16:46.272868+01:00,2554fa3394fda6d9d7918e21c217f584618d8d8955f2227c31e504337e9c3615
1141,0.12073295289182384,2026-09-10 07:16:46.272868+01:00,8324e7fd9ff35ae4cdb7d1ba060dcf31cd248ea1d748b3648578b267a4cdee6c
1142,0.10516004037393352,2026-09-10 07:16:46.272868+01:00,df79ebacd55f810216368b4a90dbb96612d90afa75c356f49a267652e752480a
1143,0.11598126997569401,2026-09-10 07:16:46.272868+01:00,d180cffaa932807bdaadabcfa69dd1b54ea10c0dc03ec474cadcf4c0635355af
1144,0.08493403731605649,2026-09-10 07:16:46.272868+01:00,27d105df86822321cb44eda13f2d666fca53f5331d738944b38de2260f4a7ec0
1145,0.11328599890973609,2026-09-10 07:16:46.272868+01:00,85e449420904f418d17b9fd5be27daeaf5ab016c6d0eb9d477ff00dbad3c0f08
1146,0.16720869615920855,2026-09-10 07:16:46.280465+01:00,3559925a4afbbf2556f05c5f4f560e18160a2ae7ee8ea57388c9af01107d3876
1147,0.07126396459478916,2026-09-10 07:16:46.280465+01:00,0ed0ee5babf7cdd037a1824f772178b00fa6fc9864e8f2c326a15cdb116172f1
1148,0.07218882340200375,2026-09-10 07:16:46.280465+01:00,4db85b3480a80069ed539af1d51af82650ae0aaa26a5b4b01298bc1d72ac2fa7
1149,0.02522088541771986,2026-09-10 07:16:46.280465+01:00,f3e59312f2205c2146b34fed1305b95447cf2099715cfcff8a267081e9eacfb0
1150,0.048217798619577375,2026-09-10 07:16:46.280465+01:00,dbc97391d97ab5f05c38f51341f638ad7d536bb47c1406c0c77df61726908950
1151,0.21080376517697624,2026-09-10 07:16:46.280465+01:00,db8db277e934ccb52761045d4692179451fd8fe8b4a1d9d407ea7905567f5bea
1152,0.09697697182747629,2026-09-10 07:16:46.280465+01:00,1057ffc792151d4c4b84bf502b47116c2924bf9f76558494eb1d76cfe4eade7f
1153,0.11912438387401202,2026-09-10 07:16:46.280465+01:00,5366832c9b5109011e576944f6f9cb5b2d1d781a89a1be31cb063706e28b457d
1154,0.08401043642188077,2026-09-10 07:16:46.280465+01:00,a7032f7848f71790fa454e14ba0598b865d7efd9854d00c1178673e461150d81
1155,0.10498427450635583,2026-09-10 07:16:46.280465+01:00,60ca11a1bc8d0652bdb677b2262d3f539f1f892832b8e99d5e9d5c1a034aa2a8
1156,0.08574375159087323,2026-09-10 07:16:46.282339+01:00,9bdb676b987b28571daeb1c435cf0dc4c8c2c77712abeecffad90712322b81ed
1157,0.052528872343994844,2026-09-10 07:16:46.282339+01:00,d0fdd7130ba5698e4bf1b6fc0c0fdc4a6b2f0e6f5054496ffcb7fbd2a09410de
1158,0.04413883704208435,2026-09-10 07:16:46.282339+01:00,292bc3348377924d19d25634337a5806c069646bb083096daf7996216c3b110d
1159,0.04320071524609876,2026-09-10 07:16:46.282339+01:00,78180de6fe965beacf923afde425149296d9ae5efbd1d7ee2bcc959edb789da6
1160,0.08969431208547576,2026-09-10 07:16:46.282339+01:00,8a7cefaa9f9e88727bbe529aa14b803143c7e03df5e3ca030872edfc8bc4bda2
1161,0.0818245004765407,2026-09-10 07:16:46.282339+01:00,8beb2f0d41ab2223075454e74a2b8ba161b5f37ae8b123a3ad311f638ca7c32a
1162,0.09922043827687986,2026-09-10 07:16:46.282339+01:00,05e3c05f75e8cd1a2d423e6b1a8d2f49b01c8d86a82bec0aba5a4777028b2fe7
1163,0.08346573238744703,2026-09-10 07:16:46.282339+01:00,e3038b11aa3ba02e685d7a4ed3ca65ef118158334339e49b387b07bb2f189836
1164,0.1503960636887095,2026-09-10 07:16:46.282339+01:00,28595b0e13b07878ff68bca8047e6f011911f805b82f2869387ccdf130e2a49a
1165,0.16655098986998662,2026-09-10 07:16:46.282339+01:00,e5944bdae957ebf509d10a3b4bdee5a70b9573f85e1d3d9f6c4625df1b970672
1166,0.10323578699190929,2026-09-10 07:16:46.282339+01:00,8ff7e6aad3ca39ec443e3bf3c310ef144752124b422304b1203a0dcd8e260804
1167,0.12809551415234235,2026-09-10 07:16:46.290435+01:00,63b65a654767b1e3461bdf7ea1d364550a481f7b07a094880603176ab56c829a
1168,0.06538103843802791,2026-09-10 07:16:46.290435+01:00,0daea9c77ace2c19b2a4bc2534b5d50161c50900bcffd9bb8cf303799fca8d76
1169,0.06007645182943327,2026-09-10 07:16:46.290435+01:00,ae76bf120da125641fe72d953820d64206f1f5d077d1ff3e1c394ea4b40ca16b
1170,0.04074755750414405,2026-09-10 07:16:46.290435+01:00,5e2feb23a844e30e53bb5c5d667e87058a683574fdc6bc7f1c655884ae8fe729
1171,0.07035108985699276,2026-09-10 07:16:46.290435+01:00,6c11c98171759f6bd8a50afe418f22f67d42fc7d736366a6e796a81bb3266d5f
1172,0.07454415359025958,2026-09-10 07:16:46.290435+01:00,4ae85da46cdec47a8adf6b875c2f495fb9096237a435bc01615041d78e1c7370
1173,0.10599174329407951,2026-09-10 07:16:46.290435+01:00,72b742584a5c2c2be17ea85e6d2e5980c6e8338c35321ef0efc6a53bd57124b3
1174,0.08309037937914991,2026-09-10 07:16:46.290435+01:00,4f5b4feee7a34fb82328ccabdce7aeac41f7ccc2bf26d55d2c14aaa3756d9d20
1175,0.16963824501465494,2026-09-10 07:16:46.290435+01:00,be126f892873b95f5a6b0011a857e53214e7668cae08a76a9f6c0955ef3b15e4
1176,0.11434107235939028,2026-09-10 07:16:46.290435+01:00,cfb821527f72d90fb7e4f06e68ab85fcce6f579f2964e2cc48bd552ff5de6886
1177,0.08774275458152533,2026-09-10 07:16:46.290435+01:00,cb85827fb00099e46982ecdf5e72598dd73f28cd68802c3681a5af0a535295fe
1178,0.10403984163515637,2026-09-10 07:16:46.292524+01:00,58d79df56f28c43b1f6262bd9ee6b46520ccebb551dc8b0006eca31db4707fe2
1179,0.03248711085780145,2026-09-10 07:16:46.292524+01:00,79a693d75e539eded2f538845d270afffb1dba662260c11991d40f1c4c320c14
1180,0.04384954965016764,2026-09-10 07:16:46.292524+01:00,1140e46a1340d3eed5fcdc7617180b5e2bfb63535dfc2aefea1aca5d72215fd5
1181,0.06740631365051963,2026-09-10 07:16:46.292524+01:00,539bd88a9e4cd6985b5597320a8ffea0e3c6f3173f6ec836b1d059472635305e
1182,0.08864625987669521,2026-09-10 07:16:46.292524+01:00,5a980b58194b1c8f295fc99e9f0d96d1a5840c9f77e48e783fa8953357c13d34
1183,0.12258654284654902,2026-09-10 07:16:46.292524+01:00,c4e926d77858861deb16e4d0e2c39367f06b53e87cc6c8040705494ec7670914
1184,0.14499062919242336,2026-09-10 07:16:46.292524+01:00,6742a6773af6dafb97a7cfd9e28422775fde99e004c29121239a70a3f6052d98
1185,0.17928442008884324,2026-09-10 07:16:46.292524+01:00,74d8ef423be63c092e2f527fc858da08630144e930acde1d42609684238509ca
1186,0.21670933220184407,2026-09-10 07:16:46.292524+01:00,6f227a02fea5b501e504b9ffed738e684fa364efec70f598e0bb42fb0df30946
1187,0.1287913286235321,2026-09-10 07:16:46.300565+01:00,09e2f2a835ad07ad3d43561cc9d0ffe2a5a5ccc867867ae02f74ec1224179383
1188,0.02651542599500702,2026-09-10 07:16:46.300565+01:00,ad5ded1586669af869ebc08c0f0d3e68c15bf81c0c48e62ca31ac12d094b59d2
1189,0.023590498702182886,2026-09-10 07:16:46.300565+01:00,7be5769985608d4af041a7650fabeff5c89616bbb026798c903128de5534657f
1190,0.044874568541865736,2026-09-10 07:16:46.300565+01:00,31c42074342b61ba35322ef8427851870a523ac6ee69977f9fcd814ab8cce44f
1191,0.10283948956204131,2026-09-10 07:16:46.300565+01:00,9427ef8b9eb74c3c589200c54cc1ff49d6f4cd5cab429af7b7682af3a101d8ac
1192,0.2801165477828093,2026-09-10 07:16:46.300565+01:00,04c61e604cfdba151f69dead4ac7b8ec742601dcf552f76bedf6655a37b41aa5
1193,0.1418111190259212,2026-09-10 07:16:46.300565+01:00,53c6e1b3e54ccf117d4102c1006f704a7fc0ca1d50e6d6cae6d6d11c08e7c663
1194,0.13638240694412065,2026-09-10 07:16:46.300565+01:00,deb66ed7bca141c7d65a065b6d487ddd5196bce8bd9e7b3f52477608038e44db
1195,0.11507861482251978,2026-09-10 07:16:46.300565+01:00,40a5540a9d1640f47cb051d18fd06b13b70185d0813651443678862bf8f20ae6
1196,0.07960735037162624,2026-09-10 07:16:46.302283+01:00,c5e7304daa17b3fc4472a746fd39d3ad11b84346e965c73879da936cd0cf20c0
1197,0.11110400765382085,2026-09-10 07:16:46.302283+01:00,1ce09eb06a4555d230764f296d3314dac691439961873238914e390316c40e08
1198,0.07706477253875786,2026-09-10 07:16:46.302283+01:00,6ac7b6814b96bf88186609d55e1f7c58c13781c5995f97e0e7575fe497136288
1199,0.0658109395616219,2026-09-10 07:16:46.302283+01:00,33da55459e4c8ec1c48dda0eafc781cf9d7e3b65e2ccde7c4cbdf1f6d83188e2
1200,0.036182821569818176,2026-09-10 07:16:46.302283+01:00,94178e350d6b422f051bef27c4c062754c88cd73e3d9dc660b367dd661379e01
1201,0.13703673366235297,2026-09-10 07:16:46.302283+01:00,fe533f5b35b8f08acc36faceff4008d159e3e26f91d5f692483ef229162e0cdb
1202,0.0827199771183957,2026-09-10 07:16:46.302283+01:00,5d4ac2e96d5cce94c4dea2a70e6e901be68c83d3beb48ba77b3fdbb956da85e1
1203,0.09907115742156858,2026-09-10 07:16:46.302283+01:00,6204cfc88c01571ddccc265756a4bdadb9d16a2e56d3c30eda953b45e6afd5f6
1204,0.12818857115654142,2026-09-10 07:16:46.302283+01:00,0f58e2b0a075e3036f7609e88d1a14d25a6ef9a1fb1188be838dd24a4e864261
1205,0.18321366894549637,2026-09-10 07:16:46.302283+01:00,719fe956fba32a89bd1d14a2b1e49982c31529dcf2d45d83e99c48dfaa35c9a6
1206,0.14949703106260046,2026-09-10 07:16:46.309900+01:00,edebdc8f63c7b434e0a67c108c27539314c0d3312fb053ea24f1dcf0a2fa8306
1207,0.07720331178043933,2026-09-10 07:16:46.309900+01:00,448daa6abb2d6a5917743ea0b3d4e5804a4811abd7e7cc556c08863d840da150
1208,0.08193056890026702,2026-09-10 07:16:46.309900+01:00,cb5056f2a423f5ad63647ce5d10e82b8d8ce17cceacdd60ef2cfaf9d78664597
1209,0.028459957766620806,2026-09-10 07:16:46.309900+01:00,fa4dda3fc0b4bc1995a8602972b3e14fdd8d3ac7379dfa30305f1cf5db96d999
1210,0.01935933657418546,2026-09-10 07:16:46.309900+01:00,05dd69217b97314d38bec3515bce1508173fce1a2c45866e99580bc59fd18b92
1211,0.2392782088614266,2026-09-10 07:16:46.309900+01:00,0ef73f181a43547822968a6a1586f4af03c3d6fefda9aaee0bf1ca01a36c178d
1212,0.0470126580923275,2026-09-10 07:16:46.309900+01:00,34ea8746b5150c0cff28a0f25addd611889b952fa502c9a79a4e077f4f765eee
1213,0.12166797520675741,2026-09-10 07:16:46.309900+01:00,94281260b42e36a764af44ac1a8edc42212672c4dc1b3e73b3aec7dcaec0bf7b
1214,0.11605087090204917,2026-09-10 07:16:46.309900+01:00,a3cff4972b9b99b827c448184b53d22a9e5e582a577d84bc86518e4bc26f3cdf
1215,0.11954008085332618,2026-09-10 07:16:46.309900+01:00,2cce85901cebaedd22a462fecd93ae86bbffb4d6a8d0555133bc1b218c0b8c4d
1216,0.07877310592889941,2026-09-10 07:16:46.311849+01:00,cd1170f0a0bc48c7009161911ac8a6f526140bd36099deb72ab9e4c1fc4a9fb7
1217,0.16263856262636173,2026-09-10 07:16:46.311849+01:00,f6d62b721bdd059a9c401e1e0c7ff76dbd3899f87cbd82d9a5da5197524f5a01
1218,0.11728494092521902,2026-09-10 07:16:46.311849+01:00,b16dc9e115c3a98f4e9a6b97e3929b0821ccbe455b021071a50ad4142e6ac63b
1219,0.08810706093618019,2026-09-10 07:16:46.311849+01:00,64b8d2bcc927111a845abb9e57ff3872f53a7e2b73ff2707a899e595493902a9
1220,0.11595006934437173,2026-09-10 07:16:46.311849+01:00,5d2d952ccec017fe3aeb401d3b89e8cbca00cee811004c59d41625525337a787
1221,0.1523386513061702,2026-09-10 07:16:46.311849+01:00,68ea8d082156e61988929755f255c33b5837903cb83efdda06833d85c22a28d2
1222,0.10747442196640239,2026-09-10 07:16:46.311849+01:00,f9ebd3c9faae1b53ea244a2bc15bc0d064cf5d01d0069358d13b602d7d5fdc51
1223,0.12539668233859746,2026-09-10 07:16:46.311849+01:00,fe08bbe808f41d9d85e674485b1aa45ee9e1cce5611ecac0c1b53b5c5732f2c7
1224,0.05203650462779781,2026-09-10 07:16:46.311849+01:00,96b35d6aab3aca0b382bf81dfa2d0b0dc6b9ce96fded0dd8ad8bff40b5b0901d
1225,0.07728408488784942,2026-09-10 07:16:46.320052+01:00,5c1e87b034ad59e9b96f035917fb48779ff0a2a3bade9720774e9bfbebad0e8b
1226,0.15587598067809094,2026-09-10 07:16:46.320052+01:00,fc395c3d5ea0ecf0d91fa30f82d2b854f7c9848ffbaf12fe8db1598be8f19bb0
1227,0.11257642351220604,2026-09-10 07:16:46.320052+01:00,1c9fe1d107181158a4207e371a779355ebc171036ab62a0d8afd86d466590cd8
1228,0.14812792113517803,2026-09-10 07:16:46.320052+01:00,95deabc06f252888ee906898ff4b01283aa49a380316563737014875c03e953a
1229,0.07672360594037696,2026-09-10 07:16:46.320052+01:00,64aa10b8d523f21986918340a304e902dec084e00fdc505b0dbe75d0a8ca65f5
1230,0.17644970995767634,2026-09-10 07:16:46.320052+01:00,76bace9704c98b8aa2714c020c8bfb12749e21e5d9b173218bbcdac0082830bc
1231,0.09185059870689795,2026-09-10 07:16:46.320052+01:00,b2da8176aa2d0432896276a011d3624bee7e671d104cd22c6af35534fff5bd39
1232,0.10793937325629625,2026-09-10 07:16:46.320052+01:00,aaa567010d4e099cfe4498c5a158c2c7c9539c8b75f83ea5bc421eef058c655b
1233,0.05317230192542811,2026-09-10 07:16:46.320052+01:00,067bbb56cf30f15c2adff7b16aa28d041ca5226a2fff5ffe2420dae4a31b82b0
1234,0.2350486232828984,2026-09-10 07:16:46.321879+01:00,5be72e03b8071e5d0bfb056521ac930e22b16ffc802a9d319e8712ce6da64117
1235,0.0853980536293048,2026-09-10 07:16:46.321879+01:00,f26ed523a33d79b67d307d34ac329b7045ea49bf982f7cd1fccbbba6a69e0571
1236,0.2517179099937571,2026-09-10 07:16:46.321879+01:00,38f44383c0a31517dc7a68ffcd585e25ca9cac1d945e8b2919547259d360746c
1237,0.16515980336159056,2026-09-10 07:16:46.321879+01:00,9daf4e614e0c8f9c5675b220da5582cbaf82ae6e7d89bd1f2cf38c0fa9eecec3
1238,0.11482782185838021,2026-09-10 07:16:46.321879+01:00,bb368aa4cd27cc11281ef4a2e470de2f2e998bd89916e77eaf7b843f0903c24f
1239,0.14784778787406888,2026-09-10 07:16:46.321879+01:00,65bb80ca4931992c46ccaf757bdeade7b4a717e064cd0f3d49a23d3ecffde3b6
1240,0.28235683857404,2026-09-10 07:16:46.328684+01:00,f1f7ec9d55efbab90116991489e03097164301d3b68842cd3c82b4bdf3af3544
1241,0.09808762866930298,2026-09-10 07:16:46.328684+01:00,46edf5ed311a346bc5f35a8a12f4990865ddc420a92c070e025bdc7c3a8b9747
1242,0.2195415283567169,2026-09-10 07:16:46.328684+01:00,37319b4dfaf3d9d99aad39c342b13c1528e13d4a947032e953511fe3258e7d11
1243,0.12103936078106196,2026-09-10 07:16:46.328684+01:00,eb5aefa34ee609858a3ba6c4014c2e158910307fcb4ea584c707da7fbf6dc47a
1244,0.0930847160497384,2026-09-10 07:16:46.328684+01:00,e8fe4008fbc0ce6d213edd7c89c1d757e42ed8433db212b3f9b005ab673d236c
1245,0.18588992756913986,2026-09-10 07:16:46.328684+01:00,1e976cbd3742b5b0be13c74acc84c35f35b80f169fe51884d18c26c067faf620
1246,0.08295235876530391,2026-09-10 07:16:46.330110+01:00,09daa937448e362b0adacbe854ed61e9c502452a3d9321d08cd9e2a5258c8f8d
1247,0.052230126560079256,2026-09-10 07:16:46.330110+01:00,cc53d34422f12f8015527b08a93a2ac9e2a5be7d25580311c11617994b4fcd6a
1248,0.07233215517279777,2026-09-10 07:16:46.330110+01:00,c8238287df87d044eabac2d0234b2452389ea72ecd77215a202205f3278175d4
1249,0.1716402861473821,2026-09-10 07:16:46.330110+01:00,8e624bc2dad986292f10a98440dab8d95adb4571f20e34d6fea5b106171524fe
1250,0.05618291114522946,2026-09-10 07:16:46.330110+01:00,5eb7a378a59f7eb14e47747f60da1b817d1208789bed4bb5d829ea97860b35d2
1251,0.09278754961613656,2026-09-10 07:16:46.330110+01:00,c10e83496efd0e7da7e09f9f3383449f9a99a9db5b206ac07f28b0ff6f005a3c
1252,0.11947668245099524,2026-09-10 07:16:46.330110+01:00,ba2891c99945bb2d2b6653c3611322b8a458f8c12742ab7fd317e2aff3db2ebb
1253,0.15695152124618822,2026-09-10 07:16:46.330110+01:00,aaf9835b177b092de5f22b63aa24deeb9aac1817b9010120c30d4975fcf0fd15
1254,0.1954464088958874,2026-09-10 07:16:46.330110+01:00,4d21d85833d4dc407888c21514b6947f4a1d77a304862f8dfd4f0a2fe59dda52
1255,0.12191344167436863,2026-09-10 07:16:46.337245+01:00,c3607d51e200b1eca3d4857762f80912505ef746babc5aa6f877826f4db6890f
1256,0.042443230137315095,2026-09-10 07:16:46.337245+01:00,7fbdc8f33a0ac0f0ec2c8c022a7d816511a9f58554447bda4e64dac0c7b9137c
1257,0.04163914852456563,2026-09-10 07:16:46.337245+01:00,c5fe1ecb492248461edebb6775488d8f288e0492c5e63c5dfd21fa7e7fa60468
1258,0.12203228566533098,2026-09-10 07:16:46.337245+01:00,1b4a747dbc6fdf63c84fc0e13f76292c5b08fcb1fa739ee4886aa6d5a7c0f407
1259,0.07661710908313916,2026-09-10 07:16:46.337245+01:00,267bfadd80cc7dfd1744bb87e487ab000046c1ad84eaaae3e26679111d89d3f0
1260,0.07688272394611914,2026-09-10 07:16:46.337245+01:00,96381ed54900f302de0586c228c0004fba318baea5e433517fa91aefa8aa94bc
1261,0.17349894066005797,2026-09-10 07:16:46.337245+01:00,07cedb5f5cd9b8da3ae54d2abc8c125fbffb99516953f16015e79d8f6fc7aa41
1262,0.17304292580173583,2026-09-10 07:16:46.337245+01:00,0dea8b01a42be0a86243c3bcb0b5b18af166d1735ed28d751f8f5712b9b29fc8
1263,0.17193019450736766,2026-09-10 07:16:46.337245+01:00,6f9c3708b40b72a1742518e3e6aa35bdc248b87ab718d4c60346d80a391b4296
1264,0.03304009096978785,2026-09-10 07:16:46.339001+01:00,e801417f7c3d471d6885bc42b5d4d9d6a119dd174c05d2c7177021cd68e6a307
1265,0.12524137535333119,2026-09-10 07:16:46.339001+01:00,e39f7ce71d36889604b34dc44ffafd00ff9b014656c3455e12281a8afadc5a16
1266,0.20869162862055116,2026-09-10 07:16:46.339001+01:00,a7af1afc9de010b572da83145c9c25025fe17ceb704509da4d0f4385aeac0acc
1267,0.21320283715000748,2026-09-10 07:16:46.339001+01:00,7a934b9914e09296860e7c99e6aa1dd83b680dd6c3295fd25796a2934dbb0d33
1268,0.07528511195236165,2026-09-10 07:16:46.339001+01:00,8f0d6a687ffdc27ecb2115dd391e141487a1217f3566d49ef0c2951342c5b94e
1269,0.05197803940981275,2026-09-10 07:16:46.339001+01:00,9cd8e396b05f56ad91b4399726d9853621369e018e548ee6a35b18780e803865
1270,0.13218028301548793,2026-09-10 07:16:46.339001+01:00,b380a69d7edaf93b4c21e3b0177ab85bf14d24bb1935cf7824755d848ccf7925
1271,0.0845541863236305,2026-09-10 07:16:46.339001+01:00,6aecb657088177514567504aeca807d3862f550c2dbeec0253cf9beda5f3d58a
1272,0.07582644720502953,2026-09-10 07:16:46.339001+01:00,8cf417bb9c22ea8adb15b73fbd452f24987308b3e0b7fd8a1ab43b56c568c8f3
1273,0.02883092397474086,2026-09-10 07:16:46.346844+01:00,18a9a2e7806f866862e2c5b4b3182af2a2ae0c23ee8e6526e37762d2b6f9fc01
1274,0.20650838314925007,2026-09-10 07:16:46.346844+01:00,720a5d3043dd14672fbb60cbf53c01b339b61fcc45b8461a4d1ddff56166349d
1275,0.16118265108517146,2026-09-10 07:16:46.346844+01:00,01dcc2ae0af4214bdc3a36e58b71b93e368ab00be97015253039184ad89b51ef
1276,0.17344876456525793,2026-09-10 07:16:46.346844+01:00,2a184d4803e548a5e95e3ddec4ed833a0498dcb4e0db9026814dc21c43c19d52
1277,0.06809147781712066,2026-09-10 07:16:46.346844+01:00,7daed13eeacbadf88d10df5e55c1e15b53126397989c5e251aaf79db83a7097f
1278,0.03679237164923133,2026-09-10 07:16:46.346844+01:00,c6b639fbce4f3ac957ab2a5a09040d65336faeb6680c360a6b6db9a1eb5c0f1b
1279,0.1681505953309264,2026-09-10 07:16:46.346844+01:00,a2efa6adaadc0e98832f0ff06dc421dee656606a61e962e80781898ad751063b
1280,0.08971441108051341,2026-09-10 07:16:46.346844+01:00,b55b741a28089a3b61cacd53bd129c1036a689170aa323b6afae78fb8f642d2f
1281,0.06728042134778799,2026-09-10 07:16:46.346844+01:00,d4463010933b8bf7a1610e6c6ca29d684bbeeeedbd2fd7b5ced5af46ebfe0e19
1282,0.16571943149591561,2026-09-10 07:16:46.348541+01:00,51b29790279c1056627b8f331f21f19c7aa095dc11335e2e7387c8bb16b4882b
1283,0.2015293522237023,2026-09-10 07:16:46.348541+01:00,6f2c9498c7001aa6292ea3282abef4b7ed2d17380da8966da516046de80f03c6
1284,0.06592371403233005,2026-09-10 07:16:46.348541+01:00,e232b61b1c920d598b7444beea5f7362f1bfaf96247b65424b47c615bb1812b2
1285,0.16410306654904422,2026-09-10 07:16:46.348541+01:00,18d6af6017e0fea12c32445de4ae35b1c1c03fbfe12879e5ed1be77a1a826bdb
1286,0.04785668057131814,2026-09-10 07:16:46.348541+01:00,1f36e9cf78ab8a258024708ba864e109cabf9b9cb93411d6c2dc944c7af6ddfd
1287,0.05181171096980993,2026-09-10 07:16:46.348541+01:00,a3f8bbca31d3ffdde505d848b2edfc931a27dc9d88ce1b5a4bf0e2fceb709f63
1288,0.1169421071300422,2026-09-10 07:16:46.348541+01:00,51114806d17e943adef2d97bfea34e2a6f75caa4f64f7079a9ea39e6e84f7da4
1289,0.05652318448184925,2026-09-10 07:16:46.348541+01:00,8b593ba022ac258b70b824bf150c978cd82301eaddfabe7ce66bd030a1935069
1290,0.04914136124464689,2026-09-10 07:16:46.348541+01:00,ae5711a2c7538e3fb309878f9da3936e64d868250e24bb1520812287975bb73d
1291,0.08044939130134138,2026-09-10 07:16:46.348541+01:00,cac3fd05a596e241f536c9de52ff91a29499fe33da40a3e5ca0189ff526bac99
1292,0.1994880819061941,2026-09-10 07:16:46.356310+01:00,0717d189590de449e4d2b94d2fb4790ea357281e014f333c55ab7cbbf8086980
1293,0.19050834929458646,2026-09-10 07:16:46.356310+01:00,6aebab7d27737159b567ccbad58bac7fd9f290b79ec6ed86553a83cb7260196b
1294,0.028631919602568588,2026-09-10 07:16:46.356310+01:00,d17e7d89f59052502a927eab6713fa857e6d7448c1bbaa48b5d31bfa190edf94
1295,0.2586032005407243,2026-09-10 07:16:46.356310+01:00,ca52e43d037af9f7b6e13fca36726ba67063154052108601a0c22740f6fd8b5e
1296,0.04251767559052146,2026-09-10 07:16:46.356310+01:00,41cd80a7f923d51582f06875b788fabe6e1ec4421b471a6bb8df931738ae471e
1297,0.059927337326878584,2026-09-10 07:16:46.356310+01:00,97ee8fc7dd82367a0ebb5ec9a4ad4784bd4ee3eefd667ab29e694605c882f119
1298,0.05512802630993088,2026-09-10 07:16:46.356310+01:00,4004cd3a9cd8d6608b864c64d9f31d5a00a4868be3f5b2b7935e36c0761bdb01
1299,0.05470931472456764,2026-09-10 07:16:46.356310+01:00,81c9c793ab7de0a4e3e11deca82b4b2130ca8f2a872959b4232ee319a89efb50
1300,0.04280193421481444,2026-09-10 07:16:46.356310+01:00,1519732b90b461bf1a25dac42a8a48511651a0c5fbbeecdfd6edb87f36f6be49
1301,0.06768416048921352,2026-09-10 07:16:46.356310+01:00,a6d018555500298edf3467762f21d6f204363bcbbc1fa956d363f4ea52914941
1322,0.06906294039145001,2026-09-11 06:46:24.006000+01:00,0a5b66ff41df456257e155d126730c7bbfc7955978342e733cdc19125a582700
1323,0.08357389933265932,2026-09-11 06:46:24.006000+01:00,9feaabf266138211d0b799276a7dc908fea3900c5161ddeb050454d15d6fe419
1324,0.1309768433053946,2026-09-11 06:46:24.006000+01:00,85d7760a82650d26c7b6bfc05b7dad4debf4ea4031b1b3896e35c6cbefb54685
1325,0.04621473873073084,2026-09-11 06:46:24.006000+01:00,eb30d5eca9eb0f1d197aa02bf45a71e1ec5e14f4981d583ebcd57419fe950d18
1326,0.1292099137294023,2026-09-11 06:46:24.006000+01:00,21dfb890389220d1bef94ffe7295491b7c3a7c60eff3ae85cc579e12406fabb5
1327,0.13891500302570384,2026-09-11 06:46:24.006000+01:00,38d17cf75c8ce5324eb051e5ffe0e896aaed6c3859654ab6c8f06bd7ebabc57b
1328,0.19172346881850624,2026-09-11 06:46:24.006000+01:00,afcbece9522b33a32f6c7e0d59d26e392c446e11f1030eb927b36247a4e7dbef
1329,0.10056472414093066,2026-09-11 06:46:24.006000+01:00,f4361889fb7405ab2d30b97424c8db59e030e843e0f2ee2f540972828547fc75
1330,0.10975846852522216,2026-09-11 06:46:24.006000+01:00,5259a731ba4bf58f5831c46ce5e244f1c8c82ac956e2ed45d1721267c30b5100
1331,0.027583666299366916,2026-09-11 06:46:24.024037+01:00,d7ae114eed815d68961ccaf7039f98f9abf0617e16ec4947e42bcbace1b846b8
1332,0.07793300935129212,2026-09-11 06:46:24.024037+01:00,5aa8cbd2f60f459ef64ac9c0b39d639cd9f9643e61a08a32e907553c56ab2311
1333,0.14473388359815711,2026-09-11 06:46:24.024037+01:00,12e9ce407ce8192d8e4e7f9c66b693f2516c68f1c78c1a0a7afd818947baeaaf
1334,0.03970321536807701,2026-09-11 06:46:24.024037+01:00,27f82c691cf8b74d8705aa4c54a0bb518bc83a72086d45cb1d05dd882d519300
1335,0.09531195437331867,2026-09-11 06:46:24.024037+01:00,f46bc7569e727b1037775af44b7787f56501db5de149ed32d877159dde64c29e
1336,0.11023728719308616,2026-09-11 06:46:24.024037+01:00,933e4d3e89629f998772998ccaffc88619469f4c9f99caada20900272722f6b2
1337,0.3727108782956449,2026-09-11 06:46:24.024037+01:00,02c4a25f125b1bdef59ed9a66ef392d454f4aded75893ee145c132eeb234b42a
1338,0.04283960445013945,2026-09-11 06:46:24.024037+01:00,870f48f801c7236bf17d42a4abd64f67ff8dbbbc79cbbbb4f40b713d4915b2de
1339,0.08894650107091746,2026-09-11 06:46:24.024037+01:00,2a0a2a0500c3610ffdbc2b8d0c4c06a13072c5b9b5db254fd2727fd23f92d3fb
1340,0.0867942689464416,2026-09-11 06:46:24.026165+01:00,e8e7fb0d709843fbbbcc02ab910ae950b4b04c6805866d032c93789052dd9f40
1341,0.07771703232330991,2026-09-11 06:46:24.026165+01:00,8cb44857500c877ca34e5cba01713e345ccf6e2ec6e456aca5c8934e60c20a32
1342,0.03370798247248961,2026-09-11 06:46:24.026165+01:00,3df3caa8689d052f5ad8e58a5ae1d6505b2e5317e0232d3e0adc94de5a29d89c
1343,0.16263978561190234,2026-09-11 06:46:24.026165+01:00,a807e95844bd620658c576a72daa339e00147cfe3a7b534befb1bb93e37e0049
1344,0.04481279809969335,2026-09-11 06:46:24.026165+01:00,c5a36d946d81f655573ca0479f03e54ab761c0539de4e7c19256330613bd8e78
1345,0.0799547503769069,2026-09-11 06:46:24.026165+01:00,58914fa4703a28b19e06c9bef0c7d59bf81b64cac2ba5b1fb82f9d28d987dff8
1346,0.14953495965768013,2026-09-11 06:46:24.026165+01:00,9b440f86d806506bbe3faf65db0d7a2fddeeacc50b22be1e99926e96dc98a17c
1347,0.0713445461342343,2026-09-11 06:46:24.026165+01:00,75636d8ae2dd7c3f4720fab9e4a45cab7ae3b741069ab971b9cd8fb03eadc05b
1348,0.08078173131792259,2026-09-11 06:46:24.026165+01:00,ab52950ad03da2639cb2e4ce2c32136d1bc9d31de5e58ca927f01593157c4961
1349,0.08818488387200543,2026-09-11 06:46:24.026165+01:00,9cb251cbf2834c5b81da0cb9add3107c163911e2a41d1192efae06777333a0d0
1350,0.12452726118741364,2026-09-11 06:46:24.026165+01:00,4305dbee4bc02a1d047f2e23d35da5a3d3fc46110824db62bbd47faa5e2727a6
1351,0.06375108772314614,2026-09-11 06:46:24.036608+01:00,ebc91c6b501af6d4e681ffb16413c04de4da341b3cf2c014f80708ce9e1c325a
1352,0.09335519059786318,2026-09-11 06:46:24.036608+01:00,ed51d062098a4502891e096ef25547cfd128874315d3a547e71e046cc2d4b222
1353,0.04293365673543364,2026-09-11 06:46:24.036608+01:00,ebc770a4a1f3d11ae9eb5b499aca453b7e17375ea17f53c3aeb4b2c8244c96a2
1354,0.2200093259109659,2026-09-11 06:46:24.036608+01:00,19e423c5e86f73956c27161d736174c21f2577cfc9f3ea1507c55d890f90260a
1355,0.03246184442700572,2026-09-11 06:46:24.036608+01:00,19f52750893028122bb67b10a02d24b3d1f83f1c87cc75ff5f433b52cb3667eb
1356,0.029711218169479907,2026-09-11 06:46:24.036608+01:00,77b6df6e4bfd3a5811ac90b7e6ae9b4be7dea0f4455f73650311531acce18a81
1357,0.19506535899961303,2026-09-11 06:46:24.036608+01:00,67f3e662bc45d12dc0fa55a1dc530a798b4f63dda78155dc3aed7de677fea935
1358,0.07317219850973662,2026-09-11 06:46:24.036608+01:00,8a8219781a6e69076cf8771a4ef5b60830e88c3388941db99f0ff73e12630b02
1359,0.05334955829873161,2026-09-11 06:46:24.036608+01:00,a012f3a89a3830b936d8bc77482c553c90ac37a7b5b915f139071415e989f40a
1360,0.0649944307804204,2026-09-11 06:46:24.036608+01:00,ccb2a649f39e482c46c1bb8bc06fc474fc7450beac249ce222087212530bee0d
1361,0.13119612984760373,2026-09-11 06:46:24.036608+01:00,3a9bc35c82c3275d78a9db7e3f0fb567dc8fa25b8a1b983ac47393347ddcf920
1362,0.07082996408842132,2026-09-11 06:46:24.038797+01:00,e99b932b563db75ce632de5cd45bc00b5825c64bacaf94c35e3c9dd5b8774a42
1363,0.03043568478224366,2026-09-11 06:46:24.038797+01:00,461649c9049fd10a2f1092161906356dfe0d5832505b72db58be06d406dd7cd6
1364,0.07046222434295475,2026-09-11 06:46:24.038797+01:00,d786f7cff1b72f6f4de962afaf95aa013fa459f865e5dba2294b094ab7fb46b6
1365,0.07324759808523633,2026-09-11 06:46:24.038797+01:00,5f5fb7b67a3dad2dc06473490913e17636d5e9e4538137f9189240d7cb48e646
1366,0.07722936291222222,2026-09-11 06:46:24.038797+01:00,e5b475bbdb776b63c167525612f628951099d4f6ecbf766dbc4ef33a4e61fc5f
1367,0.05284025665938885,2026-09-11 06:46:24.038797+01:00,0c44c080bd068ba36d86dd6631bc627724c526d2066e0bae9188f8535ee8b0ab
1368,0.07323442913566813,2026-09-11 06:46:24.038797+01:00,4033b710e99d11046afd352c08134dc50bc8dc8b8c1b121ce884355692124ee7
1369,0.08962434574755299,2026-09-11 06:46:24.038797+01:00,61a75ca4419fc329c5964e0a4d5aaa4d7fa37b3bc23e7a5ccba9e7f1ee4b8a87
1370,0.08566637378111681,2026-09-11 06:46:24.038797+01:00,7b6d92518ccff25321c6c4b5b6da7e6530226ba4371d7c890adac23398e4c318
1371,0.051169548373336926,2026-09-11 06:46:24.038797+01:00,40c2cd8a57626dcafddc3ba080702dcded21e82cc78a7ed3755d163921e52f2e
1372,0.054598113268829414,2026-09-11 06:46:24.038797+01:00,d42cce444162e3503caa7824e474ffe9709be70969c1f8d135bef13ef6545b4d
1373,0.03990431250215176,2026-09-11 06:46:24.038797+01:00,181f9b155f88d93661d6911d644c5b7c6080e675fca34a9f0d2a95d177b98f9e
1374,0.07974475727320789,2026-09-11 06:46:24.038797+01:00,4acf95bc32a9e642914c66a496d23ed311c3d0031566820c8a75c85320bd5435
1375,0.022217558255882116,2026-09-11 06:46:24.038797+01:00,3d238f642740d103738972f822a060ad91afc359c0563b52244e8df627737176
1376,0.05359568070087708,2026-09-11 06:46:24.038797+01:00,4d791ed5efd57ebf53f3491e470d47f1ed7811db990f9e6d111c279ae3839283
1377,0.07519979009090993,2026-09-11 06:46:24.038797+01:00,2680c50e572f94871458bd5970a8e9e354292108d728c0a11b78abfd6e475002
1378,0.10370888093251722,2026-09-11 06:46:24.049018+01:00,68404ccf1acf735ae1dad06d19808b7907a511d5c59c548f414e13f23e4ac7f2
1379,0.034211939573011524,2026-09-11 06:46:24.049018+01:00,968cafd32caea4b9bcd0ab94045b878d1115ef592d6b67d13a53acac20ee42ef
1380,0.08258005874241713,2026-09-11 06:46:24.049018+01:00,39917d418e0adda38e0d2d1b9a7f64d08b05bd97918bb4ff0e3820c8cfac93bd
1381,0.06206639689736593,2026-09-11 06:46:24.049018+01:00,9a00ed50cd06846715bd28c3181b1738383ab98433588b1e9023c4eee370af25
1382,0.07795679729060734,2026-09-11 06:46:24.049018+01:00,35c8cbd51cc967d65af1fa7e6e78a5b6260be76acd94a0ae7e9ebf1e2ba9eec7
1383,0.04413948406850812,2026-09-11 06:46:24.049018+01:00,8d838f2cd42b20750bdba8c4dce44a1242745b352535d5f3ff779c053f08cbb6
1384,0.07649510827090089,2026-09-11 06:46:24.049018+01:00,3d2797e402d93fd25dbfedcd296dd4fc96b64af519188103a7973130a323f0cd
1385,0.059462189073808194,2026-09-11 06:46:24.049018+01:00,ee780372f0b0f41d506dfbfc7f659f9a550e4e345fb7e9ff5f501656e1669764
1386,0.1059342194080493,2026-09-11 06:46:24.049018+01:00,c53f6df6896fa385301204700a0166e2a7157e60276d187ca8c1197862ee56ff
1387,0.03322123339096412,2026-09-11 06:46:24.049018+01:00,57af662ec9f4bf7c4e58f205fe2338f5d9005d2f77cc9075a4190e04aa9cb339
1388,0.07381315690953252,2026-09-11 06:46:24.049018+01:00,537695436b982464ab3b0145d7f37ea9aee50afd9aee4b572887bd6ad2df1269
1389,0.0180800598971602,2026-09-11 06:46:24.049018+01:00,65caced2f04fc6b786e6a23306354dcad6c5182b13dbbb9b27430e12bcd498bf
1390,0.08025450785330442,2026-09-11 06:46:24.049018+01:00,8a77be58e61984f4e33c8a65f27b8df00f4fa1ba5ba888d9d2d1c0e73e15ac86
1391,0.02585433917962681,2026-09-11 06:46:24.049018+01:00,965135a9de1130d9c2d8b64e5ba520ee45e7ae7864e1b11450ce06d829484564
1392,0.053982674755461146,2026-09-11 06:46:24.049018+01:00,0144d3f8a7bb595ec91959b1284d828c76d1e7f1417dee45ed9d4d0a8d6d5655
1393,0.06823895375676536,2026-09-11 06:46:24.049018+01:00,ed53a8856c5a426b4059a2c5a942cfbcdf11bef28063a2e1cbea5c6fe07fe738
1394,0.12070503656322713,2026-09-11 06:46:24.051669+01:00,29e812f93c40141efcce7af9c64588ba0d9d4ad18bc5e1b7a62c360de75609ec
1395,0.10695547160945174,2026-09-11 06:46:24.051669+01:00,0dc5b8125ad3d91d75bc7ddf4d9ba96c7bfc579ccc88bf549d8b4805d8f63762
1396,0.10626011666512346,2026-09-11 06:46:24.051669+01:00,1fa0d6062b14776ade39b7ad22879d22e1487b16b2e39ae2974b10b598097673
1397,0.045597876248022674,2026-09-11 06:46:24.051669+01:00,1e686af3f3acd1e5b31abbc282ad86ebc630f3b6de2d3f6c809ebf00c5f3a27b
1398,0.34902619425708215,2026-09-11 06:46:24.051669+01:00,33efa0f6244d0d388ff6c066ef7400610103f881fd56b5b3cbf82e94b96d8f66
1399,0.11183541757843894,2026-09-11 06:46:24.051669+01:00,6d563d988ae825eadcafb3eeb276a471dc6b690a895889416f492c5a0a90d1f3
1400,0.15961988707865382,2026-09-11 06:46:24.051669+01:00,9b8ab6d29b2c57f3da87767e0b7cd67b9a3a5e1bbd1b7bc4c67d1238071f6873
1401,0.05950084393254371,2026-09-11 06:46:24.060735+01:00,bced46cdd1e2e3f9a55a2f5055bcd8204864812be2122296b6ace42be47bef43
1402,0.0944773328115498,2026-09-11 06:46:24.060735+01:00,df84ebb784064fe7960176fd86e5eca5f8701670c711d9906ba553c6af53603a
1403,0.21480492654320402,2026-09-11 06:46:24.060735+01:00,0f486f31a20033d5f438938121004f2166c1708c9b70d806b8333e879013d3a7
1404,0.03634341383826977,2026-09-11 06:46:24.060735+01:00,516674b6c1c9b53a41ef8bc569ef8eda0eaa8c2c5ad63c641fc1ecf2cad08c19
1405,0.4327313128419397,2026-09-11 06:46:24.060735+01:00,6611aab870cee7cf9db24ef53b8a16ceecbe0994be391cf165be56dbdcae7852
1406,0.03860392096091271,2026-09-11 06:46:24.060735+01:00,3e1a977840478f113a6005cd8ca6eea2918cb9156257a753f7fc60faafc5b622
1407,0.12353824907158037,2026-09-11 06:46:24.060735+01:00,39b582446b6f88c0df004cc5140f8186b6dd3edd483eb95f3f134e0db357c7dc
1408,0.18395843316713228,2026-09-11 06:46:24.062197+01:00,eca509a4bb9cd484cc409e91a0c82aa70cc62a0003072afae3eeb2b77a80c8a9
1409,0.33604594556128764,2026-09-11 06:46:24.062197+01:00,01e98b713b5ab9eef170ed76b4525fe30f6ae7bcb8ebff9248bf798de618546b
1410,0.1167319740948876,2026-09-11 06:46:24.062197+01:00,1f8c43086696b83745e4a89f64d94e598455f6675789922e80fb73dee843f87b
1411,0.3632636471766924,2026-09-11 06:46:24.062197+01:00,3a1c6eb66bc89c69cf5c7db7453ff1dbdb3d5439cd24d0dcecf96f42f50d7915
1412,0.11915122646382187,2026-09-11 06:46:24.070321+01:00,4bad83a063200cb3d5f28a480fcc2e6cf4186f6ce70e37a8d050d63fb2a42d96
1413,0.325883003913928,2026-09-11 06:46:24.070321+01:00,6be18728d7b858b370f7fe9541baac29e6ea52225e20cb2b60d791d7866d3a82
1414,0.04301669175000488,2026-09-11 06:46:24.070321+01:00,b187baf61704d734813860d41c4f946664c8c6635ff2ca25e0505d0a29b81626
1415,0.5119490778722452,2026-09-11 06:46:24.070321+01:00,e437e2df667f5f78165f620cd3c7ab8c70dc72b4978b3154f695de8fb93886de
1416,0.079448918374709,2026-09-11 06:46:24.071373+01:00,7e12b2b9b5d5156d2846a3e08626a1d3c6829c317bdc7340c00cf62cd755476a
1417,0.046238779511771196,2026-09-11 06:46:24.071373+01:00,fdc0c3f568a49726d6cb8b6484aea6cea4765680e295c8c07e9974c7f3596682
1418,0.10556731354655331,2026-09-11 06:46:24.071373+01:00,e189f91db395efef87ec746e64a7f9eef80bd643a96a27c42670388e72c5be7c
1419,0.12845170803534953,2026-09-11 06:46:24.071373+01:00,054f34d8e594f1bb04a7118c37ad41a136335e4436807e7cd36cfb0d7d3be250
1420,0.07159568357162058,2026-09-11 06:46:24.071373+01:00,3bc5670c745c146b66cc4473e1b299cb79e30aa2657e8df1997fd9a73bfc7d5d
1421,0.10676351105606399,2026-09-11 06:46:24.071373+01:00,928b4049131789d777ccf0d4b67a90a66e383729a71602fd4314e7a8edefee85
1422,0.09523107050438494,2026-09-11 06:46:24.071373+01:00,511c17974189f154278ad4c70bab25b208d878b76feff2942be1036dad134f4d
1423,0.08360981848287863,2026-09-11 06:46:24.071373+01:00,57dcab665a5455466ffafb571174e8e610f574213a5c2e179b6026045a2b7b14
1424,0.03847005882517196,2026-09-11 06:46:24.071373+01:00,a42ed29a8940b92bcc75419ec474f28b29986635d7f4f201164851611f963e5b
1425,0.07952409184482633,2026-09-11 06:46:24.071373+01:00,9f430046f3c375604808ec5c3aa8e59b5b036b1078587379589b8bbc5f782aac
1426,0.04871321568203227,2026-09-11 06:46:24.071373+01:00,59a212f15acb4a72e19723a2baaab4f3ee28de14fc7ed60767ce5fe9157b1617
1427,0.11638583056463826,2026-09-11 06:46:24.071373+01:00,ed71799ebb9ab01cf870550773728065675cbe8c154583b936017d77964d5660
1428,0.019872187395882056,2026-09-11 06:46:24.083137+01:00,2f8ffdb2644e3b7a0cf7487786edc650ab3fd4c3ce3423c475e425e843d6fe4c
1429,0.013625554897845865,2026-09-11 06:46:24.083137+01:00,12c0293c706a6abe1b2ac7f12cc568a5e6f6a24c07b09f2eb95acf8209ac12e1
1430,0.1963260073108804,2026-09-11 06:46:24.083137+01:00,55e731446214bed42d116726a145ddbd3632c7150ca7f69a5be0bbd16614dba4
1431,0.14079725214290542,2026-09-11 06:46:24.083137+01:00,4bd14aadfa06c27e723bef3ff81148cd031a266f5bb4af730f048ee913476e40
1432,0.03346720074330308,2026-09-11 06:46:24.083137+01:00,309c33b82ad2159745a1402279287f8703695f3b2e11019554ecd1a5f4792285
1433,0.1357524896471763,2026-09-11 06:46:24.083137+01:00,ed3e6f9ca413145bc21bb97796d6c81436e50172ae3ffa4533e6a701a89a2e5e
1434,0.09795376008044328,2026-09-11 06:46:24.083137+01:00,15c6818f347a48768ca3fb395f0cb2ed68fb597f7177e478fde7f26f45953495
1435,0.07157183065011706,2026-09-11 06:46:24.083137+01:00,8a6fac4c4215c44946f173d823daea4739bc5ace117695079503d0dbc6a33657
1436,0.04276925988491272,2026-09-11 06:46:24.083137+01:00,79141e42f313fbd2f130484b8adcef4416a1ad225ae41101878fbbcecd084e9e
1437,0.0751136473931934,2026-09-11 06:46:24.083137+01:00,141667bdd89d611da3e5b9645462947e5b243ce93c312f596ed78619a77ddd8a
1438,0.02813120166021469,2026-09-11 06:46:24.083137+01:00,623f3d35fc0eb99d0ee5c1379cc8abc0e09306884564ae69efdf2701592f18c6
1439,0.1446196081931259,2026-09-11 06:46:24.083137+01:00,de944844fb7382f60047b45a298cb8b62ebd056d4d5923d74e6f3d983cbe5d82
1440,0.09819685411075062,2026-09-11 06:46:24.085174+01:00,9786607fcd48e53b0879f8a97491a3b157db62230b61685851ad799c178c28c9
1441,0.06617243304535203,2026-09-11 06:46:24.085174+01:00,210d37b6d941c140e692a377059a46e010e643ad93c7a1091509278f6ca7cd7f
1442,0.13140872168648904,2026-09-11 06:46:24.085174+01:00,5f1f134727a4884ed9a75eb6d5763974028add2d8a911b4982f5597b53e0dcb9
1443,0.05798791957800003,2026-09-11 06:46:24.085174+01:00,0e6d47bb6fb6e676ac3a1e2fdcf6251399e8e74331ffdab62e4aef7b9b612987
1444,0.12165226832035565,2026-09-11 06:46:24.085174+01:00,bbafe87a0e256ec14b16e87a31af133b4f2909b12dffefa6a2013789e3e10258
1445,0.11729979385684688,2026-09-11 06:46:24.085174+01:00,0b4fa36b8b42583b63a831d16f5f1fdc4b25e451fd3cab89863a1057d02bce0e
1446,0.09771877493369543,2026-09-11 06:46:24.085174+01:00,b9871c5d672f780d331c365d69e112f44cfcc6ba7432bcd035de3cd401f11732
1447,0.08879963913771449,2026-09-11 06:46:24.085174+01:00,cdefc1cb43a14318106c2576fd5dd34d664a347988cd5340b0c275f88691f7df
1448,0.0976316530859401,2026-09-11 06:46:24.085174+01:00,03575305dfae3abe2cae172930a3f081052eb794c8de7f9d3eaddc12a450cf5e
1449,0.12313194224485567,2026-09-11 06:46:24.085174+01:00,0fbbc1698888f7c4a4b477216e64ea057713604876a03fb49582fb7256328a40
1450,0.11611228061663122,2026-09-11 06:46:24.096546+01:00,5e83da749d72954a40242bc065571a455e1bd571ba93cee3a7b208efd6971abf
1451,0.027966877782204556,2026-09-11 06:46:24.096546+01:00,e667461965dac380a31c1fa984679870dfd810612a8883020a9106fa5d3a0412
1452,0.11397979698488231,2026-09-11 06:46:24.096546+01:00,6d127194fa8846af16a692536afcc5ad69591eb26f0651a76de18bb19e1de51c
1453,0.0539686875450396,2026-09-11 06:46:24.096546+01:00,20cf6f5b0bd0e70696aa30fbf4350e3abbde39966035fb0abad6f7b838aef671
1454,0.16709016942081265,2026-09-11 06:46:24.096546+01:00,b0163fa06634279655f241cb42f43056ca500ce3e1b1af988f573b77b5c90deb
1455,0.12900924757183313,2026-09-11 06:46:24.096546+01:00,c463e25ec405bf8d5784ca06fb6c44ad90d2aa9c7174abcceff161aacd3df36f
1456,0.09167059042773015,2026-09-11 06:46:24.096546+01:00,79058c56ada5315e80969be2f327a77de0ea6a60946bf576ce484f56bd86eeae
1457,0.09781847298247315,2026-09-11 06:46:24.096546+01:00,46dbb07dc64bbc1c330440b84a13b9dbe4c64805942e617ade40f2e36e070f27
1458,0.08835472948058305,2026-09-11 06:46:24.096546+01:00,3222d1f4182f495d8dbcba9983cf65d3ea004273720dfe533693f8520250465f
1459,0.11402914718781025,2026-09-11 06:46:24.096546+01:00,83ce9dccf19094b1ff7e9c401b9b71f5273e1e07f828943030e029ac5953482c
1460,0.1106205549623638,2026-09-11 06:46:24.098414+01:00,08f3c45038b792c70dc4e7fd1d68e7777037e421258acf3f1cb53134fc1801c6
1461,0.09196060353258144,2026-09-11 06:46:24.098414+01:00,d705b2e2f0d76b64c8b32a0bfa5cc367af40c7a60f5bf25d7ea7e3d6de5a0515
1462,0.10835563431309349,2026-09-11 06:46:24.098414+01:00,2665019284ac4079a6d991e88e10f801963f2af3a2f8124c38629fb365b65b36
1463,0.09712342276836228,2026-09-11 06:46:24.098414+01:00,47ee27cc45cef942cd40fc3186681ca9687bac3fb5dca6557a2505517237bc4c
1464,0.08357219344521413,2026-09-11 06:46:24.098414+01:00,c3995d870778ae18a773d64efa98f2218ed9310bdb255ef8d57fc6a7140cdd0c
1465,0.056946421250001114,2026-09-11 06:46:24.098414+01:00,690442045762068d5cb2f4fb9193ba152aa287161302b7ec264daab60d398b6e
1466,0.07318746659371918,2026-09-11 06:46:24.098414+01:00,165abfa09ba2f2296199d9dd3cd938498c091338b4e26c4d6b5a77c649999ed0
1467,0.06328422605272088,2026-09-11 06:46:24.098414+01:00,84b3fb748b7260baa5ac40a59ca07c524a1094429634d5ac7301337974fb4726
1468,0.07914499217493387,2026-09-11 06:46:24.098414+01:00,5a1e60d0a264e9739c6f4ae5775e8d0a74f73fe36a33d9a4edab644a08a0722b
1469,0.1160239107133542,2026-09-11 06:46:24.098414+01:00,0a0b0fda3655c1f75cebc46f27dd49a1e0cbd02ece77e19887f2725de8258983
1470,0.11978057419365556,2026-09-11 06:46:24.098414+01:00,dabc29af0722be2d1bf3893950244b638b6da8ecfe943007f54e8e9feb452ff5
1471,0.10385852200382222,2026-09-11 06:46:24.109422+01:00,a60ec73bc59d626e2b45193fe989b06ae0935e2ef3fb0e8d7f565456e9531fbe
1472,0.07269767005762111,2026-09-11 06:46:24.109422+01:00,df866d1da2c2f3b40348e0a60ff4e39358fc1af5a333bd3b1e4d7a1bfdfcb1c6
1473,0.13448059313862912,2026-09-11 06:46:24.109422+01:00,342e9b9a37caffa86ee3798658853050a475383995f8d83eafefc898286ea6f8
1474,0.0797892546938688,2026-09-11 06:46:24.109422+01:00,94726928dcb58c96a89d2ec6cd404f66b2cd1227dcd21ee8df0d0989d58cae62
1475,0.11153224329889819,2026-09-11 06:46:24.109422+01:00,b100d3bb3144fcbe9dbd42135c292991a35ff3640910d8a3277173a62ccd90cd
1476,0.05043941257311841,2026-09-11 06:46:24.109422+01:00,ba972f227b8ed28fd309e769ea640cbaf90d923eebf26bc35383e8ed0d70c177
1477,0.058425810956956495,2026-09-11 06:46:24.109422+01:00,69ac7ee0f59b58a29e20224a2489ce2694ef5a09a8d3f8389cf001604f020f08
1478,0.06546750871829345,2026-09-11 06:46:24.109422+01:00,b8a906cb536971a0d68c308fa08d8f3cde60ab9e449983c26f0d148f7c22fc0c
1479,0.07269765795904382,2026-09-11 06:46:24.109422+01:00,6c604f5ec1b6b63a6f72134b82f1c563f02240626d664845ba99b6b416892d85
1480,0.08787878836047429,2026-09-11 06:46:24.109422+01:00,411ae0ebe1862361e6e04767555795b1e3aba18166a9c08861dcd61c1d905174
1481,0.1627325382392742,2026-09-11 06:46:24.109422+01:00,a22aa346dcf84da42f0f4a8d7621b86ad92885db3803ecdb7755a9e4862ee9ec
1482,0.08803762882197978,2026-09-11 06:46:24.111504+01:00,ddfa6f4bfe8ee26b57e8b7b80c979ad67411f2409f9dc237656d48b481bc005d
1483,0.24323822980417278,2026-09-11 06:46:24.111504+01:00,efda7b2e3c50bc6f2ed036b31fd4ea839104748edebef873962d52a92d1585e4
1484,0.08339994135672016,2026-09-11 06:46:24.111504+01:00,8903598072b599f514db8feb019fed6c175399e976db314333adb6265eb01295
1485,0.07489457288488377,2026-09-11 06:46:24.111504+01:00,9c191bf7115064d4ad03e6d497c53e2f88b3bd68297add5d9ac5cdc0cf213b7f
1486,0.12291807259369668,2026-09-11 06:46:24.111504+01:00,3763c30448792fac00c1fb2797cefa46f9793ee21dbdfdc675d1111b21026392
1487,0.06862066849859855,2026-09-11 06:46:24.111504+01:00,815c32908123d500e50d7016e6a4c0918687fd31257a2c38a493c80b48b8ba41
1488,0.15901835678256648,2026-09-11 06:46:24.111504+01:00,6a6f42bd95ce620fe1db5863087ffd8050c5e7756897a616f10f043571aee6d2
1489,0.15987252925738188,2026-09-11 06:46:24.111504+01:00,51b1cb3f0c2cb94e39d135e633bba49a0115683bace482d7375b78ce675f3e56
1490,0.1244700548367093,2026-09-11 06:46:24.120278+01:00,0a64407e9e8ba01b66d78503f88b4eeaaad6f65b32a75cbf71bcd7ab84bb0ba1
1491,0.27333789013033033,2026-09-11 06:46:24.120278+01:00,96fabfad0df98e6fac16a4763f76048add022761defda176c6fc7abf41549d54
1492,0.08990717150686067,2026-09-11 06:46:24.120278+01:00,ab6e6ad44d197a8beeabb9a2a6749657cff02cd1f00d0cf1b310a6b6c860a568
1493,0.04792511667493827,2026-09-11 06:46:24.120278+01:00,6052f3c10d10a4af8937d0957a4b83eb7718654e8a7e025c410deea0a9b4fab9
1494,0.11831475920356095,2026-09-11 06:46:24.120278+01:00,6651a822940195bdd11983125c0ed117b02bac806a904552f8da75815cb7af1e
1495,0.04873614611293214,2026-09-11 06:46:24.120278+01:00,a3bbff7de05b3f70d8428b341f6d1986c2ced8996f7bf3df37c1824e72e5e74a
1496,0.1860752901012456,2026-09-11 06:46:24.120278+01:00,3881507d96255a1988c7cd270ad9cbf1d879c2d5120da99cd2b2dcdbca6cc300
1497,0.11123357143342265,2026-09-11 06:46:24.120278+01:00,80f8613fd6dacfc6be6ffd39586ea39d314ac48e167b2a62b085432383c0736f
1498,0.16531895683712097,2026-09-11 06:46:24.121774+01:00,22dd6aa21184d0d339fe026545540254913f84e57e2561f1374febac29c4629d
1499,0.08975071197009551,2026-09-11 06:46:24.121774+01:00,491fc4ed0ed06b81c54e2547a05d93ae06de7a2b61b8e01079ffaaf7502e1256
1500,0.1909380063327192,2026-09-11 06:46:24.121774+01:00,6060f069e291eee190e1cfa1821a114c275f4978809d3f2007744ae3297bce47
1501,0.16059795927997406,2026-09-11 06:46:24.121774+01:00,ef241f1af79a9225b44cb26f4233c3a89365bcc68a3dc97049ef6a5d5a96d9d1
1502,0.15634162436889895,2026-09-11 06:46:24.121774+01:00,f043729e4022b7900a85db56b5921a1ef014476843c734e4de202fe1d17aeb0b
1503,0.23705274121119135,2026-09-11 06:46:24.121774+01:00,9e54007d7869b049f6e7b057fe06718a2b490caf6afadac617d8d1f90f8ffb60
1504,0.35906199872767847,2026-09-11 06:46:24.135210+01:00,ebe9bfd1c2cc4923541b4fd393f7f7e202535f4bc175ef11f665729c4e28a5af
1505,0.06021463199147715,2026-09-11 06:46:24.135210+01:00,6ab49810a5daa488a6cd2e9c8d5dc4a957709c76439f316edf5fbf9f9af6f97f
1506,0.17324997147815177,2026-09-11 06:46:24.135210+01:00,e7a174d621e81d82a9fd815c87bd7c21fba5a76d7145f3222fa8c6d9d2561565
1507,0.12667863267965523,2026-09-11 06:46:24.135210+01:00,cf591f3c2013ac0c1b6be3f4aa59332a96a699c7fcf124f619dcc961d53766a6
1508,0.1269948088247112,2026-09-11 06:46:24.135210+01:00,fb6b3870fe9d619dc963b84d787d669b1e2f7117566e26ddc6501ba3f1c51563
1509,0.1537999562983262,2026-09-11 06:46:24.135210+01:00,3a4372dd58db55638d5ecdf1479370881a86446cc48f6ed0578f72877be2663b
1510,0.08406341819400408,2026-09-11 06:46:24.136526+01:00,09a37bb1a9269d9868cb5bb952d6c14257e01f56e265969d94e66e18d604bbc3
1511,0.04753092052251778,2026-09-11 06:46:24.136526+01:00,4c64b66653ebbe13b76e426e31864996095113fefefec461437e735c95066618
1512,0.09267117779726049,2026-09-11 06:46:24.136526+01:00,c1dd87bb16211c157b9aad3806c1897963c01301aec74707abb5b5470f27072c
1513,0.08598318698131635,2026-09-11 06:46:24.136526+01:00,5d1588dec8e0b1a816120188e91585268234dcb46ba209b2b90426c77e10dd2f
1514,0.08579138015940739,2026-09-11 06:46:24.136526+01:00,2bb4e02160319199aa9c8ced7b028a0ae6092942440ac4e328ca5346fc859a26
1515,0.10313243618674645,2026-09-11 06:46:24.136526+01:00,ee592ba345249999b9d178f7a32297f97d5b9024502064e2e85e430f44996bdf
1516,0.07944393252354413,2026-09-11 06:46:24.136526+01:00,7fc267b72f25dadee3033457a735a4989dea4e23eae263bf3dd77141f573c899
1517,0.15559795767147605,2026-09-11 06:46:24.136526+01:00,03d2b3b6479ab2276346dbe7c32aaf10eed5a01be9c6fba6a3015aca81483a48
1518,0.07345715300561116,2026-09-11 06:46:24.136526+01:00,086b6e17869cde0d38128532d334738d069d1795d4227382c361b4b222338508
1519,0.19232843695811616,2026-09-11 06:46:24.136526+01:00,8ef463ad5a2362dd6a772e4a821f74ab38ed1914ac6fdf4511df9be73f5e1a7d
1520,0.10334401561104979,2026-09-11 06:46:24.146210+01:00,e9c8036877374175fcf756fdd271295a31849797616486683a0913d2d5c6782b
1521,0.0459360098797815,2026-09-11 06:46:24.146210+01:00,762ec140db5330703431eb31970d281ed86c808de0ff5eddaf946811c58ee690
1522,0.08348506985317823,2026-09-11 06:46:24.146210+01:00,757c6c4cdc2fb317b623a05589e33e25c30163a9c4c510932002c07fb3871002
1523,0.06331766745399178,2026-09-11 06:46:24.146210+01:00,f47a319c5e1a8eb1857048b7e71e1603ccbb5591ee75c9a498f7531015d75785
1524,0.07644621374480891,2026-09-11 06:46:24.146210+01:00,711bad0b76ad6a529ce56ecf4c205e50c080cdc569ccc5f8c58ee2d6b1a647d9
1525,0.1327706844724503,2026-09-11 06:46:24.146210+01:00,3c982fd831dd3fb80ec85e3902dae64aa10dc3fc94dcf13d8f103c39ad8a0e2b
1526,0.0813080279558932,2026-09-11 06:46:24.146210+01:00,e75ef1dee9c5a050e23423a739dc2ba1c1d72878562134b19fb406bcac0aac81
1527,0.18166077157667007,2026-09-11 06:46:24.146210+01:00,b00b97698008d2f63b993f73a69acf6077064dc221fa20726eb2e7cdeb8376ff
1528,0.09129769423008854,2026-09-11 06:46:24.146210+01:00,2d5ef119f95c11bd77a52d80799c674597e54812e67fadeb7495e8cdae9f53aa
1529,0.14043384522208752,2026-09-11 06:46:24.146210+01:00,b3fdfdec0d48ca672a6199175ab1191ae49eceb57f9619a4e6b8555a2bd59f87
1530,0.1701739813108805,2026-09-11 06:46:24.149667+01:00,7280852770bcd24d6ac480e3d45ba704ffef2a5073921258aca92d0c9e996c4f
1531,0.01640800907329505,2026-09-11 06:46:24.149667+01:00,74bf1699901a866ad48cd1427fdbea5e4c3308556c95c3857c0123822c596de6
1532,0.10933309656585548,2026-09-11 06:46:24.149667+01:00,0b4f223eb9d970689c4427ad1e49139cd6d392bed3c802b87993214ae2f35ce5
1533,0.11234268257014567,2026-09-11 06:46:24.149667+01:00,434e6da4c7ffc745a533c80d063479e28e3ba2d674ebee0f04d377aabab52eaa
1534,0.11395279258855119,2026-09-11 06:46:24.149667+01:00,4805426a399b8a0cd08a9dd71278bd2e537851c198bff6f6d03b73b5b0690410
1535,0.12364174986865013,2026-09-11 06:46:24.149667+01:00,b5ecc8468111eb24c123b041ba2e57d6041c1b3eede9ace7cd6ddb3bfa056e57
1536,0.07415009686034772,2026-09-11 06:46:24.149667+01:00,fa2969dfce8d6e96479109e17cf143e520623b672a675175f34dab4fc209edc5
1537,0.09362153161239085,2026-09-11 06:46:24.149667+01:00,54a75a366f29769620ea32ef244636334420d5dd67a4abd29b6e354bf4c27f11
1538,0.15308516393065494,2026-09-11 06:46:24.149667+01:00,f40a00fbe4958cc2b21d49c187808897d0e33de1fc5eb715a68969a1e8cec19c
1539,0.03329089561922822,2026-09-11 06:46:24.149667+01:00,be531296a42a66c404c66f31991b8ecb385815d3f889fedca98b0dd3e9dcd9e7
1540,0.10841826329593776,2026-09-11 06:46:24.159447+01:00,54c9905d1f7f343f3f9ac6048d7304e799550fcda3c029b7edba9fadfda414b5
1541,0.022009675465216875,2026-09-11 06:46:24.159447+01:00,5a3de96edad0ad30c4a0f5531d579d657561733cb83af39d6875130d231176f5
1542,0.09963881463390124,2026-09-11 06:46:24.159447+01:00,4f6edb85c7add42d8fa90633544ccadfb5717ce65786ab82c88ce3000ddc8e52
1543,0.08565333946605706,2026-09-11 06:46:24.159447+01:00,85564783625ec00557450439669b38f618fc531e6f4b49c28f5fbe2d8c568ebb
1544,0.16104417070189775,2026-09-11 06:46:24.159447+01:00,1929aebe0b72173d6a1c1dfc9b9f9d678ccdf0dac6b79aa2b317a3fa067db101
1545,0.14144570769421902,2026-09-11 06:46:24.159447+01:00,2759193cf42ae9e512c08334c8fdb9e320941b4db4d22a5921532b0f8caab0c7
1546,0.022190337996081555,2026-09-11 06:46:24.159447+01:00,768055db273000096bcac9e5004289634cd290e15eb046b54ae48dc95727ae00
1547,0.06882098248725466,2026-09-11 06:46:24.159447+01:00,9ef9bac46bf13a7316355981e7e306700ec9ecb6dc6a556214e01facaef2060d
1548,0.23122760815938606,2026-09-11 06:46:24.159447+01:00,9f074595307cb886c5a6aa238b0e6c6dce92fd58b7498ebf609f3507c1ba82ef
1549,0.05955110010004797,2026-09-11 06:46:24.159447+01:00,8860f9da211df007c942b512db13293e559a4530ea179b2b68f6f2c4f9a6bbd1
1550,0.09076269185619971,2026-09-11 06:46:24.161694+01:00,a1d76bca89df638be582d51e24bb745f13ea0a0376781d673e8d5bf0e5866f4e
1551,0.11541461014524108,2026-09-11 06:46:24.161694+01:00,9a7daa7258b8890f1b6cba9ada70c7c3fd3f50ab14b8fbdcf0789a67f0044b82
1552,0.05534460870003947,2026-09-11 06:46:24.161694+01:00,f6690404a0cfcc6e2b6e25b416b887b9a8c3874f77112146dc87fc41b84110ac
1553,0.0822008615017877,2026-09-11 06:46:24.161694+01:00,7991f5480bd11d305df6523ecd8880f9021b37fb5d4fd575b7860e460218e566
1554,0.025762833652854727,2026-09-11 06:46:24.161694+01:00,1c9677b81fbea680d6a43e72411efc18ee0b7fce63fde41083fb1c3714d6a4c4
1555,0.08201466316081509,2026-09-11 06:46:24.161694+01:00,605ed2ec5d657341ff776f7287c4d3ef3d68c04e280ad8a48293a4dd0a2b6943
1556,0.11311149968941873,2026-09-11 06:46:24.161694+01:00,e367a727f4ef3eb62e3a91b9629003b920cfacaf07cd1892bc9eefa4bb6bb01c
1557,0.08422446743666939,2026-09-11 06:46:24.161694+01:00,34e7157b0bd73d1fee5d762afb77e10bb01091cb592c811790df8cb11a73c0e8
1558,0.08553477922375705,2026-09-11 06:46:24.161694+01:00,af345ba269ca8ee0cc2ac8ff3cca0541416ff2c781398e7c568a6991b4ab3f89
1559,0.18784087912482664,2026-09-11 06:46:24.161694+01:00,cb3bcd59ff45d16e146154aacd68dfdf30c0917581ed39f17c580a1a36f7e7c4
1560,0.07778810550839038,2026-09-11 06:46:24.161694+01:00,11d47f439585a3091dd06e6709baa038d5f54e4b863fc2a73a987964156d99c5
1561,0.056280069405664275,2026-09-11 06:46:24.172199+01:00,f6cede2c8975cf29466a64cae799fb95c609312b69279299c870b2747e5a50c0
1562,0.09592158000229668,2026-09-11 06:46:24.172199+01:00,c20da00d71393ed36e5108e5688179070bb11e9df4ba88b603f30a58f3d85669
1563,0.027768946472717458,2026-09-11 06:46:24.172199+01:00,90549021949f24490c2c88fe62c13a6f35abc0487badc6604007db62aa248736
1564,0.04343243454645421,2026-09-11 06:46:24.172199+01:00,5543f21b28e144ac31eecb34994c81ed331cddf1ae92e1200af602c5085a01dc
1565,0.05104561905419511,2026-09-11 06:46:24.172199+01:00,a8478cb6230d15c2c54ea61974b91109c10c5e163fb1c9450ac6ea629df4b345
1566,0.1419078960840109,2026-09-11 06:46:24.172199+01:00,57dfeeccab2ee0257b4a4a3a27f43539b14613d06fcbf0ab772d5018f9fd4162
1567,0.07617779183432404,2026-09-11 06:46:24.172199+01:00,318bdc8c1730dcd577971703dfa0e24bfbffd00e44b34307f10cdd22001fd075
1568,0.05973611931555691,2026-09-11 06:46:24.172199+01:00,48423583646b1c5be0024fe719560c393aa39a8fa9231dafc45fd13bc283be7e
1569,0.153482995993865,2026-09-11 06:46:24.172199+01:00,139ce1e7f912c5551fa77bc1a7d547d9279bcd94f1b4d7e9b3436189f8237a9f
1570,0.2694169552296463,2026-09-11 06:46:24.172199+01:00,a9fa5bd1c8a698572bca90c681590fbb187e018918818d2b67fb8019f04a4be7
1571,0.024829592061269223,2026-09-11 06:46:24.172199+01:00,0b456fc566054c864b9bbdcd18c0237305df5e3977a9471f8fb0b4705ce2db58
1572,0.13342087119908344,2026-09-11 06:46:24.174085+01:00,e20a3c7e8638b896694bd6762195016fc1c87a4e8250111d240cd4a0c30af0d3
1573,0.15466080882833713,2026-09-11 06:46:24.174085+01:00,dc880704dc5100890fc7c753733744818f17a78c094eedc5e00e01b9f0498fc4
1574,0.08086156069250436,2026-09-11 06:46:24.174085+01:00,69a71f510214fac4f38f2c99b6432bc4c1e6e671941d35c99adae31acacb56ed
1575,0.11041470393135393,2026-09-11 06:46:24.174085+01:00,b9cf85b3b51ed9011b86b611dff339c9d2eb40b54b89f5dbdded3d464d3129ac
1576,0.09632881926182879,2026-09-11 06:46:24.174085+01:00,7a2250163ea5829f799485f760d571424b47861e7d5c3bf1e359caa908ab2b5f
1577,0.14534664792922256,2026-09-11 06:46:24.174085+01:00,402cc5b9e8fc453acc613245500d36c691ad64d64ee7d76fb4292080386752e9
1578,0.12010280155328586,2026-09-11 06:46:24.174085+01:00,58d571d640c22068834c9cace0e2095e433217c43f9cb5a7e9efda4e18eb7b58
1579,0.158863786604384,2026-09-11 06:46:24.174085+01:00,f912fd16c0e7a13c84c5d5c07cc8c5d69902bc6776fe0ec699d031566d8c2c5d
1580,0.13770488781827617,2026-09-11 06:46:24.180540+01:00,69ba41ff72f5362a92de563cc9f4105e5a506a054b03b8a6c8986e70bb84bdfb
1581,0.14662516653433688,2026-09-11 06:46:24.180540+01:00,4e91d464e15371a4b98708b5de0ec0ff6bd7f287858d27e9781eb2c856b3ca7f
1582,0.07519081499629841,2026-09-11 06:46:24.180540+01:00,9fa6fb448edbce44484dc68d61f823dfdec735aadf3c851b176c6be62afad2d2
1583,0.08409991061447357,2026-09-11 06:46:24.180540+01:00,dd37c432f330420546d2ddfe4ee875f3e30e8ac43d880275ed2c362c92a421be
1584,0.08786325630274094,2026-09-11 06:46:24.180540+01:00,2fb493ea3972043150d8f4c542ffc5bd7bd05f202f406040123e9bc625d156f7
1585,0.12909934286068817,2026-09-11 06:46:24.180540+01:00,e3936d47a62f149e861d97b04526e662ada629d765b6d77b88b917e04dc7e75f
1586,0.10809746598899984,2026-09-11 06:46:24.180540+01:00,04ed82183daf93e528c8b87c77404a17be9548f818d098e97f045bcd2dd22c11
1587,0.23131915488418597,2026-09-11 06:46:24.180540+01:00,3548859af64feabf4dc83938be3ee7f5827a4f06328bddd8a2283b89fa280a1b
1588,0.061069923009932116,2026-09-11 06:46:24.182373+01:00,36ef74b75bcd5bbc0ca962b67b9fea20c41836f82087e1040c42f23ee4b9bb23
1589,0.056013238017805805,2026-09-11 06:46:24.182373+01:00,ea9ae38b17f3bc3ca1940be0b33b35b60528cd036555c62ef2d35a3ba34844ae
1590,0.09115881859636363,2026-09-11 06:46:24.182373+01:00,1da94ab1cc51bfc0d1caca1e5bbc798abe185dcd53668ed5bfa80ef000d5c38d
1591,0.060157956845593934,2026-09-11 06:46:24.182373+01:00,d3fa917ed3f950fa686360a0faff625951785a54bc1271b6fa08919992b49020
1592,0.08244035710577637,2026-09-11 06:46:24.182373+01:00,43c08158c9b41ac7587088c4508733a550f59c4cfc234c1a29e5d51794674168
1593,0.05217357373243123,2026-09-11 06:46:24.182373+01:00,e5eccad255e7d08f60f67b0b760d818b721517c03ffef93fb9c9be7d63835609
1594,0.05564943886292394,2026-09-11 06:46:24.182373+01:00,355d1bb8f3335f9676ed611788a9f897f3433ac0579b3fa04529e57249c9d1b6
1595,0.12188848510865188,2026-09-11 06:46:24.182373+01:00,c53ef1d1288c6473193102f71caf8858fea955f0990c993598e4ae3c92a20eb0
1596,0.07728272966960327,2026-09-11 06:46:24.182373+01:00,05dc1161e12a06bb8e2c5806c876bf63c42fc4dc5c42cb73fc3f1ce18d26df2b
1597,0.12402710693995046,2026-09-11 06:46:24.182373+01:00,2caf37dac44c75ad4f1b25568959ca92e45f47f2fe0265da00e94152a1e1066e
1598,0.029408233867492015,2026-09-11 06:46:24.182373+01:00,d69a35c54ba5787b2111cbac2a690cc5a38d7e23b65292ae0e44570714570881
1599,0.13414950938091147,2026-09-11 06:46:24.182373+01:00,697be25c224e668a3ee4dd1a4222b30ab16d8ad3e5b24ad432bee574207d6e92
1600,0.02191862759445035,2026-09-11 06:46:24.182373+01:00,1aef639058e4736b6d3fee61f8556cbcbaabe5b7eb55ae4f7ad92fb28063031d
1601,0.03266200126811353,2026-09-11 06:46:24.182373+01:00,d6a2f505a4cdc85cb0a0de36bdfab50c705cc3c9b0774ee5640520127fc5cfb4
1602,0.06732415908662903,2026-09-11 06:46:24.192170+01:00,40244183744efae5044d5a31fd6c7b31443439fc27647fc4fa68f30d77e37688
1603,0.05884419776992358,2026-09-11 06:46:24.192170+01:00,4a8f15ac026cd39b035e3074deea1bc2adcd93d75ac48ee455b0788d5898c98a
1604,0.08416869473202958,2026-09-11 06:46:24.192170+01:00,a6f07dbd012352fe88017399426f70f9b455de329085241328b7432e449fdc38
1605,0.04151632366183218,2026-09-11 06:46:24.192170+01:00,c7cefa9abe6030e083b8d60310a55f030e8368d255e4d84841cbd0c3b5f56e64
1606,0.08305035607392455,2026-09-11 06:46:24.192170+01:00,904289f2050c64b2976b0df579a5852c39ea43411351878196cffb4c7df775fb
1607,0.05204170214250164,2026-09-11 06:46:24.192170+01:00,204df459a4d67de1310be7a9e1b4146554f4ad3f82ef423c14dcf0e6c6ead4e1
1608,0.06057431448217642,2026-09-11 06:46:24.192170+01:00,832bd97489a0e67627b0fe8b8844cf94d2899d96ab38fef8463b157432265cdc
1609,0.11393498104213072,2026-09-11 06:46:24.192170+01:00,43c671326e50e6f48e6fe294bc060edb2763dabca604217fb9c8439739b300c8
1610,0.06743684743410717,2026-09-11 06:46:24.192170+01:00,ada0cc01fc7e8640f157c7eb99e2efa8fc545d418be6dab6a51af925d8b395c0
1611,0.07772369798615593,2026-09-11 06:46:24.192170+01:00,52947b374bcfdc5950c171f37863a6285d3b0af9af792a92dd99294247e3f92d
1612,0.03349063622049199,2026-09-11 06:46:24.192170+01:00,340c1fcdf0483ba161d21509ae14823c8125c09af07074db988f4ab4697b74db
1613,0.17427007036365233,2026-09-11 06:46:24.192170+01:00,8f34b0dec2aeef3fcf78ac1d71715e1bc7cf4bfbce8cac1faa97d57dd3eca2aa
1614,0.04501640798215054,2026-09-11 06:46:24.192170+01:00,98659485b990176d32527d1ac826c47b362c0b9d057505c3b88e4e26c8497264
1615,0.040607611022294404,2026-09-11 06:46:24.192170+01:00,1d6f0100119573dd4d98a6bea96373dcb5d541289e07fb243051696d7aa522ef
1616,0.19592033817417437,2026-09-11 06:46:24.194814+01:00,1b4ac1abc30c10e81721983d7b744b57039dcc94baf0f40bb4eab57fc0e68dc6
1617,0.19037381675008283,2026-09-11 06:46:24.194814+01:00,8bc43146c4b2ed4129fd51e205e20e79173f7685beb759ae7c65e2b2ee9e33fc
1618,0.19937302136922208,2026-09-11 06:46:24.194814+01:00,f5afea0412da8461d697bc512553431d5a335da5c45e692d02e64dd763f0ae1f
1619,0.13244833950173857,2026-09-11 06:46:24.194814+01:00,77d8522c75a05e28c4b58d798cbe7f7e6a1d475a398d9932847699a0cceff667
1620,0.28188448420478207,2026-09-11 06:46:24.194814+01:00,3bd054c36c4641e13c2ca580156bdc18dedfcade4e4bfcd1e0c6ca154a69f2f0
1621,0.29079188603831424,2026-09-11 06:46:24.201157+01:00,3e8dd2ff6c453147700593c1c02fe5d95c39bef13098752663b40a7680b2cbfe
1622,0.27577414611613116,2026-09-11 06:46:24.201157+01:00,463f4a1402188c7edce2fe928ca3e33ac770e6391f24a5c5afb898feacebf731
1623,0.2234803135277206,2026-09-11 06:46:24.201157+01:00,826829cacfcaae4c8cb3f9d878c2d07550eea3a52b7ecdef3362303854ce978a
1624,0.09502497432319308,2026-09-11 06:46:24.201157+01:00,8e225689324b7300b56ea430875a291c17b310f07420add852f47dcf749ce8ed
1625,0.1149286799946409,2026-09-11 06:46:24.201157+01:00,847103e9e4111583fb86d119cdf099c49bbbc5fabccca52df0dc1dee3b3efd85
1626,0.12065463853525124,2026-09-11 06:46:24.202319+01:00,8f48d73af1033ad3f973dd480e9bcb10c8813512d80f4597750531092fe339e6
1627,0.044076449106777986,2026-09-11 06:46:24.202319+01:00,7c2ca9a85f0da9f276cca563a3515aed2e8a4cb0aa722f9f8817d1a4f42493cf
1628,0.0963543344917054,2026-09-11 06:46:24.202319+01:00,79c9acfb85cec8407078116526bf5cfcc54e6651bfd720fbc386a7fc339ef0da
1629,0.09922392035181304,2026-09-11 06:46:24.202319+01:00,c5edeec50cc0f4a14756573e0dc7a24eed835585990d31ccce9bf9bf7d6770a4
1630,0.06869354625891505,2026-09-11 06:46:24.202319+01:00,800fbe40934e6e63d1c3a5a879efd2565abf956cf5ba7206677075c6e78e8a6c
1631,0.047003415707574964,2026-09-11 06:46:24.202319+01:00,704b1bae76e9693da0646b163528f277e69810697c265db71cbd8978aafdb5e1
1632,0.035533233427200696,2026-09-11 06:46:24.202319+01:00,314c75026d1b4ea9b755e6cbd15663629d3d61e7f39d6a9747f48df338e0f09c
1633,0.11409579322470721,2026-09-11 06:46:24.202319+01:00,b03ab74ad7cff57d407219f883c86afbf853fce736f80cb85f25d6183ee0642d
1634,0.07103980700223257,2026-09-11 06:46:24.202319+01:00,f35b32a4b0853246ccbcac39d80b0aefb4f1ff9341b4698d95bbad2e1ddc29d8
1635,0.06192418896396068,2026-09-11 06:46:24.202319+01:00,8e62ee000ec02deae7cfe9fb358b07dac5e96f596509337b0025b7182f27934d
1636,0.0728507159033734,2026-09-11 06:46:24.202319+01:00,01973ccab9b1d8ff1f092f76426c4019a547279d78d28468ca081670d6e42731
1637,0.08017608431135091,2026-09-11 06:46:24.202319+01:00,c6d6a99cedf69c9326941bdf24016d2ebfeae349efa5aa566e588e6928fbccd4
1638,0.08837387271513696,2026-09-11 06:46:24.202319+01:00,9d302f856ecc8fbefa7e88b2d4d4b35560ea975e8372f82bf9b2180c5b000823
1639,0.1746044455051902,2026-09-11 06:46:24.212310+01:00,7ad58cd051f925321d1a9dc09f6463aa893b94b7bcf668b7eba2b929ab3a2cee
1640,0.03424062741888293,2026-09-11 06:46:24.212310+01:00,29217eb65232383db27a3d7a9d8eeb4050a581853b4e99b329817796bcbdf6bf
1641,0.09058229781409748,2026-09-11 06:46:24.212310+01:00,70d85a32591adb5fb6b0c8095ac1aed6c0279fb54e7d1303120d1a5f0de48cad
1642,0.08563295676772435,2026-09-11 06:46:24.212310+01:00,084bf2b29943f0da1a68ce1787517c90ea28659f9629079e5c250f4b015b5296
1643,0.04998384270539854,2026-09-11 06:46:24.212310+01:00,8aaaee672f3499b2bb225e3f30d98e1797c0ebd09796fcd483d64848995d6ee9
1644,0.028702942409088467,2026-09-11 06:46:24.212310+01:00,22f22583bb7c87c467a0c172d4d894f7a11d13bef8d6980a24bbc98ed1a00c8c
1645,0.031829031237371457,2026-09-11 06:46:24.212310+01:00,c4f794cc84a4aabac66d575b77df6127ed1ffe8fb270b064bd289a168c6c0b35
1646,0.06449858245504869,2026-09-11 06:46:24.212310+01:00,0e038cc42c863aeed059d046a00b485881956db2581a425eeb32c14c84977be8
1647,0.11318994162805511,2026-09-11 06:46:24.212310+01:00,45391f2a6be7d959fd92d8385a82a2bd09b0f9f4d8ad5e160d3f1212b2ae2791
1648,0.0704890938527625,2026-09-11 06:46:24.212310+01:00,936f077130705f9302efc61bbc6a44faca020b20f0c38d86d4c70557998ed8de
1649,0.08422120209876549,2026-09-11 06:46:24.212310+01:00,78773d0337bea70019ba49abb958d2d891a5c7f9b780acc23d3a6101116c24ad
1650,0.07241073057186478,2026-09-11 06:46:24.212310+01:00,d9ecf6f2ce3c958f56010f3ea973308472b752af67a8d2267e1f1d72b508ca74
1651,0.09961430553575011,2026-09-11 06:46:24.212310+01:00,1c5571c2b0c53213e7c03a9ec997e62a5f660c3eeeb405fcd7d3997d359509bc
1652,0.16287933603226096,2026-09-11 06:46:24.214556+01:00,1e4b2872a6c6425fb085bc5261fc77e6ceacc3557754d17d53d5b9083a8ebc82
1653,0.24490430666699028,2026-09-11 06:46:24.214556+01:00,7419e60277a261cad6f1000cd7d474def6c7b2d72072f4e507377a689b0c5d35
1654,0.19203555729793922,2026-09-11 06:46:24.214556+01:00,d8d2f0c5e63d737254703a98ae23ccd888e371a8083346f73b952400890f6fab
1655,0.09463933936838226,2026-09-11 06:46:24.214556+01:00,d31fd4165ce59fe088bbab9b8b6c806fdf9e589f55da909a44ce8364b51c67c3
1656,0.14433142637821458,2026-09-11 06:46:24.214556+01:00,8d0b444ca9352f660d10fe04c8fef0eab2341caf8e0f503475732485f8adf207
1657,0.16121003425621275,2026-09-11 06:46:24.214556+01:00,1a763d117ceaa70f0979b99abb1c7a354a64910c8be223253986a2f52c62b456
1658,0.2873117942257385,2026-09-11 06:46:24.220082+01:00,1ee30af44bf120fedde9acd8832457e5dd8b2f12d6481f2c50463191096bd902
1659,0.17178278249409712,2026-09-11 06:46:24.220082+01:00,5da842f654f1d5bcbdc108d7081f4cbaf66099186faca14e9e22fcc0ce8505a2
1660,0.19411803442408126,2026-09-11 06:46:24.220082+01:00,e370cd3f6cce42cfcfa7b1a8ee86db6042cf4007b42b313ec54db46386ce8d95
1661,0.08153645149676797,2026-09-11 06:46:24.220082+01:00,3ecea54d20f272a2616a256be73e639114234581961b2c0a81bd3d7aa35b9b05
1662,0.1441319984446905,2026-09-11 06:46:24.220082+01:00,8e35ad10025866ab88f61c76abe6d52cc84e0e621400e64df3a220c3e7127b2f
1663,0.12111893891462464,2026-09-11 06:46:24.220082+01:00,13dbb7df811a86bedb7820b22d547a358423be9747bc01361ce8530a5cfc4565
1664,0.05949301410151485,2026-09-11 06:46:24.221406+01:00,1d1de87f7af4afea8871b3e45f36c3f54f1ba6576503f3541abc31457834cbac
1665,0.027035276187387932,2026-09-11 06:46:24.221406+01:00,c52ad159c9e23e893df0e97a915db64bc0120341a0bed3533583bb7396c47d28
1666,0.07882047685405719,2026-09-11 06:46:24.221406+01:00,0d7f6670f957c14cf1b6a172c26a5ee8b91923cd32c2e94785b04d40b43a51c9
1667,0.10855734367999731,2026-09-11 06:46:24.221406+01:00,4940e39f6f7b93e5cfd0e630d1da49702c39cec74bf61f090b192bd2185cf412
1668,0.038218899485369,2026-09-11 06:46:24.221406+01:00,0e5ff9fc4436675d43895729b311035263f6f4734d459e52d378934d7885b62e
1669,0.07212047905834137,2026-09-11 06:46:24.221406+01:00,3448266762264ef97fa65a6d13b66dd926c9aa7f0acdf71694e237eafbf8194c
1670,0.08788029265437332,2026-09-11 06:46:24.221406+01:00,6cda62b8fbdda537f436ca315ed31f46c797946bf84a41dd9ec8310ab3af1ccd
1671,0.08847809980066731,2026-09-11 06:46:24.221406+01:00,c5cb559b7beb25b57e33a0cb5931dd304849c9e1bd7207f5bba75af3da575acc
1672,0.08429150152092771,2026-09-11 06:46:24.221406+01:00,151061bcf73c72a987b00e02e0071fdb8261968219c01bccfc6e2affec6cfa89
1673,0.09505533554190848,2026-09-11 06:46:24.221406+01:00,c318f07eaf3c8259094dfe0526571978460982bcac2c3a49837e379925312aca
1674,0.0649172289128324,2026-09-11 06:46:24.221406+01:00,fbcaa26197e17c6a4a70c5a214dd5c08a7c51e08991c2804953b8e4182bece36
1675,0.06827018431734128,2026-09-11 06:46:24.221406+01:00,a8908e80017d324ce3408315148b4290c0eecf3d0df06b6f7bdcac46b3de3ce5
1676,0.06752491996904109,2026-09-11 06:46:24.221406+01:00,273bedbe6a96789336ba68ca461efc369b23cdd8140d7b7e8a3cb1c734aa04c3
1677,0.0593369479162407,2026-09-11 06:46:24.221406+01:00,053aa5dac68a55783cc8ca62bde653d35932e7aebd20e34ed85d9f3f883c547b
1678,0.048970446123806216,2026-09-11 06:46:24.226326+01:00,2d591dff19a2d6d5bdb665b2d4c85fb0e4f1db3ef35c1faae23cfe0dd806a2d0
1679,0.04743314858913311,2026-09-11 06:46:24.226326+01:00,f36c502a6998e9fd3b7991d0885ae4e48e2fc1a84e36f42b4908f3f568476f9c
1680,0.06420869945151046,2026-09-11 06:46:24.226326+01:00,2b0e6804376b20b99f9087c7b66f9469ebb12ba039b58536ab349c313d8ccb77
1681,0.09285162745401672,2026-09-11 06:46:24.226326+01:00,d8e3cae4209da4f6d56496cb81b1c45bff479000ffc4d454c9bd39356c9284e3
1682,0.02587980546737178,2026-09-11 06:46:24.226326+01:00,eb477f399172e9cb6008f7f1f2e94d86065b82d4e47f9eeb4da713f9d2f68f8e
1683,0.05852004654137158,2026-09-11 06:46:24.226326+01:00,a1138e248d970dbf028dcf30f927483b4d19345f77b9544b948721339f28d94e
1684,0.12304014765373904,2026-09-11 06:46:24.226326+01:00,5e4253f88631b3e1e71028df222c3d5e7b971057132cc24c9f8a3e4daf4b5603
1685,0.07234898165673959,2026-09-11 06:46:24.226326+01:00,fc61b5de4958717c6c396cf1410b02a926181d8b3ef2077e231d4cbbc49a6fdc
1686,0.12149194461861482,2026-09-11 06:46:24.226326+01:00,40ce9f4cff95d5a2aee72ab221d3821380e77ebf3f0b4e78dfa5b35be8007dd9
1687,0.11463179811803903,2026-09-11 06:46:24.226326+01:00,44c1d4a6bfd202615801c949142d93959358cd5c5cc715fa9d95fac00f3bb490
1688,0.05959251726382061,2026-09-11 06:46:24.226326+01:00,4db4aad2f26dca65ec2fa5e8bc0d181739266732382ba4f4a31b3667db261de4
1689,0.08276062287588729,2026-09-11 06:46:24.226326+01:00,be334c9c6f502b0196380438462a41792fbd5b36bc934bc2572f51f3b16b1a85
1690,0.04424278241974289,2026-09-11 06:46:24.226326+01:00,39e951805929d52e7882e74ec3d71d65259a6bc470d83b19a4de1ac5751ee632
1691,0.04402743176620692,2026-09-11 06:46:24.226326+01:00,bb5e8e3b93ba851f0340148552d0782c76cdd8394b364bdaf6caefa6444c3adf
1692,0.06818870348507175,2026-09-11 06:46:24.228543+01:00,869f4bf87b69a02fdf8296e90ab44e85ecf9f5149513263228ac9397cd4cf863
1693,0.04157949173587988,2026-09-11 06:46:24.228543+01:00,cef33633a8cef3c7e9130051df3d73114b6cee00e9dc272b9d78eb0c7d110207
1694,0.033457971773521084,2026-09-11 06:46:24.228543+01:00,d5680b22927b9dbd35064242afde3e43f1b61db3066ffb2e640c7a92b26ee26a
1695,0.061030852742316205,2026-09-11 06:46:24.228543+01:00,74df2f4f0115d479c7c05b1232ea4b0404015b71c8877a6835556809ecea6f44
1696,0.10324406589790994,2026-09-11 06:46:24.228543+01:00,49361951f22039e66055340dbf60de9c85a19eec89d0caab3ab21847cc43af56
1697,0.06906060084931936,2026-09-11 06:46:24.228543+01:00,72b98283007bbbaf3b5a28893d244a657c2d99c0ab7bd84e203136903913aa4f
1698,0.04900725655899062,2026-09-11 06:46:24.228543+01:00,b191fd237654d2cbe417859f27570f3be16e404d4a6b33ef7cd75fcb45ba7bb8
1699,0.07335479437054929,2026-09-11 06:46:24.228543+01:00,a16d7ee6b156d7ce8c5c3414eeb6f7293950c2a604e1eed50d74b4b4d177c0b3
1700,0.12499219892333431,2026-09-11 06:46:24.228543+01:00,0e0de1f297301db2db7475cae383de4793f6c6ef1db7e2f27d609d08da820675
1701,0.042823388400619285,2026-09-11 06:46:24.228543+01:00,e142e5defc97a8e72d13844d4532f44e3c72342cfce7f7cd39ff31a90bdb5865
1702,0.04418460926348471,2026-09-11 06:46:24.228543+01:00,1ba73980d303d96be8520d8f4a9adf385695d69f552b23f151284890d3bb20b4
1703,0.06809009100826767,2026-09-11 06:46:24.228543+01:00,86df175f1ece7033557e4032248785aac01a5023450e0ee55a240dccda61882c
1704,0.09392253836347213,2026-09-11 06:46:24.228543+01:00,9184ac8ee91e84abf684b7754889624516e7192b81b0c605dcaee8d8b2f633c1
1705,0.07341215749456384,2026-09-11 06:46:24.228543+01:00,31c3931034a9108a633b254d0b80c7ffd8a5344339b9ea7e7031ee6d2759f442
1706,0.035170367461904724,2026-09-11 06:46:24.228543+01:00,e6cb37966d330e2542befa24208b6bff79b394a2e0e4c2b109405c8c09af84b1
1707,0.018480911670795137,2026-09-11 06:46:24.228543+01:00,4c88cf7ab1c8a4c62fdbffe21c3ecb6ee69fe792cf9b45c997c826871a0f25f9
1708,0.12699536849212228,2026-09-11 06:46:24.233535+01:00,e1be8b84b8b43952b2887d77d57cfc6ec67a376a86b228938fc89d6e1a1b6986
1709,0.029106466479531398,2026-09-11 06:46:24.233535+01:00,fea48eba5f18f254f2cf60f4a7135d340a236d929e1c109f418be9df62acad49
1710,0.0372660411993686,2026-09-11 06:46:24.233535+01:00,b34ef10d79212b64ee34681f1242474de29da73eedc655b0da96e7f22e633a0d
1711,0.04653667866186953,2026-09-11 06:46:24.233535+01:00,9b68e951daf94a55fc175d202ab142ec16697f6f6cefdb4023224ecdfd5a3910
1712,0.12480758410266724,2026-09-11 06:46:24.233535+01:00,8f31c5652a4fa448fc6cfc0dc76f4e62a421f497ec59ddaf9d8a635f4e3b0202
1713,0.06693723331895579,2026-09-11 06:46:24.233535+01:00,feabe38833cfde7b83931523571bf4efc6f0e02209b8d061190028ce4e8f4bfd
1714,0.053105419719123165,2026-09-11 06:46:24.233535+01:00,6d7b857aa817577b0dd2ef3794352c2ff66aac70d05c8b35fc9e7b1d058095e7
1715,0.06408255186731929,2026-09-11 06:46:24.233535+01:00,6a1bd395294ef19b91e7741028dd0ff7b764ac308437b1f33498bec89de9354f
1716,0.09720726804147645,2026-09-11 06:46:24.233535+01:00,a9dc0c81084b90f0f08bd5028604c46c5efb778ce2cbb11a7e532e75c659b778
1717,0.046258729018826245,2026-09-11 06:46:24.233535+01:00,ea9a7237e30e64357be2e9229b39f311ae464b24cb55924cb9c4ac41b7658aa7
1718,0.022171481571542764,2026-09-11 06:46:24.233535+01:00,0666042aa688ff0c988b05de07f09a15d8d6b5fb537717b624c5608f96ec3061
1719,0.07350559653842484,2026-09-11 06:46:24.233535+01:00,ed3bd70f0e32d2404b41bf3afeda8e347f6e18da446b36815e03fa1757c72fc2
1720,0.09353882102486556,2026-09-11 06:46:24.233535+01:00,1c3da854e3147f509118035a60625946c5ef0c193c3576a80bd0b4bbf1d9ef1c
1721,0.08847071709902922,2026-09-11 06:46:24.233535+01:00,484f6940b97ff7c9916d492e8263f3384e8e4cdf78717d419ab34a4824211b8c
1722,0.015203083389814388,2026-09-11 06:46:24.233535+01:00,aefe1d8b0588cdabe6b88b50af17ad3ba94f869e52a3d5d7704a37f4dc3a53f9
1723,0.01480695947506341,2026-09-11 06:46:24.233535+01:00,685886d08cf469233b0fa810d2aaa20112ee32040586e7f13946374be93a8521
1724,0.13842808644813517,2026-09-11 06:46:24.236255+01:00,a2b2340ae60a733ed70ca7cf15a75eb5cc2dbf79285904d56bd630de5061ab71
1725,0.13575831789421441,2026-09-11 06:46:24.236255+01:00,8c497cef4de364a20790f696eaa14871197216cb96103bd1719cd7b33662b1b3
1726,0.07221798977839941,2026-09-11 06:46:24.236255+01:00,2d6d14d3b99802f6c30e9b5f716675aeb675bf00a661443f607263ddb18b6ac8
1727,0.10450733645212822,2026-09-11 06:46:24.236255+01:00,d89f393d1c2cd96dc42b9561dc092563eee5c9c80cae96f2adf1163138b1e1e8
1728,0.07606765320539302,2026-09-11 06:46:24.236255+01:00,7203eff20fb5947014e066d873e312858fd998af15c518b0e64cc39cc56186b1
1729,0.10540052997691705,2026-09-11 06:46:24.236255+01:00,1a475c9cbb470db0ab6ff32c8dea05a5e395da570e2f12bed75184e7907f4bdf
1730,0.14600032028332266,2026-09-11 06:46:24.236255+01:00,bfd7240b33d33c7a0cde800ebfa119093bb5243f730c71d0656d5a1eb6b66b3d
1731,0.1558563548954948,2026-09-11 06:46:24.236255+01:00,27dd9e29ca53347d3279458778a5970685b3270b185edfc2297e58611b051ee7
1732,0.06576341106599516,2026-09-11 06:46:24.236255+01:00,5914affa259dd670bee4d06a0ff16d6fc858c02096de07135c105c51e1e05a1f
1733,0.11105748921924084,2026-09-11 06:46:24.240631+01:00,cbf81b24e7a921134505e51e9e0820298b8901fc9249ccc7ff98a5468e977989
1734,0.11449362964971994,2026-09-11 06:46:24.240631+01:00,d3e3d430187125aaf19c6ed6917e880aa8abe0623aaa6b19d9694df5c2b65600
1735,0.12742537976467286,2026-09-11 06:46:24.240631+01:00,7f6d0877468a4d352ca2562d38348572ab376729d61167b680f67120c9183512
1736,0.07904575036363305,2026-09-11 06:46:24.240631+01:00,b342ee92615d4a18b53e56d683d4ffaf5543ad196ac8c6ed5c804c4a18834a3f
1737,0.09156958638381739,2026-09-11 06:46:24.240631+01:00,853bd909d191422d97e78b6b5023619123bb9320aa60493082fc0b3d6452d18a
1738,0.10260986454928611,2026-09-11 06:46:24.240631+01:00,651ee56425e512d980570ce4d20e8cb45f291c8f4d5f51240a7ed0e2115647f3
1739,0.18831283867708332,2026-09-11 06:46:24.240631+01:00,d9935de7549a06b1e3f854c20a7798090bd8b824cf02a8d40a4dfee5ab43779f
1740,0.09942153999689125,2026-09-11 06:46:24.240631+01:00,2e7b8e2e26bdfbd5a7488e43c652c80415ea705b43254f23a37005fcd41000b0
1741,0.08606392139565533,2026-09-11 06:46:24.240631+01:00,f9a7ec4c3a354acf6c1313953bdcd0b3b23cc171a6c4a09f964f5bff3f3a3862
1742,0.17427817982497654,2026-09-11 06:46:24.242174+01:00,2d0c4e4cf87c702f1c894e364df574e5ad60738931a171ae17a54a2e64811679
1743,0.12395282347344075,2026-09-11 06:46:24.242174+01:00,c0386f72c4472fe6f331a580eb3cc06a4b3953d189f552bebfee8e2e9e9474ed
1744,0.09248086836937366,2026-09-11 06:46:24.242174+01:00,d7c9ea544b7b1545a9ec3624b57839008f4ad27b6b8d075bc08fa2389e708f0c
1745,0.12469295796037753,2026-09-11 06:46:24.242174+01:00,17eff383417e545c813286f2ffa923c584ae46bcfed5c7cfd9bab61655e79a80
1746,0.16655705455655004,2026-09-11 06:46:24.242174+01:00,7fa20f3be1fe07b2ed9e44a314467227763b82a6398d2b5377cb86a859fd609f
1747,0.07469102919768587,2026-09-11 06:46:24.242174+01:00,f7e59f5ed49944465de60a9fbc0f4c1ca52aa27522c36659fede347b8a6c9261
1748,0.1668206091522318,2026-09-11 06:46:24.242174+01:00,455ba4aed431d9536e6775c1e933c5011536da33585033d6686f31d336295214
1749,0.07652647746536398,2026-09-11 06:46:24.242174+01:00,77efe168865413019f7e7867cc27e5d8c3a3f4cfda2180707fe8e16e475d812e
1750,0.16501985184200893,2026-09-11 06:46:24.245922+01:00,f6bb0a5a4c0ff265c98f6e1a8bbba36c1821c070f918f0db7947f72c74731cb0
1751,0.08929989585796447,2026-09-11 06:46:24.245922+01:00,ff2c13cec7610bc42d3857c56f214c95b61010f434659e88d28adab8366e7703
1752,0.08090193472633367,2026-09-11 06:46:24.245922+01:00,baa39de4172f267f765f1605639fe6dab06fd85c8e0c55c6992a084f48bade14
1753,0.14879936775536332,2026-09-11 06:46:24.245922+01:00,095a749f030b9ee2930c0ed616aa0c80d25b564fcb15eedbb82fe7e937182ed9
1754,0.25500342417002436,2026-09-11 06:46:24.245922+01:00,65fb4444b2f1c6ec4e1dad50d6573b18772f3e3f3d501746c496d5027718fe38
1755,0.04816673948005665,2026-09-11 06:46:24.245922+01:00,2908ca50eb7939a2558cea06effd6d6489aced97b1554f99aa6a5b02f0583510
1756,0.13680820434243385,2026-09-11 06:46:24.245922+01:00,8300f750cc5b7027c08b66b21dc03182773d6671160d79c49de76daf8044a5b4
1757,0.07600058182581479,2026-09-11 06:46:24.245922+01:00,11182f98846ca0b557352fe1fb27b0ebccce788b9c446a4066eebe9ce0cce14e
1758,0.05224394314894877,2026-09-11 06:46:24.247536+01:00,94298b349cbfca6101803a0658ca0c815ffa82b4b87dd8e114f7754063074faa
1759,0.047418756717422635,2026-09-11 06:46:24.247536+01:00,149f3254f38c8678d3594480f948c31f7b8c0a31366647be45cc16a16a4e69fa
1760,0.05835462414387965,2026-09-11 06:46:24.247536+01:00,d7b117fd99bc46f7c3bfe9743f87a909cbcbbba0fd304a904e22a08620ab5c29
1761,0.11598627180689526,2026-09-11 06:46:24.247536+01:00,1017dcc99e311d3a87708ab7a46b4fb8a9304889020746e267e286bc01dc0392
1762,0.09068537908149642,2026-09-11 06:46:24.247536+01:00,d5d15473a4d7721c38b8c5e6273589df806589b3f06fdb45577af73120813156
1763,0.04324925192632422,2026-09-11 06:46:24.247536+01:00,5618dbc100e8abcadfaf592a99a297c02460982a88eb13a25e47ffcb21cfa423
1764,0.0631460377891198,2026-09-11 06:46:24.247536+01:00,14bfe924532d59b76abbcfa271b98c61a86c812db903a0e3b3f72be4e7a83add
1765,0.10365476782458688,2026-09-11 06:46:24.247536+01:00,8ecdde5eed339d7bb754171386b3f2d724f5d085fb4f0493ae2e202d8b03c08b
1766,0.08096729202503937,2026-09-11 06:46:24.247536+01:00,5f78f42a279b57e2a4478dc1c934b3872fa6aa3e39fba86cab56591d5354b8e7
1767,0.06888574295944641,2026-09-11 06:46:24.247536+01:00,5ff5a55022168f49ecba605f85206bb863c2a9e0d549e71a7090e60e83aa8456
1768,0.1288182771000815,2026-09-11 06:46:24.247536+01:00,83faaa7d1cbdd20e3fc0123e7f3f0d99994b47a85cc10a0e917d9df058d6d8fd
1769,0.06946823185880487,2026-09-11 06:46:24.247536+01:00,710899eb7bba6097e55b7b91c22d1ed8600e071e97c85adb7c801277cb28adb7
1770,0.07712142361795436,2026-09-11 06:46:24.247536+01:00,07e2e1cc6925a77bc3bc5b6ad615b81cefe463cbdcef9b9714c8fbc279f0bdfd
1771,0.05810136519085213,2026-09-11 06:46:24.251943+01:00,63ab4f062477841e886ddf0bd61f6a54bf40b4f46613cec766594d8c7eab3426
1772,0.05060757363497987,2026-09-11 06:46:24.251943+01:00,d9767e87954ad0beb39357dff2bb57d543704b07fbde3d4ce2cd201cb86013fe
1773,0.08523036282368596,2026-09-11 06:46:24.251943+01:00,004a29cf896814162844c985528b2ca3f9800994a9bc60f48710a72f7bca9b2c
1774,0.10994290589962583,2026-09-11 06:46:24.251943+01:00,1a38d811847ab00c9ace686314956df6e89b9488c65f3cc20bcd0e274dfb38ca
1775,0.0712527226489724,2026-09-11 06:46:24.251943+01:00,1bb174fbe470fdadb0444dc3b75d698d18707808fc40b2c8edc1b7915bea018d
1776,0.065707473859916,2026-09-11 06:46:24.251943+01:00,bb66894f5370c49d9bdb28f36cdf498d946d3f28454d336f072a2e14f1a1e9e9
1777,0.06424142454453942,2026-09-11 06:46:24.251943+01:00,d039765c45df392723be61108bb44fdfcb6d16cda60221936ba2cfdb4c957e34
1778,0.1097050576935665,2026-09-11 06:46:24.251943+01:00,2b9db9fca7726abfaca86d3ddc9addc8f8fc6804dbce66e47d325b42ddd62bdd
1779,0.0622964045536387,2026-09-11 06:46:24.251943+01:00,0b0dc560395a1a0656b8d2e8e60ae168a28ab9fee92853cdc85cdc87467ba7aa
1780,0.059224429792415156,2026-09-11 06:46:24.251943+01:00,a77ae7b2809ca082329c78f643a0195716e086b860d51325de1e87d584f948d6
1781,0.11419153263689204,2026-09-11 06:46:24.251943+01:00,e9ec7676a468ac2d402bf00b09bea9f0ae1f63520aa52659f5083d9206a3a982
1782,0.07941996525820463,2026-09-11 06:46:24.251943+01:00,ba4a84ae2b6ff900fab8efbd1860e884fbaddac9afe45f31b45d9dfbd01deb23
1783,0.07007878146271135,2026-09-11 06:46:24.251943+01:00,7e25aa89c0e9fa825e9a723fa58f0bd6216a52318d5b6fec327177032222d667
1784,0.019714355017953378,2026-09-11 06:46:24.253999+01:00,bb5d085da3cbb3777319e4d80e136fe81860f811f139d9baed0606e2d97eed72
1785,0.0300333407416098,2026-09-11 06:46:24.253999+01:00,a06741ba7980c1318f06f594b6c31340be999aab5eafc1ee65937d518043e1e6
1786,0.07201545209175357,2026-09-11 06:46:24.253999+01:00,66489ebdf38220544b2b6c8dcf77a1e56bf1aa5d760fbc8acfa2809d2f3faf21
1787,0.031595811029349434,2026-09-11 06:46:24.253999+01:00,e8793344cecfc0f3adcd649ffd155f35a49e386f468a95a7303699d293ecbf0e
1788,0.05365004629249117,2026-09-11 06:46:24.253999+01:00,c2552f02d8efbf87ef80fd455ace52ef4026c860aaf73c78ed3f56d6fc35804e
1789,0.0331071803853344,2026-09-11 06:46:24.253999+01:00,1ff4821338b85193c21e3bd55d2bdcd6255adf5bdf764d97360d698c4641e512
1790,0.05643835720324947,2026-09-11 06:46:24.253999+01:00,4d273d9cc77d33481edfb6a2071745fb523175d2d36b456802ee28e11b6e0671
1791,0.03750919964228655,2026-09-11 06:46:24.253999+01:00,61098a9eecd5e5f695361c95df07495936bf2266b7bc7ee7324aa1781b60a05e
1792,0.06562187364993731,2026-09-11 06:46:24.253999+01:00,ef3ea544d81d58c13b43fc9c3706ed041251efbf85092965c17e7715631441ca
1793,0.034536628877205426,2026-09-11 06:46:24.253999+01:00,4369dbdcb519eb5e7bbf6b926c91434c07a8f55826a1035cccf2def74560e7d8
1794,0.03985760582455543,2026-09-11 06:46:24.253999+01:00,d15df1963e5f39791422431ed10449534e9c1fe602b5ee084ea4478876f8938c
1795,0.05268145216586115,2026-09-11 06:46:24.253999+01:00,d168647a1d94d04a0ac3e52cda2cb2b17569f07aad15afd039292e142580bf4b
1796,0.08422237584409306,2026-09-11 06:46:24.253999+01:00,77912acfd8a15563b575d4dfc3e8db93964423b80e676b8ce45345fb7aeb0b8c
1797,0.04200517778342888,2026-09-11 06:46:24.253999+01:00,7b7c325b1879e094a5df50b005e16ea06d4aec9f79678ced6ab528d3aad36f2f
1798,0.06202558207376505,2026-09-11 06:46:24.253999+01:00,5dffd83c9f421eb0d86230c5dde446ba1dc90c4d7a23d3b50d2ec75f412c57b3
1799,0.09900097123344162,2026-09-11 06:46:24.253999+01:00,f44b3a6359a17a6bbfa765df39e60529f8979f1ca463c7da2821011988547e24
1800,0.05339500833420844,2026-09-11 06:46:24.253999+01:00,c5bd6aa63501ee4db14c3a293e011b12d22171717af166dffe672b1a0e1f3f52
1801,0.08707400492611937,2026-09-11 06:46:24.253999+01:00,d169bea5af1304f0cd4fa9e3fc6b13fde2c7398a355adc1c9ab50c0944fa59f1
1802,0.04551557688335648,2026-09-11 06:46:24.253999+01:00,e063ca6d867fda819d44174c08f34ac69752485c438cb73484f21375a8b25337
1803,0.02040095300214522,2026-09-11 06:46:24.259874+01:00,2e188828e39873fbb858c6af0c46f89212aa566398f89ca23f7c3323537f3dfe
1804,0.03473870665729024,2026-09-11 06:46:24.259874+01:00,3962400b3e967e3a58a5cd7663037957a1d7a18cec839c200630281c96e9f5ba
1805,0.11411185892543833,2026-09-11 06:46:24.259874+01:00,be17d4a34ef4ae868fdfb6239f6feeb87e0a60afb22a77a9279727d059ae35dc
1806,0.04416704162278695,2026-09-11 06:46:24.259874+01:00,2852054d60827b2ed3758c68a65415da7b239cd158cf420d67237d18e2bb36f1
1807,0.052233128350168044,2026-09-11 06:46:24.259874+01:00,5584c72f7f14cbe64b4ff32bdca96467b1f1aeb32ba77e16a04e7d81f953fb96
1808,0.05066993099163793,2026-09-11 06:46:24.259874+01:00,bdf06e9521a376b067387e5f3de63d76cb4497aca3c274ab2ff889a23eef74a9
1809,0.049386245812016526,2026-09-11 06:46:24.259874+01:00,6dec000e53bba27f92a5c07d0884f883dd627ae18104ed4d2c5edc6caa21e901
1810,0.035272720764299735,2026-09-11 06:46:24.259874+01:00,15d8262662980224f46f8a52e1951a90ef4c1fd5dd4df257613f032809a87cf1
1811,0.07197218766727245,2026-09-11 06:46:24.259874+01:00,16f2616ab5a806611b19bb53aa41d485495db81f6cba4aa7485f4b1e78830030
1812,0.022601038093652395,2026-09-11 06:46:24.259874+01:00,9cd645c121a7032ef407c7c962c4b4c729fb7467716b668be2ef57a0fd757455
1813,0.04141343353305525,2026-09-11 06:46:24.259874+01:00,e23202ea35d9faa2717fc5c10a2f031cc7f87045da85ca73e98f5193ab6216fe
1814,0.04334434198445848,2026-09-11 06:46:24.259874+01:00,d88a5b1772d457628a27a613f8135e60b892b85a9a043974389ad26a75ff7d0f
1815,0.06534332863297032,2026-09-11 06:46:24.259874+01:00,a1c90fd51b5af10696f3e6b158a3db5171458e2992452c15f7864d4bb03b93de
1816,0.06448607869904602,2026-09-11 06:46:24.259874+01:00,e6500831ed1b3dd7a1a745e55abea75d2cc09c090119783827d653957c52ccc3
1817,0.05338725929770462,2026-09-11 06:46:24.259874+01:00,f948145b4a3b90122c8cfe5ff87ec2666a360cf209496188847ee4eaf212e1f3
1818,0.06945459554587084,2026-09-11 06:46:24.259874+01:00,0b4f5dd11ccf823d059e79a8a4bc1d13d274e3e795752170861ff4c49ed1cbcd
1819,0.020935345270837145,2026-09-11 06:46:24.259874+01:00,2847641edebdf6830731d40d146cd6293ae76b90e30481fa478f156b753f0c9d
1820,0.08708781713661799,2026-09-11 06:46:24.259874+01:00,94bff9210c9eddacba5184f1b2877bbb39c7d6ec631a7561a5516ec78998fb59
1821,0.05899398801273154,2026-09-11 06:46:24.259874+01:00,b706f0833318abaa8e5a5f0239da8f876b995cdbe22954915e11547a273dc964
1822,0.17762086021103096,2026-09-11 06:46:24.262718+01:00,54fbcacf542cde837ef4cd2d048769b0cd01524499cb93b9e18f0d1f7d16d86d
1823,0.07709187786624075,2026-09-11 06:46:24.262718+01:00,24e04b53eae9eb59aff51427a39fa4da5daa14eaaa3bedbff725b4fe323b8543
1824,0.1249386993406937,2026-09-11 06:46:24.262718+01:00,957decbef120fd581a3e5a0b5aa3eccd0ee215d7ee0e50cbc2b763b277b4b008
1825,0.0568198352736912,2026-09-11 06:46:24.262718+01:00,a3158a560f74926c567f751b7de17fb2f3d30c27df03a1b37ce63729bfe4179d
1826,0.15064582011734645,2026-09-11 06:46:24.262718+01:00,13dd7352d93ae0218a13ad628b3405f81e423855ceb45bb7a99597d92efd7e11
1827,0.0474405718444578,2026-09-11 06:46:24.262718+01:00,5f600463f90eb0a53ff936279b854b7cb3a9e8dd5965f1b50696ff24debce582
1828,0.08826223913279856,2026-09-11 06:46:24.262718+01:00,28c79fb45c6cda432d878ee169bec758a1e650cd6f3d83ea6be24bdddbfacf9d
1829,0.1655725357351881,2026-09-11 06:46:24.262718+01:00,d1e89b17c3e09f39489f1d978acbd329abe220a56417f810350803c17efb09fa
1830,0.03246592334105662,2026-09-11 06:46:24.262718+01:00,12c6918db69b1d38afa03809a6b1965998955d3fe8fa8f2f73976e3c68b88793
1831,0.07914163713749595,2026-09-11 06:46:24.262718+01:00,9fb1f600f99bea86beda4c9a4c0612a969e87377ac947d78c485917607eb9322
1832,0.1320957655421331,2026-09-11 06:46:24.268121+01:00,a81d2063e7d9f76a83b345796f9d1ea83580b96a7bf77bae34b4f57df2c69b54
1833,0.13880452126405937,2026-09-11 06:46:24.268121+01:00,2e8bd85458c39deda3c6b031efe9a85db7fc352c3150513e85df294b77931a24
1834,0.030832745383105955,2026-09-11 06:46:24.268121+01:00,e7e416d72bab7101eb1e1345e807a45fb115a9af192cb5ffc2119f48e413b538
1835,0.07368886484088016,2026-09-11 06:46:24.268121+01:00,3d78c378a2238e74b76b552d3a885b2c81c54e4215b1e33bfb873632cd6856be
1836,0.0626249352140485,2026-09-11 06:46:24.268121+01:00,8edbe3db77a19a2badb5e81037fa16a91e6bcdeb4e186a5e787e61fd7e4ef39f
1837,0.033877098197789494,2026-09-11 06:46:24.268121+01:00,b0c9e6d0691fe5cb932cd160a76427bbda07d0436489ce48fc5ca033dfed8164
1838,0.13193288785711604,2026-09-11 06:46:24.268121+01:00,1249aca897322308395d8687ed9406b918ec4c7212b79a413a92366a8215cf59
1839,0.17303480564027635,2026-09-11 06:46:24.268121+01:00,8d4a76a008b93e0de6e5c375ad31dc44013714f8ff0d797dfa9f0035fc0d0ccc
1840,0.15099997466162512,2026-09-11 06:46:24.268121+01:00,9db8a22c44420bf7b2cb23c85438a515acbdc56f82a871db3a919e54c1b78a39
1841,0.07210840139896597,2026-09-11 06:46:24.268121+01:00,f2541a8af2436dd00a3d28d3aaf970c4bdab2a66d1af22f7ed1e9364755e8cc9
1842,0.1367556500528806,2026-09-11 06:46:24.270186+01:00,97ee282a06d00eef8987ed0b2812372fb0c790042bcfa8396a5b3e1ccd2d29c4
1843,0.1505846620347989,2026-09-11 06:46:24.270186+01:00,06565ed7674bca14bab695788303d16d64febc5bb9dd9a6951564bae6eaae6a3
1844,0.11884395579338478,2026-09-11 06:46:24.270186+01:00,d3936dac0680c830d0ce8aa61eed322ff879ef4dcd776e35570a5d06bb8b36e8
1845,0.1447825540084365,2026-09-11 06:46:24.270186+01:00,0ac0d7581e6d2e9f0822907503f7e15ddf0519e55dafff5efbbfda9a96b28310
1846,0.06717197967108333,2026-09-11 06:46:24.270186+01:00,e0058e418bd0fc8cc903398601bd55f80153099abea09768a0d39a972c20f855
1847,0.20762183538678272,2026-09-11 06:46:24.270186+01:00,41fefef5600da270cc1837953a6e093f45007e50b5a62d8fef3027320bf137d0
1848,0.08325777077073346,2026-09-11 06:46:24.270186+01:00,403ea867e39e5165f450f6aa5efcd843d43b4ddd59a977269e510dc163ab87a2
1849,0.09098159228189974,2026-09-11 06:46:24.270186+01:00,bc8eacf5691954b9c2e528e2900d6a132c74575fde06312cea49c0edc6889596
1850,0.1534643663130409,2026-09-11 06:46:24.275812+01:00,89cb18f4b4f988e8534e4466f592d81b4de104aac5562077e5f1cd743354fe02
1851,0.13197171086928955,2026-09-11 06:46:24.275812+01:00,116de0ded1b56a4ccd698348252091bc4fb8804377466f19e5b332511849ed7c
1852,0.10390958624192911,2026-09-11 06:46:24.275812+01:00,51a50c4207fe50aa9cb6da69a153a5cfef07cb68b11dc25658cac7c87cf3d340
1853,0.13195566059454536,2026-09-11 06:46:24.275812+01:00,105ed0604cd61b9ac0b12838752882b88b044760e4e31d009ae1c35b465014c3
1854,0.0601016535522613,2026-09-11 06:46:24.275812+01:00,0d87f253613afb835c5b914bd045d52ef174ae470066af3270cbc797805ff0ed
1855,0.25776265261095754,2026-09-11 06:46:24.275812+01:00,75b97c76b7d1b925daa0d895733039b6192f208404cebaae3846c7cee1317443
1856,0.07530779085416336,2026-09-11 06:46:24.275812+01:00,70eeabaff076d7bf025c3fd36b7a127dea53fcb39ad481b615cd4a066e7b4803
1857,0.08552657896381281,2026-09-11 06:46:24.275812+01:00,5091d440f9875e5b33bf27938dd46f325a805f309381add2f688dad62e62d069
1858,0.16522486484498639,2026-09-11 06:46:24.277349+01:00,84f617b49ffeb6303a98e27921622ba464bfae38159e4291d677ceb4eadc0afb
1859,0.1495744843891654,2026-09-11 06:46:24.277349+01:00,d6b1a02a083508e8dd7efc6d07033ca01b14cb41a9c4a832fa6d59c3c6e5454f
1860,0.26636387909828185,2026-09-11 06:46:24.277349+01:00,aac7b6f273111af711f845e8ab34df31e8114235f823b3698c4e5fa067c6393c
1861,0.0881928691535816,2026-09-11 06:46:24.277349+01:00,6fcf0a67036bf21e641ffefe2ce4e36751897fea3c107699a5f2ace908eb946c
1862,0.33064390251398473,2026-09-11 06:46:24.277349+01:00,c3b3a813fbae818ad3fb563af62d8979c418ec1738f309dc326949c56c71f5b1
1863,0.046215300018747456,2026-09-11 06:46:24.282282+01:00,b7e2dfcdf17948ecf5cbcb13beaea6e1dd997c1cbc02ea302340ddd6e96c5b53
1864,0.3000077668068039,2026-09-11 06:46:24.282282+01:00,c93a1afd433dcd9297352127830dea1bf1453eea1f9416a5316927d6130567f1
1865,0.34947145792109846,2026-09-11 06:46:24.282282+01:00,71f6642f91a5f728ee97b38658f05d8e0d200ac907d9ab3e1e2ee0761b2647d7
1866,0.06583229714636364,2026-09-11 06:46:24.282282+01:00,ed8ed1e81ad70dc5d726100f41b06654b9a1933418e0233e9629535f66c30a24
1867,0.23847317810698662,2026-09-11 06:46:24.282282+01:00,fde31a426718a94274644f3451b5cc45e2af97947c672d916e2abfc36f222024
1868,0.15563324784782906,2026-09-11 06:46:24.283690+01:00,ff8021b32d10fd119d475b408f29902990583beec4e16eab17efd92a8a94c037
1869,0.0511437096213761,2026-09-11 06:46:24.283690+01:00,d044854e6bc58d1d3eda65f5d403002ebd4ada88dd15746812b7c1244edb3101
1870,0.11434447075392447,2026-09-11 06:46:24.283690+01:00,ed30d1c518e31867487de97ced766d62753c86340e05b4330e1db105bae35ee7
1871,0.11761206725040661,2026-09-11 06:46:24.283690+01:00,0d6868de4f1de84b1f6cd7c21a8f75e61e82da914989ab222787c26e44425183
1872,0.060640829899279935,2026-09-11 06:46:24.283690+01:00,bc0883ba8e3dd6d2e91743db1e33e6fe5a0895403a865e978a5c92a9d5230c82
1873,0.09876584810250022,2026-09-11 06:46:24.283690+01:00,2e91e75db39681e87ab3214e4f132604781fa300b2521087f093c5464791d89c
1874,0.04995303227712789,2026-09-11 06:46:24.283690+01:00,62f5d7ce5feb55d04168095e978d2d07333a3f739af526a162a320b6373eab89
1875,0.11703401361221752,2026-09-11 06:46:24.283690+01:00,31070e24d2fb67c62dcc23bc0fcdac1f6ff0842f026c55ba373a6b70bca4b2e4
1876,0.14097726188360565,2026-09-11 06:46:24.283690+01:00,e18367cfafb5089554ffd5642f9619ed8aa7a781a6ba69ea3748f023cf91325c
1877,0.09389551875173256,2026-09-11 06:46:24.283690+01:00,66f6d22f11ed814f60b62912e9feb447c96075154f475df5a6d5169549668cdf
1878,0.15459115319788225,2026-09-11 06:46:24.289022+01:00,a2ff57d6b12ce767d647f2a05cce1ff4ac249b4fa21a643f5c4424990695984e
1879,0.040296981105872896,2026-09-11 06:46:24.289022+01:00,dfaa7e5b7c22a27453a381db17a779754a3092cd53327036c6481cfc60a63e2a
1880,0.12937147116547593,2026-09-11 06:46:24.289022+01:00,d0ef1030eb63eac4a0ffe4687af6d2b9f6e9b6cafa7ac5eb22a41f40fe5167d9
1881,0.12494605665781423,2026-09-11 06:46:24.289022+01:00,295ef940ffecdc32ebbbd5b4e08c0daee249eebdf362610e40465a614b984714
1882,0.06186164257510351,2026-09-11 06:46:24.289022+01:00,97e8de274df43782168d033440dd62dfb7c58ffed0b7d85a68d9e03c32c87c90
1883,0.16266344055954887,2026-09-11 06:46:24.289022+01:00,2a03b7987d811d7f8f27a87d976615d0e39416421ed6d105a7fc9275afba1904
1884,0.03937752018651566,2026-09-11 06:46:24.289022+01:00,6870d4420e75f650873ddf52fcae04a556c9a8a5483811d0d3c38a8ee7830a57
1885,0.15329562350059872,2026-09-11 06:46:24.289022+01:00,f0a2854b4fdacdc38fece76c2b39520a3dfc1553c603374bd653d19aef4b2e83
1886,0.038814991667609114,2026-09-11 06:46:24.289022+01:00,014646b3a981cb916541ff36a86d3b56ae2965ed358ff83c95b31bc03a30d9d7
1887,0.09478111938357879,2026-09-11 06:46:24.289022+01:00,90309c75a6bebad5eae61ed35416df0bd485ee6e507bd7a2fb8237d0373550a2
1889,0.09131314183502215,2026-09-11 07:10:50.345144+01:00,df8f7a58c17c65055f065c8d991270ddc945aa4b96000ea32da910c29bc4fc0f
1890,0.09047445503030928,2026-09-11 07:10:50.345144+01:00,0cf59b225dbbe17d99b6b727fe630d3cd80263efb06f5afccd8e9a5bc48458a2
1891,0.09436184578759696,2026-09-11 07:10:50.345144+01:00,ae4b86ca97096a46266c683a6f4fe82f008b763989787184099c6fcc5b2b6562
1892,0.09540637940532076,2026-09-11 07:10:50.345144+01:00,60229e70d22f9b0f48d5b92913a0e2d503a50e75e17ba14377a6ef02b00861f7
1893,0.11787389143275413,2026-09-11 07:10:50.345144+01:00,a87d86cad7ed1f7a813a16ffc0d4be8218492b7611d7ad6a15d7fa93ed0f1fa2
1894,0.07164911251315986,2026-09-11 07:10:50.345144+01:00,4812655ad8133662497a0934bd9578a631e9034f53610b48193ada0b13b4831d
1895,0.14729272409067234,2026-09-11 07:10:50.345144+01:00,acea1f8445442d8722578e8d590bab6a300ef8d1812cea2d639194131b673e4a
1896,0.04343613884584532,2026-09-11 07:10:50.345144+01:00,679466d73d5a958297ec7db5c21bea461a368be7ad072671d67876cf25cabc05
1897,0.09472340473249738,2026-09-11 07:10:50.345144+01:00,ac77d7c8b10bb379e0b8f5428e090fd0d9245d5c9ac0b3a35b2c58eed252c6e7
1898,0.1534689063268218,2026-09-11 07:10:50.345144+01:00,546ede23ec5bcf4e4a9f894f707ef83190abb4206ca4bed2941197d7ee56d4ac
1899,0.039215635152155176,2026-09-11 07:10:50.390318+01:00,038bac71d39276fefac7527ae07358447ae4e3cc255be4141ae7ddd407cd0edb
1900,0.0553623679022802,2026-09-11 07:10:50.390318+01:00,561aad80fcd71e0b099f631591f676db6c0a6c09842ff8ba7f4801c6dfb126f7
1901,0.06401035096083396,2026-09-11 07:10:50.390318+01:00,deead871dc8ba914e6b25da93b68810c652a7e7238ad381625c958592374717d
1902,0.0796899258120849,2026-09-11 07:10:50.390318+01:00,a1b22b0eaefedfb0025e1e8e0b8ff6ac2c4df4f78c479fc1292b8533f52a8234
1903,0.14460254256022254,2026-09-11 07:10:50.390318+01:00,2a045f3cb996658dfb91faa575b31aa96a7f562fa0d7885bd192507558b36534
1904,0.06133941224908859,2026-09-11 07:10:50.390318+01:00,563771af4f9cc01564213fad86973db901f5e5914a08f0591633a9852474d174
1905,0.14342142868929594,2026-09-11 07:10:50.390318+01:00,1fd19f4ac211e4c8c0d9d13efc37ab833d7155737df063dca9a2f731febe0f12
1906,0.028186814744609955,2026-09-11 07:10:50.390318+01:00,85c77b3ccd44f111923073a72784219aedb7a82c52f971b1435341c8388582b8
1907,0.07696243976175095,2026-09-11 07:10:50.390318+01:00,0f03f983675a6f77f1da4b931cc2db9c96bd0e7bd5f480ce1fa48f029a193948
1908,0.3072090821676778,2026-09-11 07:10:50.390318+01:00,bb99c1ef1f7b8479a51e28677cdd1f449118e918923d52eb11887b0a9113958f
1909,0.1493860678405994,2026-09-11 07:10:50.392777+01:00,dd7aefec949321a4eb14402a18fe5e2710dd06cc55e300175a0b075ebbdf6cf9
1910,0.21238151696286164,2026-09-11 07:10:50.392777+01:00,616994ecb09233a8f377af98d70e5420a38959c3f5774e4509fa1993701bfc30
1911,0.03880979499851574,2026-09-11 07:10:50.392777+01:00,5c6073b566e6da64e14d31c25652d95461db0b1d6dd1cc31b9f2380d728f1685
1912,0.07118636735070341,2026-09-11 07:10:50.392777+01:00,6b2bb6d537dc205f3030dbe06ea84898094bf5f9febe7b79fdb2dbe190bd992f
1913,0.1526599921346138,2026-09-11 07:10:50.392777+01:00,01f32e148ec922555c0564584fa836f2ba7098cf9bf9b38b25fe993fa4a2d3ff
1914,0.07057994362176787,2026-09-11 07:10:50.392777+01:00,ee8d623c1be93a6005b6aaf4d9bef9744acca0664af1d753009a1a44b1b70b5f
1915,0.08364625783026049,2026-09-11 07:10:50.392777+01:00,bdf7057cccc05ea64355f3f35865625cdfbdf173d9700fee9f9ad1f7930af867
1916,0.06961790447449731,2026-09-11 07:10:50.392777+01:00,aa879c354040ec7e994a814d386637ec8ec0f3004986d1d795b97ae382e24ea9
1917,0.15173215478618032,2026-09-11 07:10:50.392777+01:00,479efc3401652d63f29caf03f9b6a0c8a250170e08dd663e4828ec083dc65fe6
1918,0.16155391769637906,2026-09-11 07:10:50.403178+01:00,e68011173e9eb498418407b76e00779e71e72d34536e50dcdd5be8bab03c6e77
1919,0.2582295102133839,2026-09-11 07:10:50.403178+01:00,4521f20c03a5b8577a6d0f0040a0affd246f0dfddab595f42f02e9b5323566c5
1920,0.021969792150341935,2026-09-11 07:10:50.403178+01:00,f52dbff7913fed4f807118f4e8def4c2c233026b63db2d1dc3a185422c9c12ef
1921,0.12860460063486315,2026-09-11 07:10:50.403178+01:00,bd704f0a5e431d8e4338922f06b81cdad68bfb2d928511bb15d4aba7419e71cf
1922,0.06622324045092051,2026-09-11 07:10:50.403178+01:00,67263a01934dac87eac048e8265b7bd9e33b57b0554d3bb84f86c70d427c3c04
1923,0.04646938040921214,2026-09-11 07:10:50.403178+01:00,e7836be2ccc6ec1bc66f6a175eaf75f66873940845563c01e8c8abb6c9c65253
1924,0.08162172669526965,2026-09-11 07:10:50.403178+01:00,286cc435254f193f20519afc409a841a93ca3470e08a755049278c0e9be0fb25
1925,0.0974878926685673,2026-09-11 07:10:50.403178+01:00,fca0bc9f2a1f55ba4f852bf95f22449b98115d9e2f960db7be8115b28ff08da1
1926,0.1378399390810624,2026-09-11 07:10:50.403178+01:00,00f962d90c7bdb697ee0be1e7c3c2ef761f9bd1acba7b2689182dfba9a8f0dad
1927,0.07821009881772334,2026-09-11 07:10:50.405287+01:00,fbd32b0760924eb97ac2387cf139244f659fdad313b73a7fc1e8941a0c0033d9
1928,0.2031057255594373,2026-09-11 07:10:50.405287+01:00,da8b374856d1359d88f2698b1f94facd13b8ebb53905a883de8b24a66704f1e5
1929,0.17171815773793903,2026-09-11 07:10:50.405287+01:00,fda25ea9d8312ef644944175b454c4d81c0b42fef8721f019110d2d600a119be
1930,0.11934848905394078,2026-09-11 07:10:50.405287+01:00,7ac1c93f967545f0fe82b81e4093c9d98e3fd7d714747061d0261f113d62cb51
1931,0.12378441600802208,2026-09-11 07:10:50.405287+01:00,ddcf99a6147bc2dc8d664bd3e6cce4260e25aeb80a655b7c454c7c3d6195f889
1932,0.30383311282293746,2026-09-11 07:10:50.405287+01:00,f64e5f0ef570391eb8eed02cba879ff16ec64ba14e782c30bcc8800fa6429c75
1933,0.03900812028436434,2026-09-11 07:10:50.413780+01:00,cd0a80ccf6370f30a6b63f7923b73e12aad7318ea66b45f6ed6caad430a0e1a4
1934,0.09906054042298774,2026-09-11 07:10:50.413780+01:00,d274e71a978e7cf674b578c5f7dae84c8b2eb80269e1873953c47a0a53f3015f
1935,0.12609819683730736,2026-09-11 07:10:50.413780+01:00,6a714b327b855b19b23332da853a65341b679a137df357c5ab85d8cd2c316d40
1936,0.18588952335206593,2026-09-11 07:10:50.413780+01:00,12ab4a952ee1e8dd7162397a2d7f97b5c71fef5d318a299c2b94647b3de4f0e3
1937,0.08814243035370928,2026-09-11 07:10:50.413780+01:00,bc7d511659c07492247885809a5d84058a68b92cab2d9f0ecc804cf7fe963af3
1938,0.4618011887495654,2026-09-11 07:10:50.413780+01:00,c65deb57deb2b0513ea2614294583138cdb7b4f9e8cc9eca3e4ecd64e345f8a7
1939,0.22077799949362598,2026-09-11 07:10:50.415346+01:00,2f60a060136d27ba6cd0fd6c6fdd899aec66e552597742aba380559ca54eb3ab
1940,0.19472419510520697,2026-09-11 07:10:50.415346+01:00,0b94189f6beaa47cc2fa0cb2afe02af1e0c0e2c2f6ea74762f59a2b2686d9fa1
1941,0.1311776556211944,2026-09-11 07:10:50.415346+01:00,4d098c7c7f44eab550eb846d651eeabbd5d753f724bb87b85cf8eddf14519d0c
1942,0.36211768728228944,2026-09-11 07:10:50.415346+01:00,8ec4cab57da87a1eb3e331f3d5984383ba8dc4ec8119990d621a77335c4b34cf
1943,0.0912024624976831,2026-09-11 07:10:50.415346+01:00,01b003b2f5d9731446965a99a039f5766cebcafe324bbeec38e80b2be3ec74f3
1944,0.09371953294517756,2026-09-11 07:10:50.423034+01:00,3262b2d8dbef1446deff5de9e50acccf339ef7043c486172511398d63486ef78
1945,0.2542232123575913,2026-09-11 07:10:50.423034+01:00,80bbaf61d1cfed9049e6c2993e96d9fb9bfb3932387a1a543bb7485191a4c886
1946,0.0317241472216557,2026-09-11 07:10:50.423034+01:00,7a2ff10a8ee0ef945ace6007a76e3774e43550b602c2d5fd5790406c9bc2158b
1947,0.5245431896977104,2026-09-11 07:10:50.423034+01:00,30d28faf5e1f4bd004d8c22b963c32a6347d02961544adc44222b561ffffcffa
1948,0.09578991777786512,2026-09-11 07:10:50.423034+01:00,8f67684f2e85af07d728f14047bb517c3274b49b9334d5096551378b91470d10
1949,0.1947902407647969,2026-09-11 07:10:50.424176+01:00,1a946b5c2c13f4d0813866013cc8644c9d816be935ffb55630f0be5960ee76bd
1950,0.19577138660137525,2026-09-11 07:10:50.424176+01:00,19ca7b64efa644e299126161d53e0334b9f07a17a776b835d56bfbf4e2e61a8a
1951,0.15564674177662918,2026-09-11 07:10:50.424176+01:00,18b5f202791cd8155d71504ca85d364cb5f1f4a4e4e30be88210e2d6197f14f4
1952,0.10742973520660284,2026-09-11 07:10:50.424176+01:00,bfe1012fc0d0bd4357a887d7b901691025af60ea476464b85c84e5b8babae432
1953,0.19375071453515347,2026-09-11 07:10:50.424176+01:00,0bf8ffc96eafaad8b9c19830dcf04ae882e79248e1a066f26dd455aa572f40d1
1954,0.1526111811154424,2026-09-11 07:10:50.424176+01:00,94068cc6d9f22473c3503d54abc769e7163ec5dab5db75483de51adc6d061108
1955,0.18275627213200946,2026-09-11 07:10:50.432494+01:00,d8abdf4d1287ab97ae6853a97a40927d28bc6e9f8eaa0b79e9c029f1bc5959ee
1956,0.38871551814319727,2026-09-11 07:10:50.432494+01:00,207688ba040ca80155afc5dc2bef986ef13a46dc074a55e01a3b8a9e9693c80f
1957,0.05464968840613741,2026-09-11 07:10:50.432494+01:00,da2a562d79f4943f6de3166e991b8d8b4c41c53bde8c90d3b603aa06b5279cae
1958,0.09548158038367803,2026-09-11 07:10:50.432494+01:00,a3db874467332fb014d7eea57e223ae94fed52422babce632dcad8abbf4022d8
1959,0.21935987650642738,2026-09-11 07:10:50.432494+01:00,49624dc8b37234c7442f873881b2426fa11086ac00184ffb6e2983a199274337
1960,0.05903706442855045,2026-09-11 07:10:50.432494+01:00,08555ae2b215d9a61601d2d33e253d3ea73573b778cb50b4d508006749ed3548
1961,0.15830563890211394,2026-09-11 07:10:50.434000+01:00,3c8b0024f094a504118b25cbe4b6b2855eebfda46e3e8ada605edf63d2b228a6
1962,0.11988788347433657,2026-09-11 07:10:50.434000+01:00,149db66998f7475ea0da5e6c16f070f5695fffe5a74239394b440cf8ce85a020
1963,0.15036093455790872,2026-09-11 07:10:50.434000+01:00,6405b509d4f8c3dd3ebb3e74ece052dda3455a996c51637caf2ec9dcf7b8ee85
1964,0.22428773895296883,2026-09-11 07:10:50.434000+01:00,b5b42d029f57fee956f69b00951cf6d0d31b3aa935366754dd712cb9e2b496de
1965,0.28740377487772567,2026-09-11 07:10:50.434000+01:00,d5e4047f84e5cdf361044184b47673725c04a123c3aa74ad8d41472200bf79c0
1966,0.059754029234946354,2026-09-11 07:10:50.434000+01:00,481765112a1b3b502895be006224e89e399a145bb91517c9c7daec55a88bc2c9
1967,0.11949977143335175,2026-09-11 07:10:50.444031+01:00,1c73d8c0af6a10e41418bae0c986ed7f07afc38880dc02c91f950d4347868b87
1968,0.05523162048627131,2026-09-11 07:10:50.444031+01:00,436d8f5c8c1112b6985e04cd28b7ee8e02f1db4f45becfb361a76fddb79f46cf
1969,0.10919542054903848,2026-09-11 07:10:50.444031+01:00,267d5e7403286618f0f77b2ab55e9b9ccec646d4d58b322db9b88945ed440573
1970,0.3949728155175221,2026-09-11 07:10:50.444031+01:00,67290a9aa28dba18abb1a9c3fe4d31ba33627ac6fc22579d46cfe381f2c550e3
1971,0.30283243739651794,2026-09-11 07:10:50.444031+01:00,4a8f5de2cff6a11f230fad08cbc01b041bfa1c7292eec49f1279db64d2daca4e
1972,0.018267934617298594,2026-09-11 07:10:50.444031+01:00,38c9f24e1cc4e0c886e3a7c2874067d2e4a1bcce64f0a46b4d46d3339a97a262
1973,0.08135559513243432,2026-09-11 07:10:50.445663+01:00,0744dabc28abc8618b69f110ddae1ba99c0da0fd3457103b77e186006112ca8f
1974,0.1549950083098637,2026-09-11 07:10:50.445663+01:00,9da67554bd55e8a56ed9d3863505a39fa58432e78d73a5557592d7e2d0ce7842
1975,0.03906711870554253,2026-09-11 07:10:50.445663+01:00,61e16fd7911973396954b676e27ec6a87025e097f020e2907cb2d7e7563ea5d4
1976,0.08707477580641969,2026-09-11 07:10:50.445663+01:00,d53b02a59bf6de5021f14628fd721a2fe2f5e96f6a5ea71dea547f722594033d
1977,0.04189736802226592,2026-09-11 07:10:50.445663+01:00,e262b2220fdd5181a4f114b71b83a83f2a263a25e3a50b1fe9f259d24932fe8e
1978,0.10675083911934047,2026-09-11 07:10:50.445663+01:00,11a5fde1647f87576940f2e7f3b6f6b72308949975793bf9e2dc94ca6ede6004
1979,0.03533199083086918,2026-09-11 07:10:50.445663+01:00,3ec451ebdae22dfb8ad5bb1be977eeb2efe87baba16d24090205bb56a20bad66
1980,0.07209773793992305,2026-09-11 07:10:50.445663+01:00,6eadd78daf42678e32da65b83c61f11a9736129285a4b508644d834586d44e36
1981,0.16250425303646865,2026-09-11 07:10:50.445663+01:00,956863dad8ea07299d9cd8079125021354e4b30ffeee901be5e82bd08b0a2e69
1982,0.10161105322028782,2026-09-11 07:10:50.445663+01:00,cc25202fac85861b6daa6ec990e4c255115ef54dfbd7a037220a05fae382b185
1983,0.052750585834639374,2026-09-11 07:10:50.445663+01:00,9ba329d9cf757710677f263d4a94f75f5d8bcd6407e4a794508343b7722fdae8
1984,0.06456367404194523,2026-09-11 07:10:50.445663+01:00,50f42cee332fa95b6887c5ce4985475e45f28b08e98c31b56c6781d2d5d05b0d
1985,0.09678701588662154,2026-09-11 07:10:50.455751+01:00,38742dca4c8a83e512e06e86c91684f53d5e003331a2164f5449059dbfc4c691
1986,0.1489494407686064,2026-09-11 07:10:50.455751+01:00,e59a519e1c93fb86fe870c6c3ea067c365c84876fd6f5d6e001bd2cba3bd814d
1987,0.07670625506495565,2026-09-11 07:10:50.455751+01:00,35b3c0e851d1895ee6bb87fc13e857e49cb4d354548b7bc708896d19c94311f8
1988,0.1008758589409214,2026-09-11 07:10:50.455751+01:00,f2a1194d7c515d6af48a2b16def21551d9439bb2b7350f5fe5bf06d6feaf119d
1989,0.06441237249640984,2026-09-11 07:10:50.455751+01:00,b997efdcba57515370447983100584944023fa10ad07900c19e1b812d32d852d
1990,0.07117860255831257,2026-09-11 07:10:50.455751+01:00,7e1eb0b3f6684e578267b7d01710666a85ddffe6a6f5025f2f04a1f13242472f
1991,0.023124154598215877,2026-09-11 07:10:50.455751+01:00,e15a365d8ee70a9da3b7cc18fbdaf1323dfb24e58901074f8d3ac5b21fdcb9a6
1992,0.08792006002185743,2026-09-11 07:10:50.455751+01:00,11c95c9923ff0648c12e85a497c3b0467212f0e34bbabb509880b837aaff7175
1993,0.15425855819279163,2026-09-11 07:10:50.455751+01:00,a224446f925c908040acaf17ba625103ac682a8dc9322d77153a7aa28ecf3ccf
1994,0.06082348077765886,2026-09-11 07:10:50.455751+01:00,864ad79848f8aa91fd02fa971b05c1dab6b4ef3fddbbc1c61a1f19cb1cbee323
1995,0.03070020456838182,2026-09-11 07:10:50.455751+01:00,00a76075b20ebd9b65829c9e348f7c9805994a0765cfde8eb185ae7367c76039
1996,0.08426399612526694,2026-09-11 07:10:50.455751+01:00,5ecc42414a406c963a9913707a5580bf3047b0a7ec6f19caba2511a957d61b68
1997,0.12673512663749043,2026-09-11 07:10:50.458176+01:00,7c190fee19b5b768d817076ef4650fa51b183014f0f042530d0338d8968e977b
1998,0.09114149595923027,2026-09-11 07:10:50.458176+01:00,105f0851b304b7b22c207c9524aee931c582bcb9141e6d1cf6d9d2a993fcbcd2
1999,0.06427534570380605,2026-09-11 07:10:50.458176+01:00,580c16ed7802d4bf924baab5bb61d861055a59e7988bc1dd04111eb411b3c1f4
2000,0.1533154910973724,2026-09-11 07:10:50.458176+01:00,7c178a4be13fbabf8f5b5488504363e6813fb6f9c9b49c25fdd4b5156c69930c
2001,0.10752671428370426,2026-09-11 07:10:50.458176+01:00,1510c2ef983bb6ba0d7bee37a14d8fc41318289b2230b5402a9218bc0038b908
2002,0.07433861983939485,2026-09-11 07:10:50.458176+01:00,846432d5888a5c36e8d1e95d87b088b838efb4e797386e0cf27fd48a1c18362d
2003,0.15121625352715815,2026-09-11 07:10:50.458176+01:00,5de70c7a66b0b435a861b67fc402d4280690a13715dbfd3a0a04d26533186541
2004,0.06414940834636312,2026-09-11 07:10:50.458176+01:00,17576e660ea9b117121b8e466eb749533afc2df813b713f4f99d82904cf7d100
2005,0.08845847139528923,2026-09-11 07:10:50.458176+01:00,829b974352fcdb7c299d593b136b24e28a6d486b1ef93a05a7b3f20413091055
2006,0.07884307321019123,2026-09-11 07:10:50.458176+01:00,6e6978d032d34c0dbb32a162c33a34af38ff418cb56b9f05624c26eec6309aea
2007,0.12100327553793201,2026-09-11 07:10:50.471142+01:00,598f039473a7c5ec72540aed512ecf5f3147bd8e29e91da0d524a6974764280d
2008,0.09737047830880012,2026-09-11 07:10:50.471142+01:00,084fcdd27f02b3852b1eb7c0d5d6b3fa1a96500939d950df7ebcd33ee13c9922
2009,0.048928494672474586,2026-09-11 07:10:50.471142+01:00,828a5ef640d10ec29f53101969157388d31107b478d5f29a468927f1b732078d
2010,0.1488142060369805,2026-09-11 07:10:50.471142+01:00,76a2dd48bfc664ef5000eeef2632544b8ea341517c41eb8674c4ddd6fb22f6b2
2011,0.10087099543736641,2026-09-11 07:10:50.471142+01:00,d925865113b5fc1bacf7849be6587b2e788149523ea04344cc3c0de06d357b0e
2012,0.06084679942159278,2026-09-11 07:10:50.471142+01:00,627de4013c2a3d32dda3c8a2eea911f861fa95525a928b258634a9980695d2cb
2013,0.15403373283008515,2026-09-11 07:10:50.471142+01:00,2330b3ce390c98ca5dc5f80d8cc6f6b6f2d30934176b3ffcc7d8244e73b1a2f0
2014,0.08576971199032449,2026-09-11 07:10:50.471142+01:00,be4f0172154cccbf37e4ce666ed2d0d27608c13842d1fdd518850e1c57512d1e
2015,0.09407553215449393,2026-09-11 07:10:50.471142+01:00,71393e312e451d051bd3e03d710518785f9a8d558c39814a4950f227d2495fef
2016,0.08828677360995,2026-09-11 07:10:50.471142+01:00,37a541fb8ae7d7200dc4ff42fe8b4337e30c5a3152fd69c8bd278230b1906e90
2017,0.07310996270192045,2026-09-11 07:10:50.473281+01:00,44b3e038fb6303b9719b471fd6ccfdb2bbbfbd1d772c78d93337ece3f66220f4
2018,0.06344584699332205,2026-09-11 07:10:50.473281+01:00,a81919f76c683533b72fecdea19a81994aea9117f7f995906a96450b3a379931
2019,0.02233364807531858,2026-09-11 07:10:50.473281+01:00,ed6a8886023be1db2561a00ce8d914ba605fbbc5208388a75dffe7cdbb79e276
2020,0.04932516220214527,2026-09-11 07:10:50.473281+01:00,dd27b16f1d12081fc1c43d585d1d6ded37d2e38077dc2759a2a02063c0f7a48a
2021,0.023062087781066443,2026-09-11 07:10:50.473281+01:00,d18a0a4138ef6cb7be64dee1f5684fc8e431225b4a3dba5c66e8476de44eed8b
2022,0.01636894730221627,2026-09-11 07:10:50.473281+01:00,48433d0a590fbcbb3791665fb80bf077f6b732f438ec2d49312e2ede56e204f7
2023,0.0974348611138412,2026-09-11 07:10:50.473281+01:00,05ea99ba83d82a68bea0e1e12c914b99e29e595acf2c84a0b8790ca497fcd8b4
2024,0.01836005859242886,2026-09-11 07:10:50.473281+01:00,c89e680ee361f2968994c7705b516e9adcb1a1371c3379b7583dfd3e12a8cdbc
2025,0.023553444008151462,2026-09-11 07:10:50.473281+01:00,c01d9378999be5030a27b6364d3586733fdc27400c09449bc7b130daec1d9610
2026,0.046836672805861734,2026-09-11 07:10:50.473281+01:00,4f9c1d865378c22927e8c857ac03a3063eac81bcdaa55166f1e8a527adf4dfc3
2027,0.027580383514427518,2026-09-11 07:10:50.473281+01:00,70039a28687287999ff4362394a827d3f11a5d437e9fa083a698495ae424f112
2028,0.021551089261198343,2026-09-11 07:10:50.473281+01:00,2a62f687601499f9df45bc52d80520d56034ba1a099a8c8537400d0b8cceea15
2029,0.06750414432195115,2026-09-11 07:10:50.473281+01:00,b0447b69e57c6de074e9b8a4206193ccbf6d9577091d5671bee36ee771e88add
2030,0.05995417517806112,2026-09-11 07:10:50.473281+01:00,b5e7cb4e2e71089c04e56e2cd96bd185df37b79ad447970c477946202ca9d36a
2031,0.07671565717289751,2026-09-11 07:10:50.473281+01:00,6f78f710d504ba0e25ba1dd6a6c5c5dc4a6d8cb89989660d870989424391ad36
2032,0.054480882744859384,2026-09-11 07:10:50.473281+01:00,e04f236c483233c3a190046cd7812ccc273db02a8a746323d3c9086aab6cef2f
2033,0.061789199599221814,2026-09-11 07:10:50.473281+01:00,32facd404b846802b8e072a41c6f294a5b46239a72eed5fd6a4fc80fa8cffd7f
2034,0.04625678651377111,2026-09-11 07:10:50.473281+01:00,dc342bc1bdddd19f2e78acebbb8ef904de4ec8538d2c090a35ecc50fa2ebbecd
2035,0.03111697589807351,2026-09-11 07:10:50.473281+01:00,20b8113b6a8fc63d3391946d62a54ffbb09b5d27d89e3295c7f4beb5794de1c3
2036,0.028141864260997768,2026-09-11 07:10:50.473281+01:00,dea1eeacef4a2878b21083141ae95c626ba53eba5f77681d528bc149bde9c0b4
2037,0.042649151647756386,2026-09-11 07:10:50.473281+01:00,dcd20c3a8f7d4f9e779eef3721e6df0c6f6574ce181be6ea5aab837345a4aca9
2038,0.048428998310511936,2026-09-11 07:10:50.473281+01:00,c549dbd07093089b1210b66866bfbfb3b88b7115b186d87026955f6e7b8997be
2039,0.05486682543833709,2026-09-11 07:10:50.487283+01:00,e93e3bc2b5a885d7fb0c3e84eb56cad6ecda54342fc702f5b39a16d4e4ed5711
2040,0.041320930778025344,2026-09-11 07:10:50.487283+01:00,fa908093dbcf79013e5eac1eb561259476e510b43ac1ea0211b05c0fd3e97542
2041,0.010446375558916901,2026-09-11 07:10:50.487283+01:00,0c7004a49330b59a940d6fca3739d8ce00c12b3a7e91e2c6212cc96cb3d888aa
2042,0.04485885803321793,2026-09-11 07:10:50.487283+01:00,7a6c6c275c3b05eaee43d96256d6ba27217e01bb4e7584ddee50bd3ff0191405
2043,0.014029111578488396,2026-09-11 07:10:50.487283+01:00,6e30b9bfc831df60c3caee27f274cda521b6b99d3c78f9596a6160568b715187
2044,0.016247945800375817,2026-09-11 07:10:50.487283+01:00,20240d6476d9c58b9df5a719b8ecc44757046765a60ed8e415d2b1bb9ba76c39
2045,0.07357953889280637,2026-09-11 07:10:50.487283+01:00,a2ac13065153ec74e4835837e7c2f7427899586dd4c2b71cd343298d1266af2f
2046,0.026992178513341843,2026-09-11 07:10:50.487283+01:00,47981bfd2b7dd3bad10ddf92c279ad4459ed46d2ba42fddd62e6cd7b277d25ec
2047,0.02546753859686438,2026-09-11 07:10:50.487283+01:00,30d56758469b93db13fcbfaefd231c268f871a5360ce441be0a7c81121b170c3
2048,0.05919450672258025,2026-09-11 07:10:50.487283+01:00,0cf355f8c6ee9ce13f52ffa7989de2adeadfe5606b0c1929ec96770e7a0bdbb3
2049,0.036970250603689865,2026-09-11 07:10:50.487283+01:00,bdb63cd2f801a6bf7f281c767c4833132711d01f54a18cafa416deb118479440
2050,0.029714898115045307,2026-09-11 07:10:50.487283+01:00,2aa5e31b915e9b2ab82bfdc7eba6027b6a3ee28ee31532a48906d5619b421c31
2051,0.08247300153782344,2026-09-11 07:10:50.487283+01:00,dbebaf8c233712e9feeb204372a178cb16b32a511a4a690136c6fdba573f1c01
2052,0.09236079143057323,2026-09-11 07:10:50.487283+01:00,169187898d81c432144e3dab2c103020a75ac60bfdb8c760b9a6e54088df4ccb
2053,0.057991876941978084,2026-09-11 07:10:50.487283+01:00,4411b044e148da71ef5ed1edb53f5234ccd3c5889ae01a661c731eaa4a518daa
2054,0.04589758400291483,2026-09-11 07:10:50.487283+01:00,a1a34fb858d375bbf32b226efa857293d015b9a175c16b8690cc89456c13739e
2055,0.07649653513113132,2026-09-11 07:10:50.487283+01:00,14748418755e9a7ad665f137279ac093982da077bca6b90f389c236933a6af36
2056,0.04165731869609558,2026-09-11 07:10:50.487283+01:00,4d4206f0a7da74199d189236b87e8cd707e64c8bb59fe2b33f77f62c99078551
2057,0.043052495165682735,2026-09-11 07:10:50.487283+01:00,954b571fee020cb1d7244ae4860730a4699e3efb3edb770c48191311dab1d6f8
2058,0.026127298865536223,2026-09-11 07:10:50.487283+01:00,01f686353df599088ed388ed87be430dd63ab6c15d3d3a6e508128d0ccc866f5
2059,0.04327145487530293,2026-09-11 07:10:50.487283+01:00,95d2637a85d6fdd87028c7b738c800288529287001a437c7aaa4f419d4e32d7b
2060,0.056982684721272034,2026-09-11 07:10:50.487283+01:00,25baed40afc1eb6dcd103ec3de9c5e25ef4b8aa3c4a44abd42ac111af48de4cb
2061,0.0886233218626266,2026-09-11 07:10:50.491444+01:00,ad9ef83098d12d341da26f31576af5a1a24a3dce5d2a32a5845747a044529271
2062,0.019920244441970922,2026-09-11 07:10:50.491444+01:00,92273be70ba390b623775b1ace75973ec854e34c174bd316690bff30f7b5fbbb
2063,0.04191491955675752,2026-09-11 07:10:50.491444+01:00,14c1da77ffae16cda0ab233fa2b77f489fc22367bf504c50f5614ce23154df99
2064,0.05897767894591365,2026-09-11 07:10:50.491444+01:00,741f62b32ba97321c2cdd2f8c9770c9f3c9fceb472c3ba041e89a69f55549e74
2065,0.07367299233115097,2026-09-11 07:10:50.491444+01:00,b6482f5e5fb4c4908a39df46717371e607a349b84f814cfef8719cc928b7a78d
2066,0.12250189292348744,2026-09-11 07:10:50.491444+01:00,0b08e240baa797368884763cc65beb69b6b242b7123c30a8db9fd4d0a78ead5d
2067,0.05886639621668445,2026-09-11 07:10:50.491444+01:00,c9ff00d9f407372f6cab1c92ebf61002e4f3332d33539819950daf14054c6f8b
2068,0.021519691207744687,2026-09-11 07:10:50.491444+01:00,664a1f498293d5d59a266b34e45364c796168292dd0866edd0433447c162222a
2069,0.04545693979639362,2026-09-11 07:10:50.491444+01:00,72aaf8889bd0bc76aa590ef152b961589f49e95047997fbe05c256bb664662f3
2070,0.0727784219315629,2026-09-11 07:10:50.491444+01:00,06551989eb142748e98716b1abb23949bbffc5405983c1b6761dc399069cf03c
2071,0.09348609900755366,2026-09-11 07:10:50.491444+01:00,cc4902e90992031465450bde614dad91b7bf77532abe9b39034b66e5c579559a
2072,0.04531548356493394,2026-09-11 07:10:50.491444+01:00,eee73bcaa39e505fb3fc94bc930cce05e6702d7fe302c4a920a7e547b3572dbb
2073,0.10021398732610266,2026-09-11 07:10:50.491444+01:00,aaf1a17253a7003646c964749de73b71e9efac0ed44fb5db3d42345cea9cba11
2074,0.15675193088711703,2026-09-11 07:10:50.491444+01:00,78f0c86633565adab949544c15d5338c8ce99ab9a8f524b3aa6650f7cb437409
2075,0.13447660161831917,2026-09-11 07:10:50.504442+01:00,cb375768b42f8b284d73eecd27212d42f0b8ddf79db02eb2948258edcdaa5083
2076,0.022250084951504275,2026-09-11 07:10:50.504442+01:00,82569e65351cc74dee4dadf02ec9602a54c53d9afef0827e01af9bd9d34f4ac1
2077,0.04327830501698305,2026-09-11 07:10:50.504442+01:00,02f17c44223607ff97159d05590baf52581f1d975472ee18cd4176711e627efa
2078,0.08644966198130968,2026-09-11 07:10:50.504442+01:00,b1628a394f29d1ea106ff464dc4fec5513b9f543fc7c21b69498cc46268e34af
2079,0.046771220957500755,2026-09-11 07:10:50.504442+01:00,54d258d0ba14e96492880efc3c284dfdf2e0a2dc14bf50024b6569312909d709
2080,0.1807285499340125,2026-09-11 07:10:50.504442+01:00,f7d1004dbee7b5f9c93e49948646a1ca5b675c8ef87dbb7ec8b2f52b4044bcc8
2081,0.02040120396735757,2026-09-11 07:10:50.504442+01:00,f14b64a9c8afe347f7c99e792a7bd23073907fb1842b911d05d3da48aa199917
2082,0.02345609550022118,2026-09-11 07:10:50.504442+01:00,4152da55bc208fe30a29ff78782dd1734cc555af1c04cc15596cfe186edb8405
2083,0.06978832599703189,2026-09-11 07:10:50.504442+01:00,6fdc46ec93abfb1e0f538a424dd01f0f53e19ca3eb6bdfba1b190e811e7e9dc8
2084,0.057096747315542276,2026-09-11 07:10:50.504442+01:00,672a0fec348f543211a3a222da8e6be2c2abdc7d7446a9dede7b76a3315214c9
2085,0.06940520709461762,2026-09-11 07:10:50.504442+01:00,457ace8616b9088a04264222f8c8cd96b66f6a69e191b8421c04a6a669f74c9b
2086,0.04200257642139989,2026-09-11 07:10:50.504442+01:00,c52918232eb8a4104a9d2f3b2aba5075d9bc77ec125fdb29d7a8954fe72c6ee3
2087,0.08988206043476732,2026-09-11 07:10:50.504442+01:00,9adc0e1cfc3e26b6279a067ed2d34575fb1395045adc348e2c95a522ee2e6201
2088,0.11401335880943275,2026-09-11 07:10:50.504442+01:00,bb1cd8ff7a568e4c5eccee5a8abf9c7f66ffdb10b664dc72e65b0f01d4f6625b
2089,0.2872693426025597,2026-09-11 07:10:50.507537+01:00,c55e4e174572621ae8dafcf6c108a867f1b60ef854abc4b8ba51ae98e191e5dd
2090,0.10871610850081642,2026-09-11 07:10:50.507537+01:00,7b61c868a87a469e7ad0e3dc315963ec7803b3361a60b326ea70b02f6f695970
2091,0.2416173925773536,2026-09-11 07:10:50.507537+01:00,4eff322d93cb55144b1edc6c6adb4455a011056c05102f6c3b40167386ad12bc
2092,0.053980595520155376,2026-09-11 07:10:50.507537+01:00,cea068c1312bdbb5528838641e63cc6363efb29d7cca4e2faeef65c2ea28f33b
2093,0.0884930167536274,2026-09-11 07:10:50.507537+01:00,44117acb0a0f1b4cc9bc9914422283c71a9cf369aabb4ed12d379bf88692ee29
2094,0.07065625777803146,2026-09-11 07:10:50.507537+01:00,1af94c3b7e7903653e2c8f156b65d924fa66a01aa48d143c632fc8ece9d4baff
2095,0.09425343841539334,2026-09-11 07:10:50.507537+01:00,6f02e49dc559cfce3163a7552fcec61c18c0f7aa0080e9cb0b5f1281ae0327b3
2096,0.05501384785206272,2026-09-11 07:10:50.507537+01:00,2b1bb05d6b8f70548dd997d7691598946c053c94dc20745826568caff4465e3f
2097,0.1526654353535049,2026-09-11 07:10:50.519258+01:00,6754a923509de3c394ac7480d45ee48e03bb51f971d73c362422980014485cfd
2098,0.07775529327813277,2026-09-11 07:10:50.519258+01:00,c4a4e43023ec975342e93e897d51d384f4d5ddbd265ba2f8174f36754fafd147
2099,0.4776033525693957,2026-09-11 07:10:50.519258+01:00,0854b250d51186bb450563703951c4b53b93b8a199f21d732ad0561d42a6445c
2100,0.07429596647567975,2026-09-11 07:10:50.519258+01:00,017d5710dc1093bf4a72e194a5b09134b03692eb4ff6c782643ce2b9d33ef713
2101,0.11289163652435866,2026-09-11 07:10:50.519258+01:00,d394a4df204a2e0d8c169e8eab5eac122c1d029df3da64d7247250eecb4d4ef4
2102,0.03838112280541238,2026-09-11 07:10:50.519258+01:00,d496552fef81d22e97688c460897724bbdf919c4dbbecdf9c590b64853b2e296
2103,0.01912921930823817,2026-09-11 07:10:50.519258+01:00,8380d802ee006536a8ee837458c62e5f668b40ba7169286475dfee119f84481b
2104,0.047277973685277586,2026-09-11 07:10:50.519258+01:00,f27f87913a49421b188774f801d7b24c47bc874e109867849e1030054151aa0c
2105,0.13329135019747987,2026-09-11 07:10:50.521262+01:00,5682d34d54adc95750a5dd6a1546f2320b84d2d3eaf5d7e186fa690d4e63bc01
2106,0.11092369460446747,2026-09-11 07:10:50.521262+01:00,ea9c0bf7428805c54c9a052de50d0ad4daed2fd4ba0097645aa35e08b376276b
2107,0.08958646666400598,2026-09-11 07:10:50.521262+01:00,2c2437f8e3f65eda8be0dda46be21e2429e8907ec8974a45ed7badd8a7d1dbf8
2108,0.08265185176381314,2026-09-11 07:10:50.521262+01:00,9bdf66acdca3b6737fb67cccfea03f69824130240b41d8c5c1aee47257648266
2109,0.17448457082451732,2026-09-11 07:10:50.521262+01:00,449b338589dc23392cf9f16d5d25e9d8b3d2d539b1454c9fc457adf25da93dac
2110,0.09390372967295064,2026-09-11 07:10:50.521262+01:00,d722b34d896c6756e0e3a2f92d67753d2d75b89c08d1efaa944956aad65d4715
2111,0.08241222258636297,2026-09-11 07:10:50.521262+01:00,03590ff52f8d1e072eed494bd7aa5b8efd3d5aec2835dd3002f311f5444456c0
2112,0.16868103522371924,2026-09-11 07:10:50.521262+01:00,046c96b606af31ac5fc029869841874faa5bd92c9bf6c8e3dab13c099e4db776
2113,0.06406507846268335,2026-09-11 07:10:50.521262+01:00,93f1127ef4e836b070e1c59f242a6db5bd709a572e48db1d2e426e385a677fe8
2114,0.13602023075621358,2026-09-11 07:10:50.533666+01:00,0c43955b3ae0aa4ac26e0370e1c9093b86e8717a52a6356ac13669b96b0f3296
2115,0.08938857468421602,2026-09-11 07:10:50.533666+01:00,7218ff2fcc28bbc954afd710ae7a1957c2e5edc537b5888c9a1d03961299c373
2116,0.10592974866470556,2026-09-11 07:10:50.533666+01:00,7c15ff7916e897750a1cf5a3887d466bcc5fef95727332e9bcc4967fbe0645cb
2117,0.1009677050695459,2026-09-11 07:10:50.533666+01:00,8aa1665ff7ab3427045e72529ce8d2ebedae3f9f3bc47acdb1b703ed05010658
2118,0.09220886708798597,2026-09-11 07:10:50.533666+01:00,76b80eae10e1303361440c32ef199be13d4898f83e7cd5f6580455f2f2bde61b
2119,0.09125005642550844,2026-09-11 07:10:50.533666+01:00,7b6ebc55c57ebea217b5609c98e2a90f7fccc7febb2ee52196ef371b5afd6d69
2120,0.17759169489816934,2026-09-11 07:10:50.533666+01:00,4ae7ef495696e2976c0d332cdd69be1fea8c476e3333bc4b636d3436bd70c904
2121,0.1602363396706262,2026-09-11 07:10:50.533666+01:00,557fde36b9f0899529bc824b088765ec166d5ce8b1a6d41de40741b751000273
2122,0.046406782743028924,2026-09-11 07:10:50.533666+01:00,b289c2a23f753f5922dea62888c439676c4de2c81ddc066874fa55b34665817a
2123,0.10588811662081003,2026-09-11 07:10:50.535915+01:00,2e1440489e619b6b790c867bbf72686774269990a5cce46a1adba8fbe2be3956
2124,0.17800951219987823,2026-09-11 07:10:50.535915+01:00,66e618b116ef6d6bfa61a82141d1a6622c9db488b106ec69127ca96af41b4baf
2125,0.06961930185910065,2026-09-11 07:10:50.535915+01:00,4e16ee1f7295db77c68279ea99f31c375648f5088d41446bee5eaea62629714c
2126,0.09777534952594427,2026-09-11 07:10:50.535915+01:00,8ae903a5f7b048d84e6d3f057ceaa05abbcdb204b406dbe0802e02aacdc6e004
2127,0.12935623868535948,2026-09-11 07:10:50.535915+01:00,1a405e4b88c936b5cbdd770dd4539a0d591b2ffcc865a14afb1a8bc0be51f43f
2128,0.12253531661567671,2026-09-11 07:10:50.535915+01:00,7295418dd240b6d8a0f929084756ae9831d5987b261f7e1aa342ea5366a18f8e
2129,0.13163518938512653,2026-09-11 07:10:50.535915+01:00,453697e8d85254523610c41d083f72decee54a8738b5b2b0aa2b3b68b3c61ae2
2130,0.16518097510810406,2026-09-11 07:10:50.535915+01:00,6c7e8d5c61fc25516da495ea2eb4371735145669fb8786bf09b5c0dff95d611d
2131,0.06303160652362695,2026-09-11 07:10:50.547799+01:00,66cf2a949a0a7bb0c15b31ce48049e87a84a3dd993f27e70780a22f2353c3ff6
2132,0.2260361914600349,2026-09-11 07:10:50.547799+01:00,9ea710c60a135fc014c03e3ec1abf268fb7b152933be8e07063c896bb9ab9eb2
2133,0.16108805234932028,2026-09-11 07:10:50.547799+01:00,b98294aab646355f6e4da9b140956e632b56fc6de39f8ad6254c4a178b843434
2134,0.11319854989846377,2026-09-11 07:10:50.547799+01:00,7abcea0ac571acbeb40afa24d7d7c67805e5405e96be10bb554496d4a2489f9a
2135,0.04471427156650997,2026-09-11 07:10:50.547799+01:00,a200da62366e31eb77d0c15a81f9e5f245a36da821fabf5b327538e5a5eab9e9
2136,0.13118199268657493,2026-09-11 07:10:50.547799+01:00,359ae4f0fd3270926332e213da56772e48ea3f66b329f5fe8bb06c58c9e09d98
2137,0.16980685292574857,2026-09-11 07:10:50.547799+01:00,4a7d8909ac843ca2d0c4c759eadd452c1c0abf4635beb9f1bd53cea6693c4179
2138,0.09094248258972065,2026-09-11 07:10:50.547799+01:00,52860e9a818c77f201b25f981f92b0c47a0c0db7f1f3c6f96696f1c9d94eea91
2139,0.1221752722805028,2026-09-11 07:10:50.549744+01:00,ed9bf2344b9797d9428b72e3f5ff06685d25d4739573e7a2034a978751667a90
2140,0.14876978970911933,2026-09-11 07:10:50.549744+01:00,037b40b084f03cb33e8eef9dd11e06bada7387ce312e220921720b76aa2b5c2a
2141,0.11404804321493404,2026-09-11 07:10:50.549744+01:00,b6e4927b7be69919e920d6380ebbca7566fee5e7f1d859ee69ef9ec9b93082eb
2142,0.06987802766436346,2026-09-11 07:10:50.549744+01:00,af661de84de7d727099059833061d23ce2fdd3e158b1015e1e563aff6fc61656
2143,0.12973924119615773,2026-09-11 07:10:50.549744+01:00,82ce9ccfd81345edf8f74345c759659214c1d46f8587827ae54b8772150c0373
2144,0.06886020210621013,2026-09-11 07:10:50.549744+01:00,af63be691d4a01b783bd86361526020ac76942584f23f4703948221f9a8b2446
2145,0.09809774981635092,2026-09-11 07:10:50.549744+01:00,f974cfaa43f89737de652a4b916dfcebb9474f9bcb55e856908ff79956ceed6c
2146,0.10532051623357976,2026-09-11 07:10:50.549744+01:00,b98836c1eb20819bf4e1f0aa5b54e827b7e1d0a9a60ed9aecd8993260765894a
2147,0.0635176969444292,2026-09-11 07:10:50.549744+01:00,2f57f6745a6fb24ec4972e992ee34774949bc23f3988f8b761f02eb25d863163
2148,0.07959346083435247,2026-09-11 07:10:50.549744+01:00,beb769cf9f88d24b560b166f95306d41a11aaa75c2414e93087cc6b305993c89
2149,0.16385872437779814,2026-09-11 07:10:50.562391+01:00,4e98e2d6b7a831522e568594335363e569c4bc53d16269a4f29992c385fc6577
2150,0.12136065941380249,2026-09-11 07:10:50.562391+01:00,0539644b1a6a1584bebd965a9ffc33b4249c9461e0f986cd7990169c51e7e424
2151,0.06994516160598477,2026-09-11 07:10:50.562391+01:00,e5a5d48a2861434209085510f81a08395646ba8d9eaf959440622152db07adbc
2152,0.09188457687843853,2026-09-11 07:10:50.562391+01:00,6a3bb30798181b3acf66de859d5be3064299aada4d73e869b1574d38aaf289b3
2153,0.11827479145788433,2026-09-11 07:10:50.562391+01:00,647853155baa81a7cdad4fc4d526c64eb6ba218a4649ab926be4cde13121eb9e
2154,0.04906611169636229,2026-09-11 07:10:50.562391+01:00,0d8f462a3e16eae3246e0d55f6a78397008d19e7faf6db9a93d6c227c28bf188
2155,0.15355421565668326,2026-09-11 07:10:50.562391+01:00,89f26344fe8742a1055b4a08afa00030f37ddf0ef34ca0ad5f9e1f474be7f5d0
2156,0.10480164209671544,2026-09-11 07:10:50.562391+01:00,9c317ec505f6efe5f175faa33d256a971e99327f79d0cc94b58a81f0e6985652
2157,0.060526530836957346,2026-09-11 07:10:50.562391+01:00,f9e5467ec90505aa30a75b0d86c8bbc7e059094da02e0b20ebe42352c1e87c5a
2158,0.06672758597937348,2026-09-11 07:10:50.562391+01:00,a7628c8c480b38a0d3a9a13269c83ed0bae1ae0658a3b49335434b08dff1e76b
2159,0.07544732830160411,2026-09-11 07:10:50.565069+01:00,8151507e0846c325183870724177a094f9c38057716b21520055c013f271f69f
2160,0.23801321468779468,2026-09-11 07:10:50.565069+01:00,63c3203b2ea9ec54feadbf8a05feeede46dce09d7724a897c9256ba78e53314b
2161,0.09422757837218347,2026-09-11 07:10:50.565069+01:00,124ececafa83af6e521fe532fef23fd8155ab4b831652b924b79b0d1565f5979
2162,0.04060140937257338,2026-09-11 07:10:50.565069+01:00,78b2f20ae8db3bee9fb1e6136923ccce2a395ea7f0a70e04807acacb0bcf7e30
2163,0.06238794589855146,2026-09-11 07:10:50.565069+01:00,1cdbd9dd3b6bec2181a3b1724df603143a0f5ab70a90b747c4ef583eee644f22
2164,0.07321323809688195,2026-09-11 07:10:50.565069+01:00,aeb7edebea75199f4ad9760f408c296a085a2fb1b6ebcbb7c8fb28ff9b67259e
2165,0.13153033800816466,2026-09-11 07:10:50.565069+01:00,e45b5227af81b20434b6b1c71a2e3d625c1ad6838f21e51715d9cc165f87a497
2166,0.10363119604015679,2026-09-11 07:10:50.565069+01:00,e9316c706743c2912aede44467b5770060242699cec459f657dc97fc7021302b
2167,0.08557711317753589,2026-09-11 07:10:50.565069+01:00,9f68b47ff0cbf18e58b516bbfb2f77da8fcc8c90e79267204d0230a5b90a82a0
2168,0.09537063804455356,2026-09-11 07:10:50.565069+01:00,02eb8521502bfd2cd533be57fd2c5dee36230f3756800eb63986e3afc8a4b20c
2169,0.1268754806979726,2026-09-11 07:10:50.577819+01:00,42718d6805f1ddb45bc17438ff86d8aa424957ed6d6ad9bbfe646bb1332b490e
2170,0.1393458673541234,2026-09-11 07:10:50.577819+01:00,0e1cacda6eec10ac146ebd4ce2be8487f4f96203e3adb1c54235ec65e9a66de7
2171,0.08166205525763233,2026-09-11 07:10:50.577819+01:00,5157b80adb64cc347a986fb4014f4bf109e5e4a3995c9ba2d42bd028e9c1d551
2172,0.05854411769871024,2026-09-11 07:10:50.577819+01:00,a9d4402e9536fce532fbb03ae65bd7a98607c30b3156fde1b99b370ff9594333
2173,0.0791643709649938,2026-09-11 07:10:50.577819+01:00,cb8e4002e10388b07acad759bbe318a1d95ae259f200da6e7912bffe23fc55e5
2174,0.15150465105734073,2026-09-11 07:10:50.577819+01:00,db2197147f8d68397f0f95df673c1450d0988503e3b61a961dc6478a98fda301
2175,0.11313299083687405,2026-09-11 07:10:50.577819+01:00,5be8c30811b7c18699789974d34cf66d41aa3772150008c840bad0a9baa0a615
2176,0.11692619838180393,2026-09-11 07:10:50.577819+01:00,a65d819aac66d431b10450df67db678a0038c8ac1c8efcce303d7e3d67b9169d
2177,0.06018666512011979,2026-09-11 07:10:50.577819+01:00,c2f0b3d40e694fd39c836ab2944637abbebdcd334385bd6448d93432a5dac792
2178,0.07265760263042913,2026-09-11 07:10:50.577819+01:00,125fe0dfedccd5b4b8d6a4046788fcec20f59755e1c3aa7379cc9c6f9b4be4cf
2179,0.039554390503443226,2026-09-11 07:10:50.580097+01:00,ac22e94029594f702d06ba60521b8ce82eea1ea476d8a7d2bb52d8b0020bd9c5
2180,0.07430393151906796,2026-09-11 07:10:50.580097+01:00,714e73fdc81d1c8dabe1f4d1d4f560b83b17906779a8aa6a3c543f687d2f37c5
2181,0.036483819638823994,2026-09-11 07:10:50.580097+01:00,91ff69f01687256627e5c88851f0a18539f6447084bfffc307db62a4f6551f62
2182,0.10820374925710488,2026-09-11 07:10:50.580097+01:00,ee908ab7ec51af6c5952704c45ea00a4fc12d319d8599402836a1c9da791d54e
2183,0.12023525456974904,2026-09-11 07:10:50.580097+01:00,19f4fc3d1a501285ca1484bd8ad78ef5f00f4336f913396ca7870a7052262401
2184,0.1549970087707166,2026-09-11 07:10:50.580097+01:00,892585db4b2ce09140ceeb7356c2aa6de438683a18e34715322a1659cd7bf4ae
2185,0.06257849061068917,2026-09-11 07:10:50.580097+01:00,c8b5fbbd2a209be56c6d69ab5db9c35722561dabc71a3da515d1751a424e337c
2186,0.14765918795961686,2026-09-11 07:10:50.580097+01:00,57e0f85b5cf7f3b15bb83a04dafe3f6825bf80c73e887e5be996cf5cb81f661b
2187,0.11598723713796358,2026-09-11 07:10:50.580097+01:00,5ae592b586169093e134a8c484f601fd452547939207f0131ff09133b9d1c6e9
2188,0.13999693003282465,2026-09-11 07:10:50.580097+01:00,c11f67016004ef019217b43138321606b7650d98ef7ab4f06685d91ee112ffa6
2189,0.05322904887219859,2026-09-11 07:10:50.590263+01:00,b4256508058d8b641ac34e20a55ffba1e51d89101772c9e2ecb9e5dead9da430
2190,0.07279163762009364,2026-09-11 07:10:50.590263+01:00,731bf572131a68e269bd5aaecb8be82c10bf2664918d1cf258d11457bd39574b
2191,0.046525261998979335,2026-09-11 07:10:50.590263+01:00,482a848b49df0936cca4f821199490890294cc10a496c1943d9dad87ae3dee5c
2192,0.09759697009772862,2026-09-11 07:10:50.590263+01:00,9e99b49dabbb35bf17557efa65e6ba13af5cf39d4338caca961e0b45ba0e1aa6
2193,0.043472625269232304,2026-09-11 07:10:50.590263+01:00,d52cca9933f65ef5454ba876fdb35822c48835eabb63ea69e2cf527bf791e125
2194,0.13785778738546878,2026-09-11 07:10:50.590263+01:00,3e69affdedb25e19c6a19c1460d48b868cd60be1bf511b8364aa0a1c662e65d0
2195,0.08170539970910642,2026-09-11 07:10:50.590263+01:00,15fc0c02f1647f4ccfe8dcea126ce3e0958002d4a93c884643a949a1dcc8cf54
2196,0.16457031882337111,2026-09-11 07:10:50.590263+01:00,39faed45ffeeafc723dda26273bc802c250f6b6acbd4b11d9b9755c286de97cf
2197,0.13553194991449982,2026-09-11 07:10:50.590263+01:00,a831f3d3fd7884eaa6fe433af9b4cdcdb3e52210a54168e27d8b225f4db17835
2198,0.1667190003093214,2026-09-11 07:10:50.590263+01:00,2246d61eebd383904d8b28be3b116d8b6734543289f54fcf223202bed3039093
2199,0.08079981812329741,2026-09-11 07:10:50.592574+01:00,74fedd63c97bf5ad1489d97cbcd71f3814e2f20eaa93c3397d0bcd764dc422b2
2200,0.06998878267077965,2026-09-11 07:10:50.592574+01:00,e537f5ea3475fbb10f51665ba5999fc09ce0f32f57a62a56015d60b59283d37a
2201,0.0941457972162562,2026-09-11 07:10:50.592574+01:00,765611f51c4550c7d2cd15a9c68c903fbd109ae72b89d16fca81e7503a63d8c4
2202,0.10117631687294723,2026-09-11 07:10:50.592574+01:00,2ba36a9dd2b270466f16562c3fda3a8e3a95ef8cfcdb379b41ea59ba9abb69cc
2203,0.053894138958599645,2026-09-11 07:10:50.592574+01:00,4bc8875b6d8ee218bd377275e907729321978268549ebb32965e647339e04038
2204,0.10419380813602236,2026-09-11 07:10:50.592574+01:00,3be73b50f3c2b5f129be262579452138bb5264c374b4e446371720da72480400
2205,0.071369919305799,2026-09-11 07:10:50.592574+01:00,d387433424a3b3e1ca1ac6fdbe00cd7827f868eb9347632b97e466a438bc2037
2206,0.0408576342273582,2026-09-11 07:10:50.592574+01:00,781ac0cddca7d03d4e6d36b03cb7028e11ee21085bf6e4dbd5082297d0a34ea5
2207,0.07141077586599327,2026-09-11 07:10:50.592574+01:00,739553af1ca162ebd872b63b2318e9575561b04d85f28792465d59ed3438014d
2208,0.1523950499799405,2026-09-11 07:10:50.592574+01:00,08b8f4372766fbb893507754688f8e990e3356bedad5ba352ca7b6a0260c59b4
2209,0.15976795864300652,2026-09-11 07:10:50.592574+01:00,b31052a087676a5009e6675ab46a9021aca062836d7b94e8b60bc7704fe261f2
2210,0.12526618647016566,2026-09-11 07:10:50.605470+01:00,550aee828a0a14b74cdd59e5c2d5481d88b62814c0f23b33a19e54df87179b42
2211,0.0517412660891125,2026-09-11 07:10:50.605470+01:00,322887f42c74773e613f95c47a6443863113cbc666a98973bf93be78cf1af289
2212,0.0998102992218698,2026-09-11 07:10:50.605470+01:00,e0ca5806990ad50b9f7a3e6b7d4693f5bd8036236851368a830567753b75c5a5
2213,0.1011153326885182,2026-09-11 07:10:50.605470+01:00,7f1ff3b1625483b89e09b2fbfeb0dd6856ce4bc92ba1d6c27cef8649e6d592e9
2214,0.04552206324334446,2026-09-11 07:10:50.605470+01:00,33bcc153b8c3d97ac804e8dce904004c1c3a8d324fd1c26237dc9091bcd2f9fb
2215,0.1091323115481425,2026-09-11 07:10:50.605470+01:00,d7eab5d3d381345e012d15e82e050c440982f5d5dc3e3e70b1a2672dcef99a29
2216,0.07014048655880321,2026-09-11 07:10:50.605470+01:00,298af2571792af823d2d815cc345130a6415d8322a22f2317432034c583fdef7
2217,0.044539843581081866,2026-09-11 07:10:50.605470+01:00,7d8d064e2e61b85028411a509cf7d6fcccbca2cde3bbfb526374735e7b693072
2218,0.06996304765956014,2026-09-11 07:10:50.605470+01:00,8c6b36e805998140f37d53c8f57098b32fb1a733299be1d623c6c3da49390ef9
2219,0.11714769091720799,2026-09-11 07:10:50.605470+01:00,ec0ec22f91e9d47917f04cb590ccd2e6938146ee83ab149e9b9f54989d51d71e
2220,0.1656214720221937,2026-09-11 07:10:50.605470+01:00,bda754939533adcee3a7aa6d32c637433998e256a9425f2946a0cf2033ab5022
2221,0.049647915837659116,2026-09-11 07:10:50.607802+01:00,fb7a0d351b2427276aa8abd6a941c1047f17d31c80fa715c518ae8206f002f08
2222,0.06883684396500973,2026-09-11 07:10:50.607802+01:00,466722cdb300603f6053e932a24783257bb3bf799ada1e2b16c2f2eac5d08c40
2223,0.1506660264702734,2026-09-11 07:10:50.607802+01:00,445a28cb2027455770654313567d7517adb32487846425165edd911e1236b697
2224,0.10394418501598185,2026-09-11 07:10:50.607802+01:00,6fff20fb6204bc252dcef5ed73fc65152f601d40351eab3a51a9db8a4156bde9
2225,0.11452078691768414,2026-09-11 07:10:50.607802+01:00,875358b12114a8a18049412f0a33bca220d7354e95a71b34d07b063a691ba445
2226,0.07290626536235338,2026-09-11 07:10:50.607802+01:00,a14f0c0d8248db9f5970d1de7bd14f0f879fe189bfb8b5b69ebedfe2adc07486
2227,0.0458873295010529,2026-09-11 07:10:50.607802+01:00,d584f3b677d7bee4166b08b4f5135e0708f8ba4654966d7e1d03982505fe1d3a
2228,0.03444666042256002,2026-09-11 07:10:50.607802+01:00,02af9f57046d479f68227d3ba77e86ac8c0896c497568b75d121e8053feb0582
2229,0.04671379666759717,2026-09-11 07:10:50.607802+01:00,30000e2a61d4c34500f159cc2411115233cbe1d8cbbe2462a903890477a5f270
2230,0.057894962548244444,2026-09-11 07:10:50.607802+01:00,af517a182cd64228adf4b8af64299b8391df0f67ee213c33aa64eb53304885bd
2231,0.1811186304811924,2026-09-11 07:10:50.607802+01:00,5a48a1a6d985a3ccfbd11fa353038610abe46bf58504e18b782b6c7352c0d627
2232,0.07341659681039144,2026-09-11 07:10:50.607802+01:00,dcdb47f5e244481e563c6f2a0ffe4fed203cb6b282276989146bf964d9224029
2233,0.05551072633590563,2026-09-11 07:10:50.620722+01:00,d24ba01add1ca839acc1c8ea98a2efd417a12329700622b7f343a596a0049a0a
2234,0.033709632807125696,2026-09-11 07:10:50.620722+01:00,ac9b976b3257bed95b65a38d2a18679d94d5f1b9f18f98b1537e0325307b33e9
2235,0.17805977336708975,2026-09-11 07:10:50.620722+01:00,8e92c5c3e7e8726e78954ad62f45a10d4ecd7beb64d022070654e9770ea0644e
2236,0.09369795542886375,2026-09-11 07:10:50.620722+01:00,db5e8afc17c0ccd7a229af0d5ea6f76b89fb42d1a24f71960bf462d55bb0c976
2237,0.15698559743013354,2026-09-11 07:10:50.620722+01:00,2cfd6fabf6201445abad8ad696f37fcacdac1acf645f453386bcd8952971007d
2238,0.07951077091634104,2026-09-11 07:10:50.620722+01:00,e570038bb383681540f76f88dcb6ddb76d0cb5efbb6170eb108a3a514abd7f92
2239,0.04324600463742326,2026-09-11 07:10:50.620722+01:00,f0e1dff6c57359b682079d257a8baf24a15f13f6471f38858385c3c6760ba3f2
2240,0.014477046830714348,2026-09-11 07:10:50.620722+01:00,78482de318ebcec5e224d35189d17a2967c27851c4c326afb94b1e809aa7ed1c
2241,0.06275231897486784,2026-09-11 07:10:50.620722+01:00,80503be52949e9d8ecc70e9f01d4685298161925f35c4028395fdd8b60a595d7
2242,0.049618791926727225,2026-09-11 07:10:50.620722+01:00,e681aac3c8d03032bb071177388e2f02a951f43cb2565cc9f0aead3128a38906
2243,0.12981180670721693,2026-09-11 07:10:50.620722+01:00,0d957b0673da4b015685d413d163d4bce7dbcb8e02231aa4c937a3ffbc9eaba9
2244,0.10261957463759099,2026-09-11 07:10:50.620722+01:00,96473d4947c40d815bd15e84ef19efa5538127e3c0be95f770f2aee6884afbd3
2245,0.04077907653852707,2026-09-11 07:10:50.623144+01:00,19a6824be4348c0b0abb0181aa0cdbb9a972afcbe2b7172bbb37245cbbeeb1b2
2246,0.0979787549453715,2026-09-11 07:10:50.623144+01:00,b1cc73c8576b83180771167bcb8ddfb57411b3d6497ed5d8bbb690e71c76ec83
2247,0.13684691756834208,2026-09-11 07:10:50.623144+01:00,abd9a5c073e726fbb82f57dd1f0cc2677abbadb668675cf381bb091aa2b7f49a
2248,0.12440437673894755,2026-09-11 07:10:50.623144+01:00,7f35faf14f34e84d6568ca3728ee4ba6b538ee0374f938a6fe999e667d96fe02
2249,0.11721966582695367,2026-09-11 07:10:50.623144+01:00,c8a562e863443fd8992cb7dd09a7bc537218b926973dcd36beb2014b5a6f3bb0
2250,0.043514121828914024,2026-09-11 07:10:50.623144+01:00,846bd5c020ce996f7639bb83fbb0ce37af90d88434a526fc03dbe601165adc4a
2251,0.107784566339647,2026-09-11 07:10:50.623144+01:00,9f9b4830feec9955b245119dc1f35f98d6b906502666548a3dece764ca31efb1
2252,0.10259737898645113,2026-09-11 07:10:50.623144+01:00,4f75c12ce771e617075755e994c9d6440beeae4dbe416b429bb753bf0b607e90
2253,0.08462682024441658,2026-09-11 07:10:50.623144+01:00,6d95f2385be49c1aad8282580faa91647602271f64f80c4b346285671fe0cc36
2254,0.06527716399529192,2026-09-11 07:10:50.623144+01:00,cce674b27f34f314567ea322ce984354fca7abe7838887eeed86e816fe6036dd
2255,0.07897115698713737,2026-09-11 07:10:50.623144+01:00,e0b68c4cfd701f51e09dc3378790b89f3975c3d90da8698cc8968f584814cd59
2256,0.039936921811859684,2026-09-11 07:10:50.634625+01:00,9a886b6ca11117cacd099124af60d163bbdbc1fe04375f63f5c3191123eef42a
2257,0.07959775855015624,2026-09-11 07:10:50.634625+01:00,5c510cec4699919c6ddb8f86a710e5ec6c36a24775f5067eef3a22b70b43dffc
2258,0.13280133553528364,2026-09-11 07:10:50.634625+01:00,5e4047915d3cb02613fd94af51a929313d11119c684c7b4043977687d6832376
2259,0.09923129678712661,2026-09-11 07:10:50.634625+01:00,22b015ec305d5210cefaf7a9560de810736777b2e2bfac746085eab7203e0b55
2260,0.1562606585456941,2026-09-11 07:10:50.634625+01:00,4b9ee9425685999d244425b563b8aeb68d6bcffe30840754196da2bfb1581da8
2261,0.04714437728013334,2026-09-11 07:10:50.634625+01:00,ea2622874bb739f0b0e784a5947680b93c460aa0a170e12642c83af6d82ebdd5
2262,0.08872440825407207,2026-09-11 07:10:50.634625+01:00,d48013728aa6357a01fa88deb01673bd989e908d3d175ad769b3cc8130dfd072
2263,0.13059107257866645,2026-09-11 07:10:50.634625+01:00,a2a708f5cd24f0dd1f048585dc53c0d11f15b207885e91cb6df841ad191b0782
2264,0.10635791296992224,2026-09-11 07:10:50.634625+01:00,dd57a2764649dd9f5aa81fe974c3cb202ec5a6bcbe7abb2374d335c00532d26d
2265,0.03620869422615933,2026-09-11 07:10:50.634625+01:00,77b96c066719e8a7bbd417f27a126ca5426394c28b77e77bd00a17496f6ea3d3
2266,0.0831455634609262,2026-09-11 07:10:50.634625+01:00,9add3dd2ed9ab8094777bfcbeabbfd15deafa33a66ae6a551701adc984da6bbf
2267,0.07748263900520326,2026-09-11 07:10:50.636715+01:00,2f5950d3c091c288a8d38cd89f32753b18590de90d9c5e2b896dfa77614c8da2
2268,0.07202451131379775,2026-09-11 07:10:50.636715+01:00,5a499a8ec6dbc74156d71357243a8f98518c96363bc8d0da7641bb90deb688be
2269,0.1008214325264387,2026-09-11 07:10:50.636715+01:00,5ed3a068c8bd25726c0afa9594faf04973f482968020a74290e97a1cc0eb9ca3
2270,0.0724740488928871,2026-09-11 07:10:50.636715+01:00,cdaa4fc0eefe5e09e5f81ed860c8cb4845c81a989d0f162dce307f77e363a719
2271,0.167102108827458,2026-09-11 07:10:50.636715+01:00,b8031ce964c7508fdc1eb3c32edc8ae1de0e38c41bcbb6851d37c0d3205a8461
2272,0.0777920227855484,2026-09-11 07:10:50.636715+01:00,0085c738d6cb2a05804ba2f6ecf0588ca0fc41dcae82cea96c16d83127e7033a
2273,0.10626693605067102,2026-09-11 07:10:50.636715+01:00,7153949d2544817655c6a2cf8c23497f6df0abea8bcc9e707d5a24c3c0070089
2274,0.04890327902778697,2026-09-11 07:10:50.636715+01:00,3752bb866164b225585f5a0c7a9500c50b222c003349137b5aedfcfce2f5079e
2275,0.21317411900283048,2026-09-11 07:10:50.636715+01:00,2cbc780e2e1a77ebd60bc4da558f35d0e21c38ffa3d400d74cbe1e61d40bda28
2276,0.06395890256737818,2026-09-11 07:10:50.636715+01:00,7c224dd25e538196f31b1f7f2362a8652f9b51b688b3afeb43c429f52b8462ef
2277,0.09268274502328315,2026-09-11 07:10:50.647942+01:00,68bc8021e5720699dae7a7bc8a61c5a15d753cf067225a9d389f6f347c9c72bb
2278,0.0817389903497973,2026-09-11 07:10:50.647942+01:00,18e4457d8ecfd88b9a62e03de9f2a3c3c30401de9a67ce1482cf2fac0174b0ea
2279,0.09266185236866499,2026-09-11 07:10:50.647942+01:00,80517f7045707f771c7313c2af7ec9123a511efb4834c7a5e10b1ea7ea385ac8
2280,0.08645256050657793,2026-09-11 07:10:50.647942+01:00,4adc668ec8b043daf84242a75888045c67c7eb47805e51b3540efa78eab9ce58
2281,0.1749708588436792,2026-09-11 07:10:50.647942+01:00,c648c68366a6770ed00c765b35a6fa294bee63f2269fd410b3c9766747509ace
2282,0.06585635814592486,2026-09-11 07:10:50.647942+01:00,e4025166d3c5d5247fbc9b910f30672dc6d0b548572ce7cc5f7b6fb961cd14e9
2283,0.16441058398036426,2026-09-11 07:10:50.647942+01:00,8f1709b6515bc742e32da2f79ec722d5b0df9780badd65b73674900c03c3622e
2284,0.053902022601412886,2026-09-11 07:10:50.647942+01:00,07b0ee6f44ecf76a58957abc3efc9b91a2a368e22f9ba19531fbb0a0eb11be4c
2285,0.11270885519520328,2026-09-11 07:10:50.647942+01:00,820d7b46c437556d39e2a1653b54e581e97e7c8f77bb97d85ea46340cf49d78e
2286,0.07461517298509213,2026-09-11 07:10:50.647942+01:00,a0d150a960918267fa027596acc4091d7e81940ea1cd955583f91dca00324241
2287,0.13448448406585967,2026-09-11 07:10:50.650232+01:00,c4a1b2927b20781d947ce8f629a91644eb64b1bf226561ffdca68a43eed0d6c6
2288,0.08847154085491851,2026-09-11 07:10:50.650232+01:00,8f25928faee7ee53d3ea9faec5d8a4fa73494c64dd6d844b58049863851c2389
2289,0.09053075128816628,2026-09-11 07:10:50.650232+01:00,3e2bd15562c64d7f38716035e3abc76572a9aada29515c5065e7ba7c82dac5ec
2290,0.11836034630675417,2026-09-11 07:10:50.650232+01:00,d77913e31f102cae039086c2ef7868e0f3e931e391c2f96720f9dc53ce49e294
2291,0.07670707417328733,2026-09-11 07:10:50.650232+01:00,b19da99f470e6bd42ed606aad19ccf6b03d8be4295b7e3090de53865633396fe
2292,0.06912532602630812,2026-09-11 07:10:50.650232+01:00,1c09c2dd1458956542648b2f18ea269aa8f56be9a6e471ec99afe7938697c987
2293,0.13035885075267264,2026-09-11 07:10:50.650232+01:00,a867e4e6e761001c7c7131154afc10bce696985c485d5e17402f15ecc024c85d
2294,0.20917004828770713,2026-09-11 07:10:50.650232+01:00,0e0369a1166c2557e5b2ba9606b94a95ff3f5ca53e85694ff0e32dc1b8024cc1
2295,0.08279157824432617,2026-09-11 07:10:50.650232+01:00,44b511a8f61ee0aeaf3cceca17f9d30b39e3d9c9eef49f7c388d0e6aebed3b84
2296,0.15314246325031639,2026-09-11 07:10:50.661589+01:00,a3410f80ad76c1251cd484e1e1daba2539da5af8742c70061ed425999dcda532
2297,0.10928845014689999,2026-09-11 07:10:50.661589+01:00,4ade432a8db5c6b64e1a7f2f0948774e9807626144b666c7e38f2eaf7eaf4159
2298,0.021110591187025362,2026-09-11 07:10:50.661589+01:00,d7d809d3b3ff9b7ac51dce0c8ba389e2288b31ce04f779417722c5d2c1375a83
2299,0.13622530391664245,2026-09-11 07:10:50.661589+01:00,1d3d9fad7ac942e629c40a5d5e0ea84b23870ecf84dd5429490c57147dfadf26
2300,0.09321672595234291,2026-09-11 07:10:50.661589+01:00,2b3787347d3a9bc2459c04bb79ee386cacc2089e3891d2ba88e8d19230205a4f
2301,0.08308062443810582,2026-09-11 07:10:50.661589+01:00,864142c564abce2df24c490809443e7a25f0ce9df72b77b10d3d46a0ff7e1271
2302,0.15557691729414785,2026-09-11 07:10:50.661589+01:00,91388d328d9585dd10461fbb7cd9152daa891d6ff62ebeb499314c07479c2012
2303,0.12725740239917296,2026-09-11 07:10:50.661589+01:00,017e34f2199ba6c895b9aacb6fa98e6b9980f6539021955e0fb91d2d62e220a2
2304,0.12110152141534634,2026-09-11 07:10:50.661589+01:00,801efbd5dc6e1c447365ebe155e8a98f63786506ad057d6f5157c197b597bc41
2305,0.03150894072354761,2026-09-11 07:10:50.663771+01:00,d3e69f2b82e8958be4d7d83e5494ea2ff50966e09f534c71e1067c8c7dd397f9
2306,0.03690368441984832,2026-09-11 07:10:50.663771+01:00,11a1d3441b2373a0a10b51bbedab5ce6bf03eb88dd31b2dec09e02898803987a
2307,0.051735406980447235,2026-09-11 07:10:50.663771+01:00,46a54e5c8819ba244d434a29897d89502e532265bc58425d1f66f4372f2c866e
2308,0.06919645905954049,2026-09-11 07:10:50.663771+01:00,d5b9ba0254908863b93b0be209f7465a882300d43aab133c9ee688a8de2ee2e9
2309,0.09567139238216671,2026-09-11 07:10:50.663771+01:00,7a077691bd5aadc6f003f15836ab834b5f2ab727ff9acde1ff2a9f2d84326aed
2310,0.10847897161275086,2026-09-11 07:10:50.663771+01:00,6efcff5316bdf83b0e570ac92ffa558376aca60434075221eea844ead2b6318b
2311,0.043611143869311704,2026-09-11 07:10:50.663771+01:00,02a05343e604a92c81840a0f5fba80af38ff2fad18aad4eb0b22c8eada331e8c
2312,0.0220539267431318,2026-09-11 07:10:50.663771+01:00,6c09cc40c345a88fa3e1cafc86dbee7500e7308b0fd2c69f21494db05623d6e1
2313,0.10599481950716345,2026-09-11 07:10:50.663771+01:00,1222d743daa2c3fc064693b8bd7a2efa678792886cebd784f2c588555afb776d
2314,0.034692779375361436,2026-09-11 07:10:50.663771+01:00,eab4299c8a40450ba689d7b79d869c09d18a557bbd7bd7f51b715f467b73539c
2315,0.1023978739357551,2026-09-11 07:10:50.663771+01:00,23d3e8de0758342d1dadbfda5f97663fa7f2021605b08c84ae1165b19cc61d38
2316,0.023882367204100606,2026-09-11 07:10:50.663771+01:00,07a143016e05dc039fb1282d314752b3aafee2fd94f0cee6eddc2ec87fca04e9
2317,0.025283934583455594,2026-09-11 07:10:50.663771+01:00,b520b637d8a72582879747ae45f736cdf133b9d5d861406eb4881f0004a4deff
2318,0.0840540635655793,2026-09-11 07:10:50.663771+01:00,6dceed04813e94861a5bbbedd0fe8c634c6b2847998e918542ca626e3ead8bf1
2319,0.045333923353546204,2026-09-11 07:10:50.663771+01:00,14b9a01613f9f790d0d70a3a05d492a745c05881c303f94dc2be221f4529d590
2320,0.08146877302274132,2026-09-11 07:10:50.663771+01:00,303c3e9ca62065713696a5ce9510a897e0e53712f66f4c2c2fb2df29dc35661c
2321,0.03773153966155222,2026-09-11 07:10:50.663771+01:00,c7075a28d416e45101e313860495d2c8a49cba432a88ba1aa93b178d1afbf442
2322,0.027959247093384126,2026-09-11 07:10:50.679370+01:00,9e36035a2fb6e227805c41ea86a61d67f1c454736c2cd962f7e64c8ef0715375
2323,0.03293353347765824,2026-09-11 07:10:50.679370+01:00,317de34a224b3c7ef3cfe6b627660f7411b8225fd035fe8bc46b5e9a35043c78
2324,0.04521008093434887,2026-09-11 07:10:50.679370+01:00,5442750306d8abefae927753c6af4d7f193077c4dba6442a486986e032579ffa
2325,0.058012696503530074,2026-09-11 07:10:50.679370+01:00,0f18fc4e30c55900983d4f1ee868d5beed7781d08b9d6dc356218c5d350535fb
2326,0.09554657818901752,2026-09-11 07:10:50.679370+01:00,06ec53ccc46c1a6d953d1edb2c988a2e8226304d91125b3cf97975d74e8ed60a
2327,0.06829061220270174,2026-09-11 07:10:50.679370+01:00,95c06f7833e48f5042a7606690f28ae5ed86f418e550e6d8f96f3fee1716c469
2328,0.0960073590122102,2026-09-11 07:10:50.679370+01:00,b8a9d7e399c0d98153cc917ac1d571c5db17f2cdb6bd6baecad9726afa8a7439
2329,0.017709341594997367,2026-09-11 07:10:50.679370+01:00,dbddfb35b4997123d55fe822259d16db0ca25b4f8fb6a7436116b4546c2467d4
2330,0.12226479589788954,2026-09-11 07:10:50.679370+01:00,f966c2f45495797e8605d6399b5f0b8379293b7e7ad0881e098bed532a523184
2331,0.03347830715270033,2026-09-11 07:10:50.679370+01:00,3b4fbf3ec65e6b35e797a0f32c062cb6581324262feca131eaa7a333f281bd7f
2332,0.09248673217171241,2026-09-11 07:10:50.679370+01:00,24e64b01db973530027f229a2807f37bd06f329e7be5e5933e84f57842491d69
2333,0.015286210629189357,2026-09-11 07:10:50.679370+01:00,72bad07e042e3fd9c163bafbebc4d08a0869db2b10fa7b830ae3e9e13ede7805
2334,0.013904439257045247,2026-09-11 07:10:50.679370+01:00,212e5d008d3fd5494eeae84ee6ecd62b8e429b18218828eaa651c9c5d4e4606f
2335,0.10667929380768891,2026-09-11 07:10:50.679370+01:00,d5f64c9f03986b675f56633be08aa8af868fa8117f259764134c5e1a360448fe
2336,0.04308905008355652,2026-09-11 07:10:50.679370+01:00,970d24edafc6aa85283c2a747182d76d3f7bf77725d721b9c9e94af2e9b3a434
2337,0.04908840264928679,2026-09-11 07:10:50.679370+01:00,c460c1f8da01db0e7de63114428aa32ef06b299c52fd5ca805d265c471b8634e
2338,0.08205331934308295,2026-09-11 07:10:50.679370+01:00,6f2629ef04dca6e77c9d54c01f0df47cec9eb087bb53e0b862a3a12364396b00
2339,0.09759207325510735,2026-09-11 07:10:50.682648+01:00,fed590d82ab1a99a7a9cc1245291f6394d0acdac708297767ce491684bcd9cf1
2340,0.1690909703017655,2026-09-11 07:10:50.682648+01:00,8dacd8643149e6a353acc3f2042e6dfeb3af5ca9ca8f92139a6c24d4433a6196
2341,0.18647594437951134,2026-09-11 07:10:50.682648+01:00,25991b94ceab0b8653608639b05c262b3c07cc12aff345b500d695bbcebf16ae
2342,0.12554545015657623,2026-09-11 07:10:50.682648+01:00,82f6fcbf01e3df8adc1ded62c809b0b7e7b09466f1133146a01f0d1eb9eed1a1
2343,0.044592415074966946,2026-09-11 07:10:50.682648+01:00,ca19580ee1fff47c6b41048c489b6ec681c011f5e1097e30acf1a18a67f55b6a
2344,0.14905187067976786,2026-09-11 07:10:50.682648+01:00,3f2f920da32b8f160288eb1416bb96d63ef8c48700a9bff4cecc2416e6ab1467
2345,0.15711820540397103,2026-09-11 07:10:50.682648+01:00,493c992ed8b6be3d28b77aad7b7e217e53c1d1e42152a3c152f9fc1f17bf3079
2346,0.07053307074833376,2026-09-11 07:10:50.682648+01:00,b1902303b6c649a63f417a0a9b91b55116e8138d466d7dddb0e70a2cf9ea8ee3
2347,0.1095847000363048,2026-09-11 07:10:50.693434+01:00,fc5d1052431205fe8f04ac87c9a7aca8609ad2f43e8c026742d6ba64f69c0e57
2348,0.18180427615713965,2026-09-11 07:10:50.693434+01:00,c049b26461d3f81835c7d973c9d549bef453ebfc8859d16f85434e325a8c3fbc
2349,0.1551150558299857,2026-09-11 07:10:50.693434+01:00,d1c0a138d3eaae6e32664931ed96e3c767431001f4c096f7117394a2b344fc1b
2350,0.1308817283360701,2026-09-11 07:10:50.693434+01:00,6a048220bf6785ed46ea48b1e5c41d8cbeba5c65516b4e74531b570828364d81
2351,0.050976067790459205,2026-09-11 07:10:50.693434+01:00,84cc68f35ed354350b6a279244eccbba04f92246c8c48ffa5e45569c247d554f
2352,0.12947892065797237,2026-09-11 07:10:50.693434+01:00,dc97732618834233a02e8a16c75bc3aa51079f813cc1437fca5841f747b2290f
2353,0.15517126506562967,2026-09-11 07:10:50.693434+01:00,d886697f1d4498393eddbb63f1d2ca6c06c6c9cdd0aaa9d6ab6aa40ea887bfba
2354,0.08698798612643849,2026-09-11 07:10:50.693434+01:00,9774ca875ce014ca3c00eb7845f07301933a3608bfd44d9dadf7dd8a85324de8
2355,0.061007912716004385,2026-09-11 07:10:50.695145+01:00,05774e154291579eee40dd4ba8a2d08de75f28a77529d670a9ea411a2e71ccaf
2356,0.1653505009776776,2026-09-11 07:10:50.695145+01:00,2fedcc67b694f4a55fada2cd86b124b7a22174aed003b351df6ea0c6e98046d6
2357,0.06463410927765255,2026-09-11 07:10:50.695145+01:00,38ee98a9428d847efa14278c01cf51db6cad8fe03912b248969271ef1438057d
2358,0.060179832901625194,2026-09-11 07:10:50.695145+01:00,6f6a700c5ce16a5807e6e8e28557ea9028b6da2cec69b968fd1fabdb164c8e50
2359,0.09581159539741442,2026-09-11 07:10:50.695145+01:00,26293177314b44261678fcad62b0ade7668d022fcf225ea874d4d2bcc5e22bea
2360,0.0920398792697323,2026-09-11 07:10:50.695145+01:00,39cea6620f7d3bfdd74d675ae1a73efd87fd57dc56090401daba19158274ba3a
2361,0.11590524785523126,2026-09-11 07:10:50.695145+01:00,9b683d001ca82b84c9d2839310bcd63a9488246282db289e42299850d550ade6
2362,0.06123082492703678,2026-09-11 07:10:50.695145+01:00,8e817dccc9ffe770a2eb1ec7fd2d56ef747a6416a4081bf6721f24ae046803ef
2363,0.18307816313158773,2026-09-11 07:10:50.695145+01:00,f34d8ee3f9645f1046c7cf7b694f7fae48ca522771c6f6abd67046b37bde50e2
2364,0.10076193354603794,2026-09-11 07:10:50.695145+01:00,faad1686a8d72edafbe7386f9bf91f962ebebe9d6d058c6d3bfc9333f8923728
2365,0.1411328590250089,2026-09-11 07:10:50.706562+01:00,6c7e704283b0e53876713d17a7cde2126cc2c4fa7bcb1aa3b4d8f6ba8fe2eae1
2366,0.10608780292580612,2026-09-11 07:10:50.706562+01:00,2906c76592b7be9b1b38b6ba48e6aac472a867d87d55e7ef5cb5131a0cf42812
2367,0.05636660117892078,2026-09-11 07:10:50.706562+01:00,9984415b0c1723a9957f58382f978b741d2700f495e35905445589eb8bc38783
2368,0.05291596293915942,2026-09-11 07:10:50.706562+01:00,d127570b8a947984955204f7cb79ddb1946dad753ecab0037b67a6e74b107634
2369,0.054191785643784476,2026-09-11 07:10:50.706562+01:00,6e1c5371ef7e9f310b99cb9c753b04e55989e98047ef6c0185de0ce8b7e248da
2370,0.09570848507428084,2026-09-11 07:10:50.706562+01:00,1c243cdbfd3bdbb8cf15c939166bc9e7ab4fe2fa5b0f4bd0a09f524727167e7b
2371,0.1874410042881191,2026-09-11 07:10:50.706562+01:00,ad465e56d8fbe0f157271099046add613cc32463d572124ec661d95f0bc9ff75
2372,0.07651910560259072,2026-09-11 07:10:50.706562+01:00,e329f6a6dc1400b7988d7c607e66a6ccfcf3ea13a4005f03bdc97f2d6bf529aa
2373,0.15679642091462997,2026-09-11 07:10:50.706562+01:00,f0cdd5db672c19709a7c5cd02f13a6c9d0b9fa292c7373390f18a236cc268d9e
2374,0.07283997240769964,2026-09-11 07:10:50.706562+01:00,31e97e1946639ecba0c9049abb2abcf8711fead3e69368d550efc5044ff51974
2375,0.08393834741889251,2026-09-11 07:10:50.708767+01:00,ab8c1cb58fd688a536505c83f720f0de09a56740bc6376e29dfcebf32b7c505a
2376,0.03652469361770656,2026-09-11 07:10:50.708767+01:00,0555879bed8f09a39e31ef0cb73449615b9725ccf64f7a57c828601b64147e0d
2377,0.028609022507005952,2026-09-11 07:10:50.708767+01:00,6fe6da7bfb89c01b4bb583a2bcb4351a19fe5003a25f16a5a7a98cd3a4efa86d
2378,0.11915975237453123,2026-09-11 07:10:50.708767+01:00,120ef72eff3ba140b0f23e264fb123133a8bc1de172c0443d5b1990d1ae8a6e8
2379,0.19528190866378212,2026-09-11 07:10:50.708767+01:00,17de936a49e6ca5d854a2a9eb1604171534f1130c9cf19d004cff9d0310746c8
2380,0.11398231583955841,2026-09-11 07:10:50.708767+01:00,28f664df580bf2733396bf684f4c2248b8c367754fc64304b13aa0c21c0aa373
2381,0.15155277942366122,2026-09-11 07:10:50.708767+01:00,433b9570b4098f4245bb3b634397b0c624213708c2a5bfc81abdb31460fccc7e
2382,0.08756558505333945,2026-09-11 07:10:50.708767+01:00,934264c79d312a97cc16595184e737c843ac1f208c29a5c32d77a2400b2b0e39
2383,0.0888192000512425,2026-09-11 07:10:50.708767+01:00,12711eeb3f9080cb8b299da2d41888b76f822b995d3443cbd7cf7a53a94668c9
2384,0.09456639505028006,2026-09-11 07:10:50.708767+01:00,a662e2ec9bc533718487f6d1104bffa7cbe1a00a3a4a233bca5a746a168e27aa
2385,0.13860261766215176,2026-09-11 07:10:50.719178+01:00,1e56ad7138ca92caa7db00bd7107d112972e5a0e65aaff7db5a4d42f7e8145d9
2386,0.06101133485599605,2026-09-11 07:10:50.719178+01:00,a4502d422868cf3a52831dd56a41479ccf4889dc1282ebaee6c0218ac519bde5
2387,0.018463311444931584,2026-09-11 07:10:50.719178+01:00,cb925e281aaca7ad76a39cca348f9a187e3dc9c3df6bda3c6637727dcab58b7e
2388,0.1783182999956479,2026-09-11 07:10:50.719178+01:00,6d75f2db6019b4ec33c5106925dff6446e1586e821d99c3b73c35d3c97c0dc4b
2389,0.14345479964958788,2026-09-11 07:10:50.719178+01:00,441fa68943e14c5a54ca4e3d96224c42a6061b1a8ed08b63258bf80ff05fea75
2390,0.05846342312304641,2026-09-11 07:10:50.719178+01:00,d51d0b444a735a50963ff4af8d90628e17d674ba014537b882eb3a97b2deabfa
2391,0.16029752622870322,2026-09-11 07:10:50.719178+01:00,7a55bdc5b23181fa882c9c6a43bac9ea2fd65eec3b8c71de78ee8c4aac0b3966
2392,0.07967138671209445,2026-09-11 07:10:50.719178+01:00,2495a3206b386abfcd9e0e5067931d91837b2a348bd6fca2a6d8738791be975a
2393,0.08919784167678081,2026-09-11 07:10:50.719178+01:00,db3f7951d8a974c293c53739f72cdff9cdc32efc5c805bdafc0cc53f70d64cb8
2394,0.07251945865105992,2026-09-11 07:10:50.719178+01:00,ac3211e9af94316e6a452f6092e59202e7d98b2e27424ed64ca824cafba00648
2395,0.1058490764798388,2026-09-11 07:10:50.721328+01:00,a862e24f4614e86e0d63b24156fe319d9bb70ebb3a7802cd7e3fd122c7e04a98
2396,0.10580835882051302,2026-09-11 07:10:50.721328+01:00,89a3550ceed7b6c024cf05298bec3e7f50fcdc1662e79f1a420b344a4fc6fbb3
2397,0.10115080449710107,2026-09-11 07:10:50.721328+01:00,c5753a95a32d69e1353df158470553e534128c29f1502c88d917f11538e52a16
2398,0.10910943055463886,2026-09-11 07:10:50.721328+01:00,c0d02077e1a0ddedeb8e01387edb465ab2775aa7123ea907f10b71ab7d73fce9
2399,0.109603970860105,2026-09-11 07:10:50.721328+01:00,d2326dcf432c0f0cb6bd8fa3fc58446392c443611120330f2858aec399704107
2400,0.10855053953559905,2026-09-11 07:10:50.721328+01:00,868c1cc09a9e5b424b96ab317471752cc74265c0be655b96a8ccd7e3e71aacbe
2401,0.10690342540075375,2026-09-11 07:10:50.721328+01:00,820f104aac6871ecf9f5ae7d7756c32c009dbc467ed7aff3d915e2e67414a0ef
2402,0.06329666947308435,2026-09-11 07:10:50.721328+01:00,247f555d9565d7cfce2d936974bbc3e8f47093d0d6e0170578f58faac0946d23
2403,0.1897277243783659,2026-09-11 07:10:50.721328+01:00,4747bf402c9322ffab9cdb092221589cb47998a4c718554bd656ee31acef2be6
2404,0.09056414095021956,2026-09-11 07:10:50.732262+01:00,98a937dfde003d556a3dc368c55e2dd7b603f5d7e785d20f55676ffadb90177b
2405,0.04165511461507437,2026-09-11 07:10:50.732262+01:00,b162059def7c2c4e8a4ea2f2fd0476b2f78d744a57d9a4ae106e185d6ab26c41
2406,0.0824015556809141,2026-09-11 07:10:50.732262+01:00,8c590e571ea7cc746f3e783485cc2f516b53c1ea710b80cad87e8cec684df87d
2407,0.07798120268504001,2026-09-11 07:10:50.732262+01:00,828df5f6c20db2588179a04ef4b7f6b97116a8ff863e4b4aa7de6b382dde7cd9
2408,0.10538776352216025,2026-09-11 07:10:50.732262+01:00,9ef7c4c2d3537035fcf83c65561f62973d0570a3ee993e9a9736d32b9bd1c285
2409,0.10590152950742436,2026-09-11 07:10:50.732262+01:00,5d9b2132ff9528c4e7d5e30b2060d63dbcd7fd6168b50f38be82f0f9a344044c
2410,0.0805253056560566,2026-09-11 07:10:50.732262+01:00,5533c48819a45c1fa0123c9589713ce2db0bf76522d8be5ba5337ef4b9ff543c
2411,0.03855618824861562,2026-09-11 07:10:50.732262+01:00,bc440bdea7ef00c97ff115457865343a7ccf08460aba957c36e8ce73463999c2
2412,0.37702719913449523,2026-09-11 07:10:50.732262+01:00,a9e0944b6106f38acc4701639f137969edc317e65442f01e070f9b12ebe84be9
2413,0.04022945109207395,2026-09-11 07:10:50.734368+01:00,7dbfd565a640e4580f65e45d236de73401931d5d019d36fe66183722a8497b03
2414,0.08351203321092515,2026-09-11 07:10:50.734368+01:00,6cf0fd4b22567baf57697bcf29f165550ec9e283feaae1510e0b65c7fab969c5
2415,0.05491912638730111,2026-09-11 07:10:50.734368+01:00,6242c0f894f04bef07c49abefcf868b8b02f2c3167a468f8b81fc23d3afd2f95
2416,0.16143326540385103,2026-09-11 07:10:50.734368+01:00,08edc0e999b7744fcd139595e7c6b73fd0a2c862b79315affa33f0d1dc0bc8b8
2417,0.08024092545888353,2026-09-11 07:10:50.734368+01:00,dbe14ada6a2d76bf2b449abc03aa0e1df2a68d6d7741382cf698c37e2ff84fe6
2418,0.06681223947460503,2026-09-11 07:10:50.734368+01:00,683eae53ac0624122ccee3ed6873e97fb6033533cfaab420a4f0be8548f32806
2419,0.10478106022245505,2026-09-11 07:10:50.734368+01:00,3a0a19135dc063ac38f8ccf3dee7a3b8a478a819bebb789d830a2d4f3f89a2fa
2420,0.05608399488327144,2026-09-11 07:10:50.734368+01:00,ba0057ed60140cd9bf679f8369384170dd2d541e2297313d62a53f8ca0829f6e
2421,0.035535953092271776,2026-09-11 07:10:50.734368+01:00,4ae99eb86ca926065f28cb39c20e09b89a637b31e49dceffd815f0dd87ad44de
2422,0.06531670580390059,2026-09-11 07:10:50.734368+01:00,868015b848bb9335085534cd0c7a41d5094de28dc7775e6e1fad4c19a1378689
2423,0.0807170452302478,2026-09-11 07:10:50.734368+01:00,1865e62fdd177cc275ba88f79993647ee48d8563baa81f997b838545d0cffb75
2424,0.05099049750353059,2026-09-11 07:10:50.734368+01:00,12df293189ab92a4f5c33e1683d86828eca906657a7e279861ba269cece32091
2425,0.11942770223668298,2026-09-11 07:10:50.734368+01:00,425c7da098439939356d26752ec619475ddb65f71adf4281453a479f3a598a6e
2426,0.07511327956830724,2026-09-11 07:10:50.745401+01:00,bca65a1ba27e3e3b181caa9a15e086c7256e5d76a31f3ec0901078b986b09b8e
2427,0.08413714978224349,2026-09-11 07:10:50.745401+01:00,22193a6a35ed41532f0f5975876f1406acfd6ad39c57748bac6f1104d9adfa4e
2428,0.06559858828088154,2026-09-11 07:10:50.745401+01:00,5a909d4c1f0a1f0cc602403db9db391b09e42ea54f4eec8c7d230251a0d7e8ec
2429,0.1506242440752139,2026-09-11 07:10:50.745401+01:00,5137e23923b85c1fe4f11492a4d3d945ea7e232870532d0c1631485be6414ac5
2430,0.12993655933139128,2026-09-11 07:10:50.745401+01:00,bf1f6060e366b0c37c850fa3cf362ba2de03a736fd1e57ab344c487cc58f92ca
2431,0.06913648516952953,2026-09-11 07:10:50.745401+01:00,afaf05f1325a62d8b7186863c43eaeb581f822acf63b57a74158949ea8e89834
2432,0.08140163014628488,2026-09-11 07:10:50.745401+01:00,5f811b01c9b1ee626b207b56d81ce34c2ad9cb378e2199e9c25d5f9dc169f395
2433,0.053042010946202624,2026-09-11 07:10:50.745401+01:00,a3c40a524bb58d34818567eb4d8bac08de4137642cc68c1beef6f1ba97abbe16
2434,0.028061376695801703,2026-09-11 07:10:50.745401+01:00,359764bd7f3e9286ecd33ed430c30d498fbdd9ff6bd4c4be7b6a5fcf6d2006df
2435,0.09716585517859874,2026-09-11 07:10:50.745401+01:00,866c9023a61d88a07d52493ab3c5aa55bf79dccabb5a698ee13039e2ca53c382
2436,0.07648137110666024,2026-09-11 07:10:50.745401+01:00,887b4ca5f8718df06f076ddde9b66ed7b1fda235558d310c93109a2c71d3e43b
2437,0.0372263734938129,2026-09-11 07:10:50.745401+01:00,e83c5f0a8f23db1927acd012218e00d23b2cf1a0a031c6ca7ef069f2f612d63b
2438,0.05207507622507219,2026-09-11 07:10:50.745401+01:00,1f71e7e78db511a18ed16fd95fff3d7750c52dfec2e545c0bad0115e51cf3b83
2439,0.017574713201596953,2026-09-11 07:10:50.747806+01:00,ff421000e36fb98e5ac4a23ce2ee4789975cbd80779b4da198113b6172671c7d
2440,0.20108772247464474,2026-09-11 07:10:50.747806+01:00,7bfe49a5534e8fc9745766b5092483f5722ab345b63b30168ba16dee56e2eaa3
2441,0.08336603539055727,2026-09-11 07:10:50.747806+01:00,4379c5f2d8569738a9046e6a04e42fd80bd5e1a75e1eda17fbbb80836f174316
2442,0.04465053485553258,2026-09-11 07:10:50.747806+01:00,a21170abe93e26cdb5dd253d885a1ad0f016cd0a4ae4f06e9352e4cbc9aed8a7
2443,0.08719272831541028,2026-09-11 07:10:50.747806+01:00,5efda22382e6471023ada02bb9ebc4dcca7e3f894d5a0db047d94daf7d0dce06
2444,0.08010389985037776,2026-09-11 07:10:50.747806+01:00,d4a4ee993a39f9a793a0eee9f3271d3ae4bf97e106bb8ca524877746b34130f4
2445,0.06443565557367435,2026-09-11 07:10:50.747806+01:00,60f2246b1005be02469e86a84848291aa028b9efc3c0914a73a8b1be1969a14d
2446,0.053577797292599705,2026-09-11 07:10:50.747806+01:00,79faeb53aed494253d3446d66215fd2b823a6a91051738424c00e2156392c2c6
2447,0.06284026169677494,2026-09-11 07:10:50.747806+01:00,5b04d2562f41e40fb55fd294b8fd4c48000f4b5e8a523df0d0c14ee437f2e231
2448,0.08005493789394601,2026-09-11 07:10:50.747806+01:00,aa776c14620237a1b77af09b48008bd30d6fb252c6cf27fad5b69142078b0496
2449,0.036692205993676126,2026-09-11 07:10:50.747806+01:00,dc02fb85c45117d29aef232564c2be796bf6b43668c851e5a1f1dd83d403d0c5
2450,0.05811197632862276,2026-09-11 07:10:50.747806+01:00,cf2f74001f249bc76bcd8b77af6575ba3c0795236735d0c1179c3579cc3d4bc8
2451,0.054898302037656596,2026-09-11 07:10:50.747806+01:00,ea01d35df0e3a01bc6f10ab4ac21eaa41cc075982ff04a0741ef050dfbf02ac3
2452,0.07541322909492996,2026-09-11 07:10:50.747806+01:00,889291e2e906cc953609c322726d4edb1c188385f2295e3baba27de87997b46f
2453,0.033389553369871074,2026-09-11 07:10:50.759738+01:00,8d94d15f97f4edea3e6f172a539fa0f215c53802a1f01fbf02e02196067d89a4
2454,0.12804628731545215,2026-09-11 07:10:50.759738+01:00,d22beb5c8c5559be8d17a10c022d8bcea2864233eee3885ba7c1234427947222
2455,0.07089582196841379,2026-09-11 07:10:50.759738+01:00,c61728ca4ad780bb024e20e414e748d0ae98e5135e184aaa6d3595af11013e1c
2456,0.04262432793441569,2026-09-11 07:10:50.759738+01:00,16c49c8b6f5e0a8f8ef0be9b3570b8cadda46e9d595850a34c5f47df3d19cceb
2457,0.0771173957421764,2026-09-11 07:10:50.759738+01:00,4c78fadb60035749ecb6b3ffd49030785cc6e205beb7f29d5957ceacf3ba0a64
2458,0.04738500938153564,2026-09-11 07:10:50.759738+01:00,42aa135b76ba72648fa87d3ae6d7970775f9e822cc44bc6127a713cf9e774777
2459,0.06849739748676002,2026-09-11 07:10:50.759738+01:00,4b7ead3b73f830e479627691bc08d4bd84919a504976d2e5777260d9e349fe07
2460,0.07582490581384359,2026-09-11 07:10:50.759738+01:00,adaaeee450501d1c34c8e8fbb74637a3c17139eecd82bcbc63b15f01ab356948
2461,0.043329417136442956,2026-09-11 07:10:50.759738+01:00,a6db5d0782bb0e765a96b31ccf830fea4c8538382c5d984be41dde33d7cb3e69
2462,0.04332454882238306,2026-09-11 07:10:50.759738+01:00,70cd0a0cb00ea62dc5fa673becd5e5718a9c998865c0bed4715de70cfe10dafd
2463,0.030697615680780457,2026-09-11 07:10:50.759738+01:00,5be65d6524aabfe470472b6f8ca1a266b9e12e10088fc0f7337128d5ac701f17
2464,0.12213334569230458,2026-09-11 07:10:50.759738+01:00,297c6c5afe3f735945b629452fc1e3870b41e4cc6c5ccb290ba09917303b396a
2465,0.09521740405585413,2026-09-11 07:10:50.759738+01:00,ed47f4066634efa94cdda3493adfa207ad1d12439b2e03cd11444fe7ae04c2eb
2466,0.12151696959976645,2026-09-11 07:10:50.759738+01:00,c3948d1b03b973143d2502a2526af3d950e8e1cdaef45e7b12859525fb6b67f8
2467,0.12869308197363466,2026-09-11 07:10:50.762655+01:00,8436544a847c3c5e5646bcf717f457c96fc22c0b0f1423b7bf44e749309526b8
2468,0.1371396977728045,2026-09-11 07:10:50.762655+01:00,66ce46af2b8855e93d4c3985183d80cd78407787476578989ccc4e0215d8d2f4
2469,0.12463777291522926,2026-09-11 07:10:50.762655+01:00,797000199f1330c960f102314cd06f462e963f79778f469b91088554ba8dd661
2470,0.14823681478669834,2026-09-11 07:10:50.762655+01:00,451c3ab541e2cf542246be97beb98a7e0f315de7800664e7a0dcfb70bd10f902
2471,0.18847910965595455,2026-09-11 07:10:50.762655+01:00,c27ca64e140414f184df5a41353fb6b14a308918f3bed54233f75e8aa9544fbd
2472,0.0803852081383503,2026-09-11 07:10:50.762655+01:00,8af22168a57560519a5b59ec0d2edcfa1c8c9a796b26d16d9666e2ba28cab117
2473,0.06025723204757228,2026-09-11 07:10:50.762655+01:00,d04a1889de26e5aa65888bda33cbfe2d2fd31b646693e85f87c9bef6aeebb1f8
2474,0.03703558096764296,2026-09-11 07:10:50.762655+01:00,286005b23f9c3417ac9ea2b0a03c71244c27a9fc3c1971acfe7d50ca84e47fad
2475,0.09513550174211322,2026-09-11 07:10:50.762655+01:00,22a9f04cda083be51c4934579aeabfc3c4938363df58d469a31f0058a2fba75f
2476,0.15176571978114584,2026-09-11 07:10:50.773548+01:00,7ce293ea6c6560abdd9abbd9d53480a7a7bd75941157ad0f632e45ec074f0382
2477,0.13010350300948356,2026-09-11 07:10:50.773548+01:00,779a8e1d33e5ce40f2b6f3ff5d82de24285194fa72da7dca21e464817f6e3ff9
2478,0.17709186484587933,2026-09-11 07:10:50.773548+01:00,3257a9d89f9b57e68b07565b2d07b6bc809aca7fa7a7bc33eaa307d166c2df45
2479,0.13709034808810838,2026-09-11 07:10:50.773548+01:00,2527d37717b2a7c9631365672560686458e4ad0a78dbfcf5bddff7d2b3eb9ec2
2480,0.14750516670097924,2026-09-11 07:10:50.773548+01:00,ae94db30f8bcba0f325ecd29465ad069a1ada9a72b409c49d09f9e06f7f6c4d7
2481,0.05141097461817422,2026-09-11 07:10:50.773548+01:00,f9d67f254f8d27944eafb6859d625bb82a720c4e9187f0030089bd5235e583b8
2482,0.056613504382288925,2026-09-11 07:10:50.773548+01:00,379c986fc89584d1e25d1db0f96d3df7b36e6aec106cbc25f9bfee77d795d53d
2483,0.07540562793596758,2026-09-11 07:10:50.773548+01:00,7e1732f7b16728cdbe341c3e37c36fd661646ca21b8b04be85bde0bde3ffad28
2484,0.07301329063797302,2026-09-11 07:10:50.773548+01:00,038c6a81a7897c43722b0e7b8a94f2f354e44dea11345f757d83f6f016f2860e
2485,0.10753113156981735,2026-09-11 07:10:50.775598+01:00,7e509496e064e1b82a8380adc5d67dd4278c5cc21058cb902939d0b6a1229917
2486,0.05379734964599841,2026-09-11 07:10:50.775598+01:00,292b13d07245cfa7214489fe43522a94211e64c3bb86fd31590a3b698ebe7348
2487,0.04412179753424916,2026-09-11 07:10:50.775598+01:00,08cce708534588ff1ec76ea68213be2d0aedd7a62211afb5f3eb996f523e94f7
2488,0.08601438239448446,2026-09-11 07:10:50.775598+01:00,52a72123c1c48df54e4ae8cab25033cfdedfed2199d3643113b767a044a3945e
2489,0.15640666015871763,2026-09-11 07:10:50.775598+01:00,064c78aa4249aaad7c61195de5da70a606c0e7c315293b6e22d903b443e4c027
2490,0.15362543642475004,2026-09-11 07:10:50.775598+01:00,4f32d77333f15bf8e86d6330a4587fe7b913858eaabbfffd033266081ec56f1c
2491,0.1712011426690249,2026-09-11 07:10:50.775598+01:00,3d078ba3d2a492252e5b3d8a2f0d7752daa6369c1cc36f60a24c85f24705319b
2492,0.1463434039901559,2026-09-11 07:10:50.775598+01:00,79d0dd61b7923110d0dce2f351a7a6e291feb90c5811faaaab84964c3c2c19e9
2493,0.08095869561280218,2026-09-11 07:10:50.775598+01:00,3e595368bcc48b29ee767994b79062331ea94b45e6d3bd254158bfe2a99202ec
2494,0.09105016765253643,2026-09-11 07:10:50.786358+01:00,ef0fde459fd1708fd0c0640484959fd157e20df1e774010046de668e0f837412
2495,0.06935165661101853,2026-09-11 07:10:50.786358+01:00,7763c08b686335db75333b58827cd1990c13ce133765bc87b2124b24d6d8ba6b
2496,0.06344758057831393,2026-09-11 07:10:50.786358+01:00,26b6622eaa350aa27d915bc303150498cdd3904d3f81bdefcd12b1409f92bd32
2497,0.0750919855862761,2026-09-11 07:10:50.786358+01:00,c01675a97bb5a237a748b0f02804fb4481afb9ede38cafee5571782a4ef7ed19
2498,0.12976820907838327,2026-09-11 07:10:50.786358+01:00,822b988e455b2f622d26409e14beb824f78c4106faca503f1f0a816c632fab41
2499,0.13255385545981446,2026-09-11 07:10:50.786358+01:00,c6919006aeec600e246cf9c3e57feaa70fc0a588cf46226a1823abf1bba41098
2500,0.17792515750718688,2026-09-11 07:10:50.786358+01:00,fc4408103b9d3bffdc2e2495f193ae58b2525c682dc51b64a308bc461f4834e5
2501,0.1322560249700808,2026-09-11 07:10:50.786358+01:00,14347fce13867df6010c8b6e933801aa8c3d94d5cb3b364bcb7c068727cbd4ed
2502,0.12855536255638955,2026-09-11 07:10:50.786358+01:00,cd31d81e8e11b8afac639d045e5e409eb7b549b13d1ace9d963fa1e70fae4794
2503,0.11090790052411914,2026-09-11 07:10:50.788469+01:00,6dac94c687b835ac4daaff0add978e906a388bf878bc8097b0011f61464ac98f
2504,0.1589264296481064,2026-09-11 07:10:50.788469+01:00,2dbc2452e3995d396ad907c57b8da04c98b1cd4b7a6adb9f095a6e78da4d0fec
2505,0.1601775077757668,2026-09-11 07:10:50.788469+01:00,7f2ac67d2cf9839fe6cae494493b41af012ebc69dae94abdcd5f9d61cb27875a
2506,0.12370453942937765,2026-09-11 07:10:50.788469+01:00,8fbe98ed9e7c2a25888275b0f82b354aac4ea0ce5fe911205235ef8960454354
2507,0.0905194200593699,2026-09-11 07:10:50.788469+01:00,880a20165950e5d8dd74733107c3da54af7c318dc4a05a64d81f9c60c3f4629a
2508,0.14931884901180476,2026-09-11 07:10:50.788469+01:00,2b39296efba95e3591ac938b6c497c6e48801b77157d166b0b45b0d01c48082b
2509,0.09466222324377849,2026-09-11 07:10:50.788469+01:00,08bdf3c390a750292a223f19b08426bcfbee401df6a057ab150b94e9d18b0ead
2510,0.039195531617088705,2026-09-11 07:10:50.788469+01:00,9ae8aa5d3c70e3a0931aa8441133074997079beefc5dbb6db9efb6328fb23658
2511,0.07258759869058812,2026-09-11 07:10:50.788469+01:00,aaa223ad516822b195b407fcdc47b2bffba77b073ad4ffcf1231ba86551f30de
2512,0.0940317414346823,2026-09-11 07:10:50.799014+01:00,b756e9c2564c304d72f2b1aeab272efae7e21008993d3f53d010b38ebb980e01
2513,0.15450326168225376,2026-09-11 07:10:50.799014+01:00,cabaecfee15f3ecaefbe0ac0730dbece874fc7efa29685197c0b7d4fed9b5614
2514,0.17239615377374157,2026-09-11 07:10:50.799014+01:00,953c705e76d421ca1fd9c44648dae99f65c1a30324fbcc9c39f8c221dd0c0e95
2515,0.1118296020705813,2026-09-11 07:10:50.799014+01:00,e59ebf173975524cd6fc72027bdb96cab7ecb93f8c4cbdf41be54dc8fd34abaa
2516,0.1287648176385558,2026-09-11 07:10:50.799014+01:00,2964d686fd98d6839de68e984f8592d49d83c9414d41097af44dc8c746311ef3
2517,0.14243723000429206,2026-09-11 07:10:50.799014+01:00,f8838d43a6fbb14e505a9c65b7de10442051379b151cfdddfd499d0ddfb7d4a8
2518,0.0650176566913724,2026-09-11 07:10:50.799014+01:00,1a06fc74ed40e61f862512ac7b34461e706a9da63a300a30ed86ed979fd79ddc
2519,0.057302912829194246,2026-09-11 07:10:50.799014+01:00,d9da66ac0c3f9c3b4f725d5b907dc9d5f584b83456969274bfefab63dbc6dce6
2520,0.07371662387532658,2026-09-11 07:10:50.799014+01:00,6202de02f4976dba4a8ff95330c2218c471409749627824d88ca5569eedb4933
2521,0.04604074476447551,2026-09-11 07:10:50.801399+01:00,dee719f65201724ab5610ae79d3849045ac1fda8aa35951637687fa0f2dd3c2b
2522,0.07454605854578039,2026-09-11 07:10:50.801399+01:00,64d8e6a868070c22fb7c862c8dcdb2966668dd2d635b3fa742e83c69194abf04
2523,0.036679120328213605,2026-09-11 07:10:50.801399+01:00,af60b2f01bbcb2c227918d2898cfd90789cba7cc05013723c13eee770d0cb6cf
2524,0.06318393412181057,2026-09-11 07:10:50.801399+01:00,fab039e805ce184f55f9db507d9df601a27fb4f07782e34df6288381e873dba1
2525,0.0657568818822274,2026-09-11 07:10:50.801399+01:00,f12cff96c8e45f8f4497ff6925d3a74f7151dd0090599b147232d69dd9db62bf
2526,0.13035184069771955,2026-09-11 07:10:50.801399+01:00,933222f0c0ad9a127a9905face00926f4b1ef4bb697edc9f723cf8f5ffdf00c5
2527,0.08183907542614434,2026-09-11 07:10:50.801399+01:00,45679d7d21722879c96474c4255e73517a81cca9c68dd381de2cc8b442a1b29c
2528,0.0453510260841803,2026-09-11 07:10:50.801399+01:00,52e5ffdffa679a1f697cc141ff5a4ac592caef07561cae75155c5b89728cb724
2529,0.05541080069160959,2026-09-11 07:10:50.801399+01:00,b5ce9ae917d876339140913507b6501dea9cedcbf257c98c932da6959fe05648
2530,0.0818583690942166,2026-09-11 07:10:50.801399+01:00,1f354ae2147e768b0e0955f1b8fb45d3533d3a23bd018f190593fbc277d0771c
2531,0.08393422359429126,2026-09-11 07:10:50.801399+01:00,6f23fda43d86b7df741a5d7cc35891eb8a919d97b3f3ab29498a7ff087faf692
2532,0.04175411915328905,2026-09-11 07:10:50.801399+01:00,70189e6662a0fd1089a80e58386afeebf56fdf7690d701443bb283a5ab69e0bf
2533,0.08650919837150514,2026-09-11 07:10:50.801399+01:00,37e550fae0aa48e0ef294418de18be287d41a76bf461587d7d0a4b807cdc1b7f
2534,0.1067846072445366,2026-09-11 07:10:50.801399+01:00,7f203c89a27fe3cfa16f0c4dfbc278b69398a0b288dc4cba1c1eca011664e987
2535,0.06286466118549086,2026-09-11 07:10:50.813103+01:00,99ccce5c0053fb141e84f79a40833575370e4e39da3b485d34f56f110f94a6f1
2536,0.08732193999645925,2026-09-11 07:10:50.813103+01:00,61eb86fa6abaef9e71d3362ab6f9a9bede9404e17b5316e31365d95a4db7a7d1
2537,0.012784390583637015,2026-09-11 07:10:50.813103+01:00,c2ada21ec110c3ba731ee89d703548823e8f0f4171fc3e79f0fb3ddbf7c44ce9
2538,0.0684693904637893,2026-09-11 07:10:50.813103+01:00,eb75f95f8604b82eabc53c0cb9789a83637276e20c77625d33feb1ed75529a78
2539,0.055628250354324,2026-09-11 07:10:50.813103+01:00,8bb505b9f41ef1b6d65384e822ba21a5aefa103411a2f63820f0a20adc849018
2540,0.12518959015868583,2026-09-11 07:10:50.813103+01:00,91f312ad2231501aaf7d8e363061abf72292062a999f22c0cb473757564cc24e
2541,0.10281319940049521,2026-09-11 07:10:50.813103+01:00,465e304b7e40daba46eefaa70721fb0d92fe0118de3dd88c153f415287006a97
2542,0.046477294057690285,2026-09-11 07:10:50.813103+01:00,a4077eb407c2ca5fe341b0f7b48aee90c2bc8a4ecd4cd3582b142ff81d59e28e
2543,0.04859494247853525,2026-09-11 07:10:50.813103+01:00,1f86433fb537f93f82a612ce02f92c3970eb38a29f4c21a2bbaeac0715c723f2
2544,0.06214958583548489,2026-09-11 07:10:50.813103+01:00,e3dd28da5adf2dd1e0ad09cc2ad7686c15a46fc7967fba7d4ee65aa9604d6ca3
2545,0.08416221349479121,2026-09-11 07:10:50.813103+01:00,2c308b0844f366cf1a4ab3d06bc552fae2336f0961e62c9747a55d64ce319b4f
2546,0.03914562789453501,2026-09-11 07:10:50.813103+01:00,21ede2501d1d304c6c4df1df77dee79f67ff9624bc9b3dd30a3aa451ac6afb24
2547,0.08431966570283769,2026-09-11 07:10:50.813103+01:00,f6d620cb7553321055429b391493543316ce4e69997de473eb732c28a9782ef7
2548,0.12007924839324426,2026-09-11 07:10:50.813103+01:00,a30624dc68e47a70f75f192f99b0a2f2683212828e999ec679496d69090e877f
2549,0.0934551127494245,2026-09-11 07:10:50.815989+01:00,8193b8e06f9ed4b5ff1bbd7ca2df2335300d6b4f88129aaace3614bc07714bcc
2550,0.08181563689981691,2026-09-11 07:10:50.815989+01:00,e06019ba0d087e7b55f4b6801f0627f4349491a4014c50c35647102a7f7d46ed
2551,0.09105337492481103,2026-09-11 07:10:50.815989+01:00,33586fcf2f992b7609621698c353079ac94eabc89a5088f99084029986a14c51
2552,0.08734110278001894,2026-09-11 07:10:50.815989+01:00,8b70e52f23908d8bc9f7f80db958c6cb481bedadb76bbfc9551baf947d1177c4
2553,0.038596577142697125,2026-09-11 07:10:50.815989+01:00,3d74b60f9d1b413977250e067a4629a32fc1f24dff882b8b833b76cdb278460c
2554,0.08738476675659021,2026-09-11 07:10:50.815989+01:00,eaff3de310188079e497b02eef597179fcd4f93682eb95a6ebcfcd5d02985efe
2555,0.1497216212572803,2026-09-11 07:10:50.815989+01:00,2c52c0b6f312027eeed10f21f6bfb1dd3c67c1cdf4beab5bb45a7ecc9aa8d5b4
2556,0.07581214142274492,2026-09-11 07:10:50.815989+01:00,feefd5fe1241baf97db523aa4955f36969d5eaed38034589477a7a70fe998629
2557,0.07843821171922623,2026-09-11 07:10:50.815989+01:00,69ed8a8e9765c4dd870169783412b69061d6b970cfc92232deebe5c6c6ae1096
2558,0.0321649055781749,2026-09-11 07:10:50.815989+01:00,8a8873c9a1c5af9a392c4850fb56e652220c241acd737fdf9d66f923502af02d
2559,0.1842165487692151,2026-09-11 07:10:50.815989+01:00,591ab4fb62d0c56e7089a3af6c0c8f66fa31bda713cd6a3651d2f7ba6daa9a1a
2560,0.09216222084391541,2026-09-11 07:10:50.827802+01:00,926d2d3f9d424287fdf7bd6287a4315c1270f6805b0914f9e4efba705ed4bd51
2561,0.06863045444469071,2026-09-11 07:10:50.827802+01:00,231247a204984e9d717493fbdfa0eb7a63ed72298e537bd8756e4be00bcf1f25
2562,0.08486439154668772,2026-09-11 07:10:50.827802+01:00,032c586513dc48b81c297977d0eb7774a0b98d8c0b177ba0fde5bd20e1949ffe
2563,0.08800550042764327,2026-09-11 07:10:50.827802+01:00,f13bf96a24dd9e2c4f360f5912b1b37f583244a32e72f724185a1dfbbba79309
2564,0.05824471613844914,2026-09-11 07:10:50.827802+01:00,397bbc921f04bea553f1493c3bc44b886e2e42184db722e950ee6fde49b425c4
2565,0.06307192726836107,2026-09-11 07:10:50.827802+01:00,3f2e5f0d452288613385df4f59b0b89f1424fbc6c06705cff98d42e4661070c2
2566,0.22347216764692673,2026-09-11 07:10:50.827802+01:00,cd8d0c7f4dab21876ad4ed25325b411e7550d54187063ca8003ef1cff5f3634a
2567,0.05709364064617427,2026-09-11 07:10:50.827802+01:00,3a3559d9e4af1ca93e08069c3642001009cda385cd3185d4eb561e61f0b981db
2568,0.08053075446849864,2026-09-11 07:10:50.827802+01:00,98f56d3a34ed203bb3f0344292c417f14b266e2a32a910b2178859c233836bb1
2569,0.02514848911627717,2026-09-11 07:10:50.827802+01:00,db7a14b18b419b307ba89b9df54a62607b6b4b49088c4e575213b0318c308c79
2570,0.15877573745237594,2026-09-11 07:10:50.827802+01:00,39ad2508f1ebde6e40e5166b656cb8087b72a31e35641a1d75941de927190147
2571,0.2071997581183108,2026-09-11 07:10:50.830148+01:00,befdb4964a739973e95d80e1b133d7196d2c165e387e3f6f7c0b2b49b140e46d
2572,0.12970694240816524,2026-09-11 07:10:50.830148+01:00,cad7f5ee1d088672934d8fb5b07c5e3602be69f4adcdd8d5593b7e4699986ee9
2573,0.1746833288712875,2026-09-11 07:10:50.830148+01:00,cd4f09dbb1ba71e053ed16a8d83eed7a066cdab76f756394b2e691a5c3850d9e
2574,0.09880238345394075,2026-09-11 07:10:50.830148+01:00,287058afaddf9d90137fcd680da05142d65081535ba30f94ab20e2c5ecfcb87d
2575,0.0338914434424979,2026-09-11 07:10:50.830148+01:00,ff9cdb30cdf70b6a0a117c05e6d8c314e92ca70ba2b620e62597574f83fba6d9
2576,0.23547616193168597,2026-09-11 07:10:50.830148+01:00,d360df4629a1c2e0fe018f96ce0a8113bcacbd950a2c0f88ec9c7d792251cc6b
2577,0.1202399817741118,2026-09-11 07:10:50.830148+01:00,3f0e7586aa7bf7354f418095271884bea4e74ed0528cd112eb7bf189530dd638
2578,0.17533487522367466,2026-09-11 07:10:50.838678+01:00,3103a5deb759b5ebfd36cb2c9b919aa577d065b1caeda2948f4e47a4e8f3b2f5
2579,0.1117258356807191,2026-09-11 07:10:50.838678+01:00,c12b64ab047db9b05f326921da99d7f64939162201722607dff74f592a1deaaf
2580,0.1924904074846429,2026-09-11 07:10:50.838678+01:00,adfa4859dc5da2c2aaaa80647862ad4d7f4367fe20865b8b2f83f7803c3ffaf4
2581,0.10499846204863114,2026-09-11 07:10:50.838678+01:00,411ba551822f8d0b902f780f0d6be17d765248c33c65d40a88f538defe1d2eae
2582,0.047520964379727845,2026-09-11 07:10:50.838678+01:00,bf1affaa2744167cbf2c490085165468c83bd2a6a27c96d895a16792812a5c97
2583,0.2628769799159108,2026-09-11 07:10:50.838678+01:00,5d84e7e4e62de23606b87e2d388a728fb746dbe9f6a39cf0300841cd1071c7fc
2584,0.1050524752666935,2026-09-11 07:10:50.838678+01:00,00f3a7b62312346c60bb84a19c899ba869f50091136364f4dad9edba258d6dce
2585,0.08728918757755298,2026-09-11 07:10:50.840264+01:00,7f5df3730056f4091bf2f9aeb77494bf4ce500b1208aba2c249eaa33bb48124b
2586,0.06519631249012157,2026-09-11 07:10:50.840264+01:00,af301c55c84915283059a989cd7bd757ad91456b2cb7925f9c7d83bf6477aabc
2587,0.09054677850664208,2026-09-11 07:10:50.840264+01:00,932bb0d55e489f88ce62a941d3766ea4580cca0366d8015084369a5448917c33
2588,0.09106435271994243,2026-09-11 07:10:50.840264+01:00,e0a010d32f854c5aec349e760de8ad4a60ce1a40ec8770496eb3020423544221
2589,0.19094586544277933,2026-09-11 07:10:50.840264+01:00,a27b4a6b5af195f14abd648d378b4716adea211dc7cf929743cff72ea617fa43
2590,0.04272607836700624,2026-09-11 07:10:50.840264+01:00,b07983051dfcb9da4cd7d3f0dbf976d02cf930767892a5519f706b6ab5759451
2591,0.11614477812277467,2026-09-11 07:10:50.840264+01:00,032dfafe4d8d4a837e5ea54d17b83e2de27a20cdc0288bb64de745a50897a3bd
2592,0.09208049663692962,2026-09-11 07:10:50.840264+01:00,6516a26dd4f13b58ce12b847328f4d65dd3a7bac4589133cb92b9a902bdcf128
2593,0.10929335587624163,2026-09-11 07:10:50.840264+01:00,64b26411dd896a454be542cc353d01437439fe9ea0a23bb875f77edcd6c18fd4
2594,0.051897416624645115,2026-09-11 07:10:50.840264+01:00,7924615bc34f95ef2bf7954cd91f32992ececa554bb79ea24f6d1b417a4a5529
2595,0.06281537763536427,2026-09-11 07:10:50.840264+01:00,c8b4aca07841a51d4b0e7631f4463bb6f04ed522e0876211e20c79bd02f72825
2596,0.11378874406600666,2026-09-11 07:10:50.851670+01:00,4eabda60f3278c039de8edbcf120ce4c65acb2b2fab5943cf6f32736738be797
2597,0.0659019340747734,2026-09-11 07:10:50.851670+01:00,8ff437b9e522d2b28ca91db251acb518a34d8027a4e483a26fff6ac9325875c1
2598,0.10452746373465603,2026-09-11 07:10:50.851670+01:00,4f820e1bb13d5f8178539cb25f05ad1a97896d46eae8925d59dd3dd999fd027e
2599,0.12158564080777455,2026-09-11 07:10:50.851670+01:00,5b37f6fe47b80c7e1cd236fe51692f552923d3ac31bf21cea54b2bf4546c9c2f
2600,0.11276627019440813,2026-09-11 07:10:50.851670+01:00,9de77c8e1d24baa148628ba9125a7dcfc194f4a08e70f427be440e2cbce43f9d
2601,0.03805423676040445,2026-09-11 07:10:50.851670+01:00,74fcb5e444abab588e8497d0fb8b67ab899a6fdc7b88dd53b2ed98bf6c2e77ca
2602,0.17664679174512682,2026-09-11 07:10:50.851670+01:00,755e7a003c094dc5697c37a6c83e2b62fd5fdadc7354681cd4cf48a60491cc27
2603,0.08933609360291651,2026-09-11 07:10:50.851670+01:00,7ec050d88c27c011bf11931fecaba5217df8109315e11e353a212de583ac90c8
2604,0.07580288020842259,2026-09-11 07:10:50.851670+01:00,858a45e31765ac919edbf19a72c31d07793241f1ab0d61e3c74da08c552d2198
2605,0.03125453927586047,2026-09-11 07:10:50.851670+01:00,c3298327c729a953d30cc40c2d87e1207c80c5bff9fa367838b20d069a04906e
2606,0.07033540552965044,2026-09-11 07:10:50.851670+01:00,cbd1be9886626a2e6c4ed98dec1ee97d1aa327e151607f8deb2722254c64cc96
2607,0.09099459507032368,2026-09-11 07:10:50.854271+01:00,b3dc41cc9f8125f0d15c456b7310fc7908a6dd99e2c1ab9bc07b05d288dd5884
2608,0.1058508878448934,2026-09-11 07:10:50.854271+01:00,bffaff2a00ba52a602d6deacfb8bfecbe26c56ea4cbe1f0759f225e1035878b6
2609,0.10566993390142544,2026-09-11 07:10:50.854271+01:00,17a2ba8f47db023d79407220f5998611b616d54bad9f333283215324fd5eb23d
2610,0.05843904070558598,2026-09-11 07:10:50.854271+01:00,9f6cf162687e7dfd39c4ab38877e2f5ee842121a86d0cc16780dc45241573ca4
2611,0.15423955028407924,2026-09-11 07:10:50.854271+01:00,78225fa023ba9ad38bc42881304c0e7e9f278e0afa58158850f397c4f7548575
2612,0.10518139410505843,2026-09-11 07:10:50.854271+01:00,57bebd9e3d3f000755c8525f05314a424fb52bf0c436abd0904c0699038a9f3d
2613,0.08287917249298304,2026-09-11 07:10:50.854271+01:00,7a3a05fd93d6495dae2b323507f7632499e20071313b57cac1c91ae166dfbcd5
2614,0.06605957198896609,2026-09-11 07:10:50.854271+01:00,bb13e5c41d3c877bf75cccf897b7b1f9fb428cc3aa6e7aab83de4f22b10da775
2615,0.06118720198930917,2026-09-11 07:10:50.854271+01:00,bb037184f1324233bdec2ed21a97ed660fea2de0550566e340f0038abe140507
2616,0.16949865161737557,2026-09-11 07:10:50.854271+01:00,37c09cea52e80aa37f416d3fee715ee6b6a206e8daeaff1dcb2d7799bdc55dfc
2617,0.12036731478431467,2026-09-11 07:10:50.865301+01:00,2b65a6c48c8b4db9bd83c262055570606ca3aa99fa0766dede48fa26e56ff4d0
2618,0.05775348985173873,2026-09-11 07:10:50.865301+01:00,4f55146429cc88956fc147d67033eb47b72e6d14feb85c573e166c1c7b32fdb9
2619,0.09835120491656785,2026-09-11 07:10:50.865301+01:00,1deb86a3881b4b9d8fbf3f9a977a9d4d41bd4a15cd8d1d3ab7bfe70acd68e575
2620,0.07141340785365943,2026-09-11 07:10:50.865301+01:00,f01d49d438226f5c31e6d685d9c1cb2715ca06b8c75ea06f747c7b24f4c120e2
2621,0.1444630877628098,2026-09-11 07:10:50.865301+01:00,9cae5313ec57e17e05ca629b270acf9cb7854cf3062396c889dd9dbccdde7029
2622,0.13259580721535233,2026-09-11 07:10:50.865301+01:00,a456775800eacdd7e1a0f6caf942277710fe8084c9d29d2a3be58bc484ef9233
2623,0.060948858986383685,2026-09-11 07:10:50.865301+01:00,41eceb7e90f789c2a4c62b46855c6fd8012bb523d2665400972db3ddd5cc66c5
2624,0.14457533741072198,2026-09-11 07:10:50.865301+01:00,8c105941e109923e63f6fbb9fde23f82418a9abadffa6eb29dddb3a94ae239c0
2625,0.04883772432860481,2026-09-11 07:10:50.865301+01:00,6716c62e3eb7c0ee2868dae67d9453d21b587df90e43a88c58275c4134d7e0c0
2626,0.12069376688984666,2026-09-11 07:10:50.865301+01:00,6bc9c1cfbd474585e82a80aabfdc6fbc1bc140e3b6a691704f65e45867c78fde
2627,0.193082097509037,2026-09-11 07:10:50.867820+01:00,6244adce3998371837c991e16153d939ac166f09813b87a4b792eac6860e2961
2628,0.08310544194863392,2026-09-11 07:10:50.867820+01:00,8d5b00858574d47519a7c8d979b603edfcda328b63c1196be79fc8c8b96f839b
2629,0.0783824638174131,2026-09-11 07:10:50.867820+01:00,5d7afe7351b36c103c79d63bc022665fe98559dde2ac9b2f87b0d5132941c8da
2630,0.11235963387090649,2026-09-11 07:10:50.867820+01:00,b7fe85dbff4d2aa34ca8f1fc1c4cce78a41e5dc5b4c0d1ba99941e11bcecbf12
2631,0.16499075425247833,2026-09-11 07:10:50.867820+01:00,4a94de7bada2ff691b256968e323f6acdb924020db0b4afd84677a810da1d841
2632,0.09318564532260316,2026-09-11 07:10:50.867820+01:00,668ecbaf3f5dbf72304f64222a85e856e9a565f70bec24358a203d752ba2058c
2633,0.059896778688998425,2026-09-11 07:10:50.867820+01:00,65c7d9d613700c1bfbe9b3bfca5c2b906be39412ca3abeb841da51b47db58a17
2634,0.06352116548663317,2026-09-11 07:10:50.867820+01:00,f132abad155560027bd7a8153aecccb5cd91041af1df9b34f62774cf16b6e506
2635,0.0956645254590108,2026-09-11 07:10:50.867820+01:00,f3a28db90c88dc4e2507c7b82ff415eda4f5ff2590a2885bd80830251c82a663
2636,0.055811493644285635,2026-09-11 07:10:50.867820+01:00,b3740bba5d33b3b7ea4631eeec6cac24c9b24b91a18b02557938fe9f997902b1
2637,0.12530026421124252,2026-09-11 07:10:50.875591+01:00,886732ed44dc4e6e679952d962b38d72e68d380d68af4d4f57a8996487719358
2638,0.0988861716373975,2026-09-11 07:10:50.875591+01:00,cb12ff181465e78a5eedc18fa1bf48babb3ca8d168afced41387cdcf2bce21a5
2639,0.05378120107702199,2026-09-11 07:10:50.875591+01:00,5fecbc2509aa533930356c49790b3075d797a194f96148970fc5ce9d180fd172
2640,0.09343465388206376,2026-09-11 07:10:50.875591+01:00,586cf9636b1bb95fb30ae8b4ffc3f6bb29fa26607eb77521567252b0c55b0dec
2641,0.2562075322186431,2026-09-11 07:10:50.875591+01:00,ebc9475f562fadb91de503d36011a4b21e78329d6a1bbd3872b6d401e155eeb7
2642,0.07865737090574627,2026-09-11 07:10:50.875591+01:00,c45dbe61b35f0297ac94d3d0a3a5c5d8f00c75625b35daa2e98e961941d2ab54
2643,0.07863224205176542,2026-09-11 07:10:50.875591+01:00,a675c0db9feff6dd43fba3f4c3f498e0024f173c3b011c7e1e7423435aa773c3
2644,0.0690605297448516,2026-09-11 07:10:50.875591+01:00,5f97545db3d4dbf92368a06e4e1daaa92377d099ca8b3243ae89e04372b7251c
2645,0.08107609337529506,2026-09-11 07:10:50.875591+01:00,3511fb83d3472bd09905209ecb0bb3aac80f0eb95da0b6c5c8535eca34a9fd5b
2646,0.06496394089597253,2026-09-11 07:10:50.875591+01:00,e8482d5946278c2ec1cc81620ca6e613d8a7c199c40339c49b1b2cd5f37c845a
2647,0.2311551327712827,2026-09-11 07:10:50.879131+01:00,9272f1472a70d5f247d857659ea43d055ac3e2e03398f2dbcbe64e6d94ae6c64
2648,0.149098368441989,2026-09-11 07:10:50.879131+01:00,afd11503edf456bf932e19a3ca57d96a5eab7f3cb588497d04b6b1826126a99e
2649,0.19452914171531216,2026-09-11 07:10:50.879131+01:00,11e4b494bbd924dfff97d16763b7a0a131a2fd871dad01eced80b4688442f58d
2650,0.1757258510612479,2026-09-11 07:10:50.879131+01:00,b1d53b3cfba1befdd38eb6954253b6056a73bd9297f70cf674f83aeca9c436b8
2651,0.0925644221896776,2026-09-11 07:10:50.879131+01:00,b7f708841650e8db64667f8e3707a9f0ffaf9d04479a11f509e0cd2f0a4a81b9
2652,0.09456226409285629,2026-09-11 07:10:50.879131+01:00,5c9f9ee49abcefcba02af60d97062e55db394be9a815db5232e74878d10b436c
2653,0.062364819727634434,2026-09-11 07:10:50.879131+01:00,a65f48a2533866e6831fccae694c368bcaa0507ad0f767dd2158605db3362a3e
2654,0.1858204470116819,2026-09-11 07:10:50.890212+01:00,06c541e749584f9427d2a8dcfa57069da4afae0633c0b27d9eac86b29c636dfb
2655,0.0783089091697098,2026-09-11 07:10:50.890212+01:00,461a04ea871b02d3411d5b9ee5c4aa8f454de45d1cdf79acfd93604947b36ffe
2656,0.204793107635287,2026-09-11 07:10:50.890212+01:00,cab9e01ea706029d06d21d13b664b56e44f95c092c008acaa75e766dd576fae8
2657,0.18565247374799065,2026-09-11 07:10:50.890212+01:00,8af478e747d4751445feba107cc06b1a4a7aa461a97641b9bd3067a201a1057d
2658,0.12405942320299354,2026-09-11 07:10:50.890212+01:00,da0fd2b8a308ff54f3ac94b04482996901c068dc7af4f259341f17b14d2c6a28
2659,0.1578403499828768,2026-09-11 07:10:50.890212+01:00,ef2af0e88c1ec34be56768afd78cf7e4ca9da21a80f9293ab155811861e4a8df
2660,0.06352528924946045,2026-09-11 07:10:50.890212+01:00,39da51808368fefa05c9ef42ae563917d2dcd56dae4251da6b8840261f6b2dec
2661,0.16259503439920772,2026-09-11 07:10:50.891796+01:00,f69b029a2249367c3332809ca34bdc40eb02c404f49c798e8666cdf083d03fc7
2662,0.08748213076170296,2026-09-11 07:10:50.891796+01:00,69c567984c71f7ab157f6dd002cc8f0d0ca0b1dd669143e87d438daff80fc456
2663,0.06470079554062184,2026-09-11 07:10:50.891796+01:00,2f2cd4b9dad2047a760480411b647207cceee6f8a96073d04b10658b73b83d59
2664,0.0695023541169935,2026-09-11 07:10:50.891796+01:00,0bcf701655c72b18871530cebb5f70b1b812d211bf84e9775587641776a9dd9a
2665,0.10118373641622211,2026-09-11 07:10:50.891796+01:00,4aa923cae812a64b34584b65a4da651d02443af3dd04ad84f1b0fe7dfbec0a71
2666,0.11501102001376583,2026-09-11 07:10:50.891796+01:00,4b9b0ea424bfa3a3180f1bb507e54a7e50e033fe6f2a0e46107a55adad53cc0c
2667,0.07772395507362391,2026-09-11 07:10:50.891796+01:00,f8986f78d327c9fe5e6591af0be9b5214a01b402fda3a98ae167d706efedd79d
2668,0.04844431338563646,2026-09-11 07:10:50.891796+01:00,211b7654b6c47767c00f81c972ef27fd315c22dd8f672e322c328769aeda91ca
2669,0.07786873937451637,2026-09-11 07:10:50.891796+01:00,9110c3612b510491d9407e5abfb8604c6ab7567eebc112c3aea005558e01c4bf
2670,0.059261991388256635,2026-09-11 07:10:50.891796+01:00,d4e225edd59b4331aa9b18003dafb7a9f1f9560be53aa9550a11354b5840fc6c
2671,0.04893764111208273,2026-09-11 07:10:50.891796+01:00,ee5f73286948cf0b48b82a2e174460b21c13a8a1885343b7f44601676862583c
2672,0.03585644248847544,2026-09-11 07:10:50.891796+01:00,f81876f809ebc4975ca3d6d557c20f988ce159d6986f01d38b390823c909fc4e
2673,0.05143184592889437,2026-09-11 07:10:50.891796+01:00,d0cdcc5acc4f88b8dce0aba1e82df619603422c69db849420ffcc1c0194a2463
2674,0.17269314516008358,2026-09-11 07:10:50.902596+01:00,517321c287b353373f1ab91ffafaae84c9cfbef9e18df5da1ed0a60f6d3f37b4
2675,0.07201088321856774,2026-09-11 07:10:50.902596+01:00,3bfee064b1dc167a13db57dc110955557a70ef14f4f2cb8fb283b0c0985bc1db
2676,0.10832018877660435,2026-09-11 07:10:50.902596+01:00,bc29d57e711b05aadbf002bcfab61a4331aabc46566e795e56bd20064992c110
2677,0.061041556678426055,2026-09-11 07:10:50.902596+01:00,46ec777a72232cb1142d40ceb063a1344b816a6c1af297f7f84e849196840407
2678,0.11135009081763898,2026-09-11 07:10:50.902596+01:00,8765dc31c7bc2cfba3273e6f8c1ecb2821a7fb4cb494a83451bfa39ab51b3159
2679,0.09730526726331311,2026-09-11 07:10:50.902596+01:00,b5d7d31fc9f1896899acfd16bfc267602250c586fa33c24fd828134357cb753c
2680,0.06435027209627193,2026-09-11 07:10:50.902596+01:00,ce873a806fe3f9a9de1e7650c831bf9cdcb6f5ab571b7958ecce6d0de5c41648
2681,0.021888930589663937,2026-09-11 07:10:50.902596+01:00,60f1e4756cbef3cc6abf865889047072bf765a51d56039a7eafc6f1a0d54c215
2682,0.07945102533122642,2026-09-11 07:10:50.902596+01:00,2b8dcf469a9cd50c84dbda77a2b304c57e04be4ed5e09f3f3ed6d4d1f6df8715
2683,0.043628915602018536,2026-09-11 07:10:50.902596+01:00,1fadf161b7b88ccd4f7c17e78202d05a9ebe7f7d60c684af97bbdbb16d070ba7
2684,0.08583902178743408,2026-09-11 07:10:50.902596+01:00,c0d5901d1e5c1e38cd0123f9e9bfbb6a06b4b5e1a316de5522038b8229284dac
2685,0.033336169371028006,2026-09-11 07:10:50.902596+01:00,8b6a2ae338e1cd0b645da45c915257d3448eb462ffef124de3d0c56d68c4347c
2686,0.04878453330772348,2026-09-11 07:10:50.902596+01:00,5df727e64c4fae83686843dae0bdc550bbfe3be6ddd85e674e2120184473b68b
2696,0.030106753115056922,2026-09-12 09:03:10.847986+01:00,455be83a4c453ad67f8c52b72d685a88e0bc6cb4075ae12c8c698f1b1b7dbbc6
2697,0.02675248179954292,2026-09-12 09:03:10.847986+01:00,ec0e4fff1597c999de38701403134402f0305b65477b81b25199db1fb09b7085
2698,0.06678130321007535,2026-09-12 09:03:10.847986+01:00,435e62ceec0e2a98600b890c67823f5e97ff7d34c1315e1f27b1ee0958f332ea
2699,0.031723656884102176,2026-09-12 09:03:10.847986+01:00,6a12c0b3f89a98adb70534f6c0e0fc4c7daf83151088fe8ae63806be5da500a5
2700,0.037929542186192114,2026-09-12 09:03:10.847986+01:00,c51e5aa3c4ccd38e9268969ac71b7fe3b4d17a88683fa76a931e8b53f167e741
2701,0.09853067048863764,2026-09-12 09:03:10.847986+01:00,47df111098996f68aa2edb6d5d2ba942677ece15759516c39e523bdeeb124622
2702,0.054294142122492756,2026-09-12 09:03:10.847986+01:00,fcd1c7e5dd61cce15cc44f59f22cb4f12c117c02bfac3aa5d1faffc8de231447
2703,0.09322109652352442,2026-09-12 09:03:10.847986+01:00,57611c5b9b610c618f08796867a85574666ffe92e3ebbd0545f6d0bd685ce877
2704,0.050217582453545476,2026-09-12 09:03:10.847986+01:00,204b53eeccf25d6f982cf3fa5b4dfdeb99e2c92daa150f7250444822741ecbf8
2705,0.0506484641557525,2026-09-12 09:03:10.847986+01:00,3681eea514de89d67acaffa5f8e9887d0d931f021c8bc50c7d8bc3085ccbf10a
2706,0.08686738200550326,2026-09-12 09:03:10.847986+01:00,fad6341fe1becd4d4f58b9ea43778426aa7945f77ac613046ba768804f7ad554
2707,0.06821965365978917,2026-09-12 09:03:10.847986+01:00,7696c8af721ec0ac0d433198206123f9e4a053377986e8a190a53cdc02354227
2708,0.09568994419229636,2026-09-12 09:03:10.847986+01:00,d938ab5106428e3c491c40d331a55d454b8ab73548ff4b912821ef63171ce859
2709,0.08838432837810743,2026-09-12 09:03:10.847986+01:00,5cb4bdda48bcd6587c3e0ed596753d2375b4cd89492dfd1e0f9dffaa0adbd25e
2710,0.057117410290065715,2026-09-12 09:03:10.847986+01:00,089003e49fd82f824be3e025b55f5d9b180a7f5633482c8b61310ccbeeca3e0f
2711,0.06351558853531596,2026-09-12 09:03:10.847986+01:00,99c434f1558e7e7b36bd91f655e4f00a4fbf1b9f3e3ef7462a4adaac6e07f437
2712,0.09421482142443523,2026-09-12 09:03:10.892739+01:00,df841659c92e66f68abd80b77e6be6d60a54c1bcbcf5125777c70101ab3dec9f
2713,0.029686379555821422,2026-09-12 09:03:10.892739+01:00,36f9a3d853508fe52f5c92c38f48e8fbde8921b73cf2822bbaf0e6d0e2a1b014
2714,0.05033945579885459,2026-09-12 09:03:10.892739+01:00,c6e1e544da2ae91c1f47f763e169f546aaec4065034b41a05669169ae7b9ad54
2715,0.03856323481578211,2026-09-12 09:03:10.892739+01:00,b3aac604c53c59868db076f54348a0385a2488949c540a249c9f6f099ff74715
2716,0.030822839779860087,2026-09-12 09:03:10.892739+01:00,a1e283b73640e95e88b9bf064bb68c3af71ed84a7c64b959efa58b1f06965961
2717,0.16583555371719483,2026-09-12 09:03:10.892739+01:00,daf0e6783e3ab0cac4cfb9b82282fc5d414d85adb8e9474b6d3f5133899bf64c
2718,0.050689384848822315,2026-09-12 09:03:10.892739+01:00,8d81d5232eaec1bd907873870be4caf65bd1ab86bdb804566ab22c325f57cc82
2719,0.08861411952386503,2026-09-12 09:03:10.892739+01:00,d254c1d2cc6712a003260a0141ab3c60d4d990d2f9b197ebbaac42750c50ebcd
2720,0.03510330370054457,2026-09-12 09:03:10.892739+01:00,531d593de3ef23a44cbf4f72ec75764fdcdeb9b095ac94f6542291ea79e1d1ea
2721,0.03601727869468009,2026-09-12 09:03:10.892739+01:00,353681a3e5323c5a73de34d5dc487cfad56c6848caecb60de57c4fe4f149b469
2722,0.10528034927799458,2026-09-12 09:03:10.892739+01:00,2b2e70ff1fad6b3184c7ba7784b597806b124632109b7a31d18b71655d881cbc
2723,0.04709265382769513,2026-09-12 09:03:10.892739+01:00,c5b7de38b2fc584537ef9e935c36f7e2f5542eb6e9629dae10457c1943ec0e72
2724,0.08728216935660436,2026-09-12 09:03:10.892739+01:00,d8b7ae244396139a26bfb14bd0dc2e35f2c64d063368a970bea8a103ea6c549c
2725,0.058040209095486725,2026-09-12 09:03:10.892739+01:00,7aa4341ebb2b7dad6ed157e136e5919cc2e14e31470e7fc6465807a002d09343
2726,0.03266474338240981,2026-09-12 09:03:10.892739+01:00,0084e6bc4ea8a334a607606f6c8f7124cacf1c7e9d7ca3629fc525b2057cb6e1
2727,0.04975350319994916,2026-09-12 09:03:10.892739+01:00,45add80d0e8bf29c5f9c4906fe3f51b710eac59ce63a221454375da7fcf213e8
2728,0.05868782150052083,2026-09-12 09:03:10.902184+01:00,cd97050e188d567fed8464add2e88896da301ecc792776a668b62daae6ed9c17
2729,0.07574501523303179,2026-09-12 09:03:10.902184+01:00,56fafe45be8a8196e2b50acaa178082f35902f626a6868b7bae17d6c729ff7c6
2730,0.052290125452410574,2026-09-12 09:03:10.902184+01:00,d7cf5ebc18f5957ff4a29d757b4c3a0e4d7147604a5d8120da5f82826ec0729e
2731,0.0474787526893882,2026-09-12 09:03:10.902184+01:00,ddccac3c4d6a63eb66cbcc9f8abaf254d5471bfffc3555fab5577d0fe1f4066f
2732,0.04369489176133834,2026-09-12 09:03:10.902184+01:00,fa15b547dcda324e46266f39c9615effb82db8bf96419081ff4673ac52c87862
2733,0.16578262186553883,2026-09-12 09:03:10.902184+01:00,2bf3c725b681b91184a8e03c6284b793b35ea2cb354b375e81257a41eaf223ab
2734,0.07920616287944222,2026-09-12 09:03:10.902184+01:00,cba126d6e4aa51a91214bb1460c29a159a78cc32321748df6bb677c1ae46f2c6
2735,0.07146466262794536,2026-09-12 09:03:10.902184+01:00,931cf7070e6cc2f7c05e6efad437acd74919f7a8bd13ec75cba96f84e55f56df
2736,0.07434467039110813,2026-09-12 09:03:10.902184+01:00,e340ad6b92230260c1a92215174f5082c2e3647f3867b1759ad23e3eff8e5e92
2737,0.09886709825598823,2026-09-12 09:03:10.902184+01:00,326951c2a8de948e41c902eb4876cbb3d6ec139103d93ca0c259f7969f26b8ff
2738,0.10972588402197282,2026-09-12 09:03:10.902184+01:00,b1115774731fa682731c16ad636d0ad36e006b4f23099ea11398c827e5d9ebe9
2739,0.03649146148414618,2026-09-12 09:03:10.902184+01:00,364af729516066e5ee30fc3441464a489e95ba797b534b6cbc5d4802458eb284
2740,0.04724982195782618,2026-09-12 09:03:10.902184+01:00,62bcbcb588cf9dadc35e32fd16b2ccfd720f05fa45b82a3accac55ee5afb7303
2741,0.038971009879342454,2026-09-12 09:03:10.902184+01:00,159f63ce327ee405189bcd69b996245cd93e26e3c5a5f43c4fbb7ac7cb4964b2
2742,0.10213971086761217,2026-09-12 09:03:10.939909+01:00,c9c2255d956cfa8f3800931588626f5cd391b8b697c16d863f5c6dbdcbaf1942
2743,0.05491542733641115,2026-09-12 09:03:10.939909+01:00,bc4568b1f7eb43b1c6286ccda8c57f6dec3df47c2526adf99b7756f1b7a7911e
2744,0.04979189886744002,2026-09-12 09:03:10.939909+01:00,9f4a86fb4b2488b11d00a7068733e3933e34f5a7ae98715b71ebd4438f868378
2745,0.0543351565940743,2026-09-12 09:03:10.939909+01:00,e0800b7ed8e5214bc65db1319e2c768f9f5538c2a813e3b1b12878057164816b
2746,0.10489203610772888,2026-09-12 09:03:10.939909+01:00,0f9eeb62fd6b2145df2b013489153fa97a80afa93efaf592e5fd37e0cfe6b40a
2747,0.2004039004778514,2026-09-12 09:03:10.939909+01:00,84b853a2974424351139dec64f363ab4139391060eaeb30b8ff3d03af50e99ae
2748,0.05857454495906923,2026-09-12 09:03:10.939909+01:00,9ec9eea7a8064c65956ea9540ad0263553885ae0ac42aa91374df0c1aebb89e9
2749,0.06971661769096002,2026-09-12 09:03:10.939909+01:00,255e68522bc8027caa038ab042c03a22b4c94999af5f11733e9dcc8ba704021c
2750,0.07115581368129623,2026-09-12 09:03:10.939909+01:00,46f14d6e56f53602bacc80d0f57df7523e338dda9d6ac18093ca26dacb3c63cf
2751,0.05019838107799738,2026-09-12 09:03:10.939909+01:00,7d915c28638e5d55ed13181e8a4bbcd69d658ec806445c61a2e0668b41a5aee7
2752,0.06979149027210066,2026-09-12 09:03:10.939909+01:00,8206ca70eef05c16516d8adbe28af0fdf989f41751c7f697ac71b69ceeeb3d32
2753,0.02611702285864325,2026-09-12 09:03:10.939909+01:00,0b4ad1d8b0c8db9d66ddac24f4515a4c091cf7120e0aaa423bb41a84b7853ecc
2754,0.03978982498273504,2026-09-12 09:03:10.939909+01:00,816d11599701562ab29087a51d66dca29e797d473647e359c4402988d233c209
2755,0.04817817422608056,2026-09-12 09:03:10.939909+01:00,32fa095c00f82ab4f4be0902a8fd37ddd601c922024e26de7ad3b225cc44a59d
2756,0.061707510433565996,2026-09-12 09:03:10.945290+01:00,9920509a8cbdb5b8e6f580fe70785b6063fb8ea8c0d8c668d49579527127aa25
2757,0.1504186992803225,2026-09-12 09:03:10.945290+01:00,ddc06f81004df8062b61b34256b712a17007f63d8fe0f6554f059d1037aba45e
2758,0.04020244690017113,2026-09-12 09:03:10.945290+01:00,bfa0a3c96b123358b52478e273793e29070b5d5374f60aceabc1294fc9278d46
2759,0.05802119613100676,2026-09-12 09:03:10.945290+01:00,1724fdcc67651dc5042b30a81b28e86e2e4d211c7021b75d29715ab2e3b03937
2760,0.11200228810990694,2026-09-12 09:03:10.945290+01:00,4108258e71e42b2a5cce76f38eb5d41281a7f16e94d49efcb28e55bc48934b98
2761,0.041772179335481226,2026-09-12 09:03:10.945290+01:00,0fad2ccdf8eee4ee7823eef431c79e297c3900057300d6b403d21d7ef7cdb3bc
2762,0.05397048442615826,2026-09-12 09:03:10.945290+01:00,5c6e3ebf89c8e35fd203d3b3c3af83287ce8acb48a97c530a71751e3eebc247e
2763,0.04992895013658964,2026-09-12 09:03:10.945290+01:00,588558975cc36463065352c5b1b3c66f766b1ba277e1c55e509d15281bfb7c3a
2764,0.04112996089759609,2026-09-12 09:03:10.945290+01:00,c306b34dd19a959221307442dae2faa3f5c2bcbef4de2d263bfa7dd27da10838
2765,0.12561559594576874,2026-09-12 09:03:10.945290+01:00,40ca397a3eec1733266e245bf4d113b23140921ecccaf47aa93a0bb070bee800
2766,0.09032795815971272,2026-09-12 09:03:10.945290+01:00,57bae51b80ef267dc3671eb7955ffc94096ceed4f466e5a40fc89a77eb0c8f80
2767,0.11010733559829981,2026-09-12 09:03:10.945290+01:00,7517951e95d8ac7c8848e9f93cca3e7f361305fe845bfcec42c82241b2aa9a94
2768,0.037103880641894654,2026-09-12 09:03:10.945290+01:00,f2e10a54227be142e8574ad528eeda37c679b8c2d941543666f11f3799f94c18
2769,0.027691514003525416,2026-09-12 09:03:10.945290+01:00,c42a87c75379992e929a9787ad5b3e180e6ce6b4569950f871eb74a72f6e0c7d
2770,0.06871024777920899,2026-09-12 09:03:10.973080+01:00,e7df95a7772b0900a71c9df1b6e86985b4160d755478f4872141c5883338eb7c
2771,0.10249643576918613,2026-09-12 09:03:10.973080+01:00,288962517150c4d4e5964ab45523909b79379aebabd7619d6fb8e89239392f71
2772,0.018544554338771405,2026-09-12 09:03:10.973080+01:00,1ed80efe557db2ec2be0fe1636390870f28f85a5a037b319e18b523ede8daa9b
2773,0.08395088303022422,2026-09-12 09:03:10.973080+01:00,7e64af9f7edf4fad7a5c8fc9ee41fd75825cde7e44bee851c786ba8a10510067
2774,0.11317899941937587,2026-09-12 09:03:10.973080+01:00,da7264acf2813df40d2d7222394979f8b09d497ff4ef958ca40fe758bd343656
2775,0.04095405343635298,2026-09-12 09:03:10.973080+01:00,c02dc807099cfda21859a4db4e9d67e67ad7b5cf35eafd1c85684ac063166f17
2776,0.06335265201126439,2026-09-12 09:03:10.973080+01:00,a5aeeed6a4d1c42f8bb60467a328f08c35a42eb304628da9e6686253d1094d9b
2777,0.07609005767710507,2026-09-12 09:03:10.973080+01:00,02de5e000e161d3968c5c213a75cb67177a092dfea8a0a1209f0d39d648b1407
2778,0.0369850814529706,2026-09-12 09:03:10.973080+01:00,ae69fec4b023745b386282c671cd3f40dfef91a9189c1e9864d9030e9a92ec2f
2779,0.09130653918625944,2026-09-12 09:03:10.973080+01:00,d42c51c5b80d942e01b96965b700e9c7f1e725c09c8c198fcd8a1c0baa645c87
2780,0.11288659389603013,2026-09-12 09:03:10.973080+01:00,0b8b586a44f20079ada070fc14d87e944a279a7f73429eebf850c8d823703c16
2781,0.11352259390213469,2026-09-12 09:03:10.973080+01:00,b3bfecca1de451ed1d5b3251aae6cd60bf1ea47402cfe62032ff4f4ab486ff0a
2782,0.04468134893712754,2026-09-12 09:03:10.973080+01:00,39e1eb95c533e073f2757f78e7f26ce5898b6cf5cd02a8c12914ba1ee1df5d2a
2783,0.03333995916398864,2026-09-12 09:03:10.973080+01:00,cf8936af5630d076e47d83d559d76eb9d44e1b47e8572c73736912bea8b97515
2784,0.051736869797048175,2026-09-12 09:03:10.981339+01:00,a56e5f918101ca9c1e7b707a8caee8bacc0a7a1065e9bc56c9014dc024103476
2785,0.10013116463824205,2026-09-12 09:03:10.981339+01:00,1124650d98d10b7a0acd344edcdc38d1e14f5bac188f38ca70b37b1f717a11e6
2786,0.04500748583338197,2026-09-12 09:03:10.981339+01:00,f10d527c4cb6c9caa8d86d27aa8a96a95aaf602142f8fc0bc5a8c0cb2671d260
2787,0.07232476358758727,2026-09-12 09:03:10.981339+01:00,55cc16faa4e8b1f9b6a6cbb43c6081121ac7a3505758e9403941b6cbec2bf83d
2788,0.10166546748467961,2026-09-12 09:03:10.981339+01:00,5481303854cbc8703a08a07b321b561d97f3a71b8f699ada7849c3df7bc2b09a
2789,0.08241550040840757,2026-09-12 09:03:10.981339+01:00,434e2b40e041cf91c10d5e660caca7ea561a6d77116900e231bbebadfd0144cb
2790,0.09978196100007168,2026-09-12 09:03:10.981339+01:00,8e470e9e62f7afef295dd14e60d4d22214c263ca6f63a1428271a3094d1c4663
2791,0.04490585453907432,2026-09-12 09:03:10.981339+01:00,68d6cc7b269533b5e7f045a9e101c182ee1d1dbb8112d9874cd6321d4bcf8b52
2792,0.06477327830653791,2026-09-12 09:03:10.981339+01:00,ce536ace8f21feb98ac45653791779c81ad0cd657d5d0bda9090e5b7d43cdfec
2793,0.07122186101223485,2026-09-12 09:03:10.981339+01:00,99f8f633dffe5d621e3a60bdcf387a8ddebba22980e0ddcc92522d96d521b68e
2794,0.028909551868823994,2026-09-12 09:03:10.981339+01:00,28ece899da2db0be084dcb8ef24e8aea20faa5541dbfb00e067e765755166f49
2795,0.06427361236008354,2026-09-12 09:03:10.981339+01:00,e1ee1ec49cf2a119bb56c05d745e7b88e083d674a681328f17ad4509b6dd34c5
2796,0.09331624181379072,2026-09-12 09:03:10.981339+01:00,75f0276fd1c8379680a87708d64f91baff0586e30e356d4704e1cac7a1839000
2797,0.07953638735003621,2026-09-12 09:03:10.981339+01:00,b77b24373259afdc6ba9d105587ad7f82c9700533bbc0ee9c0fb6dddec581afb
2798,0.10389229298455695,2026-09-12 09:03:11.008631+01:00,336711d6d8961eaaf855a3d1b0e707566b69ddc9d18f800ddb88ec9b4c9ab272
2799,0.10168475849215856,2026-09-12 09:03:11.008631+01:00,e6bf676862a19f1013637c1e2eb863aff071f98d7b386389408beba3e725bdc8
2800,0.03863010291670769,2026-09-12 09:03:11.008631+01:00,cbe00fefbfa1fad5aec564e65bfc1ecb84a2db0dcaa73c3a6b2a426bb84a239e
2801,0.07450424464580906,2026-09-12 09:03:11.008631+01:00,94e6e00294706bfbd33b1ac706d3ea182168fd3474a342f2a4afbda4cd0b6915
2802,0.06909829773913359,2026-09-12 09:03:11.008631+01:00,a81bde4839409d0e38d27a78313f6e9103da190c2ab76240d66ca99d5b3dc193
2803,0.09892845641132876,2026-09-12 09:03:11.008631+01:00,da24a3b63af8fa29c7980d6b6e4edd18071956236eccd3c529c3194e9b078432
2804,0.07106075302952461,2026-09-12 09:03:11.008631+01:00,ca9724385b80dd6024c757e89476c0dab419fc38cd615582bc968a682a0fe017
2805,0.021485164578285105,2026-09-12 09:03:11.008631+01:00,ce676a62ef315cca5bece43633463d5db0b9a26a56802fd5a4d94425d88abce3
2806,0.051565469396250396,2026-09-12 09:03:11.008631+01:00,ee7521a807f82d756dc9a49240d0146cbc9925e3eb5376ce96e949c7a10a7ecc
2807,0.06603524426675318,2026-09-12 09:03:11.008631+01:00,d11d57beb6458a2168b09f9d76abcfde006f4460ee1f72c263ac1cbd681bfca5
2808,0.039156536316008406,2026-09-12 09:03:11.008631+01:00,e071ddab906b3c073baa374fd92e0ab65a01fcfbad68afb44a9c28b4a25e2408
2809,0.07696394672153585,2026-09-12 09:03:11.008631+01:00,a9ea7689e2e1252b610c2437a336c72fc98d8dc24a805fdb606ae78d47a59cd1
2810,0.093690240230756,2026-09-12 09:03:11.008631+01:00,835c195ccbd9eb9f9839bb4bedf497db04aa30f5f7ff7f47a50394af4557e107
2811,0.09330449227119177,2026-09-12 09:03:11.008631+01:00,a686a23a40097a143cba4b670cc9aba871858b0548a89dee0bf6251822f50ad5
2812,0.15530947441612508,2026-09-12 09:03:11.014841+01:00,147cacd026ec73c46479e9d6af9aa81063fb87fbd5047318cb08c9e61837a9b8
2813,0.08684616405781016,2026-09-12 09:03:11.014841+01:00,dd7caa02b731816b9e53aef3401b65af86252964c6e608646c6149253223542f
2814,0.11699551143610949,2026-09-12 09:03:11.014841+01:00,83bed5c10b91b00f6ce62892fb39809903b37ae163e4d5d3258ad2b4661eaad2
2815,0.12834286484705595,2026-09-12 09:03:11.014841+01:00,ce24d64b60a48e96a6d42bf25d71e43930e30be7599fe361a38ca526afd7697d
2816,0.16705511187925132,2026-09-12 09:03:11.014841+01:00,f10cc402dd3fa1004f55bcabfe3578346f9cd36a9d251fef60d9861dd396bd44
2817,0.0480514447449503,2026-09-12 09:03:11.014841+01:00,fcce012c39e68ee8a5eafc36765c0d2a199be008482168fe58beecede4f5ad58
2818,0.08763000140982216,2026-09-12 09:03:11.014841+01:00,280f7b9eb448d8955349664e03a4b2eff914f5e16a63e0e6d871c623eab3e21c
2819,0.06097911975900213,2026-09-12 09:03:11.014841+01:00,e73c64d2a38825eddcdc4c9e4bfd675d533fa0324bd8c5f5a0c6deeea5d49eb9
2820,0.061019289500512795,2026-09-12 09:03:11.014841+01:00,d01ec673222a2963ea7d32593170215fd1f5c16cdbac5ea5aefbd6973340abed
2821,0.05650711801653431,2026-09-12 09:03:11.014841+01:00,880b40b47c5464b4ca02f0b99eddbe2b0eaa9d19c5e3a541e13ab56e8f2e2088
2822,0.03126389993282627,2026-09-12 09:03:11.014841+01:00,2328816940888d26c08616888e1ff7e285969eb99bf5fd920222e47aeb445da4
2823,0.09292251552996024,2026-09-12 09:03:11.038649+01:00,5a2dd994f7d19fe1e697ef8fe38ad993371e51fdbfddc138d3d760e2eab95fcc
2824,0.079534497278507,2026-09-12 09:03:11.038649+01:00,ddf6570fd1b5c41552ee7dd352f3354b1566b789d596adaa432fa70fa6bccb3f
2825,0.09637705776465581,2026-09-12 09:03:11.038649+01:00,daf303d03892747213ee50ddce18a7e416200ac7b7e98b10e5766009358b80e0
2826,0.161140126383574,2026-09-12 09:03:11.038649+01:00,11d9d18396ce78c32b953d9783f2e16c90ec86b1e7959d1eb4f10fffbd7dd86b
2827,0.12887860592153852,2026-09-12 09:03:11.038649+01:00,3ffc04d8bd046255f013368ea549423f014564d7f945ddd7c388577d9b5c2af6
2828,0.07835679905257191,2026-09-12 09:03:11.038649+01:00,3fa61a322b68b94c7774ba0b324caedd1ee21d8d7d251d1baa500dbb4345b7a7
2829,0.10039550944061644,2026-09-12 09:03:11.038649+01:00,f5dfd856722873cc91e78620c67ba229cd845b1bb40c577d5eef0941e37f8e78
2830,0.08780702682877348,2026-09-12 09:03:11.038649+01:00,521b936282232d87ff1eabec37e4140131247d7dc88bae8a03fc86f2c6f6ebe9
2831,0.06345532273628877,2026-09-12 09:03:11.038649+01:00,fea611c51025928adc321d2a0b1eeadabf3138e5854bb71d7085b8da5304fdbf
2832,0.05364398294862049,2026-09-12 09:03:11.038649+01:00,0c7bd9877a753d60d64a06422b0d6548bc262be0ede6873e64e7566423f4311e
2833,0.057488556114893334,2026-09-12 09:03:11.038649+01:00,a34328d2e45d06efbb9884c41b257d889369ec42e8f34c601ce0f31224459923
2834,0.05326401765983979,2026-09-12 09:03:11.046834+01:00,38ba6322ed6927a4b967c991598e62eaddbb9465a1a6739573ffa464ae7e8b4e
2835,0.079372164719098,2026-09-12 09:03:11.046834+01:00,bbfd4f7f12ee4a6eb45527805cdecde1f77cc09d87d0a0fc7ed42c93a42b092d
2836,0.028244242291091563,2026-09-12 09:03:11.046834+01:00,bd7189e7df5a49af25599eb9b624176a79d78c7c14595bc3d87dc36b550f6c60
2837,0.028525146235083194,2026-09-12 09:03:11.046834+01:00,b428d33b3f9ebbf120a8cff56aa52aa0e51ad7964dee19bd15d45efc70ff0e74
2838,0.020743707468558033,2026-09-12 09:03:11.046834+01:00,cdbe8badc97c3b5f6d4327841b8306060101e4abcdc022365777ac40bec19890
2839,0.02880655781204718,2026-09-12 09:03:11.046834+01:00,3b0b5607c54dc180bfeeedaed3d57bb34221dda4c90bf6585ad13615ce446194
2840,0.05003679554228994,2026-09-12 09:03:11.046834+01:00,80a945f81fde3f4944c65ea3b5a59858a387476fecf55fd9bf24ea1722446a6d
2841,0.049182989082942795,2026-09-12 09:03:11.046834+01:00,7578886b3ba9579b13aeaeb0d1ff5790b5e17afd5722f8ab906cfc11138b91d3
2842,0.08317353959698302,2026-09-12 09:03:11.046834+01:00,562b85f2edcab77c952af5c45ef0496e913fa4c9d3125a8b36d664e5f9e8307b
2843,0.1393804719423982,2026-09-12 09:03:11.046834+01:00,a50d02a31dab58478c76742735ca9d26ae096b1e4beea1288a4875c9184c0247
2844,0.03101248455097297,2026-09-12 09:03:11.046834+01:00,8919bf8bfe5efb8f9098b1a1d3326ec132d90591fc07543159ed0d64dff9b921
2845,0.05180434325646032,2026-09-12 09:03:11.046834+01:00,7eca4c22bb633eae51cd60e14ec98703ed5322d83555667bbdb5c5cdbb2b4deb
2846,0.050249318345243245,2026-09-12 09:03:11.046834+01:00,0c15887ff3f5f9521f6a4ae24530ed53d7b2a6e89428d77f977071b509432a48
2847,0.04180084891371781,2026-09-12 09:03:11.046834+01:00,31f612727352d4173cf3587307daea6cc3d7b891d059aec7eeaffb205d0cd07b
2848,0.048570108403636056,2026-09-12 09:03:11.046834+01:00,74056b7d7b207337813b774f435a82568eb2aac10da1abb201d9b6870de5b0fb
2849,0.014678140695630622,2026-09-12 09:03:11.046834+01:00,9fa63507dd7e374e4a3b10e6f61a68a9544a20021e0f0e7dff23b7e3dc90f87f
2850,0.04653923665849638,2026-09-12 09:03:11.046834+01:00,24a60812de3f646c980ad58a7b48133637448113d79e7acfe4319ddacfafbe9b
2851,0.02617917574632155,2026-09-12 09:03:11.046834+01:00,f82f6e38477b4119067b612b34add4d5ca0ffbd79f0d6d72e4ac32edeaca1bfd
2852,0.04645081365868338,2026-09-12 09:03:11.046834+01:00,ad4fd91aab59bceab48b6bd6144a5097e47b60d5eab9515c309c35f0d72868e6
2853,0.08198589742050605,2026-09-12 09:03:11.046834+01:00,ef8d77526b0dfcc67a23a76e9e41ca3dadf3108689c009cf2766a37665ca2f4c
2854,0.04600593079551493,2026-09-12 09:03:11.076806+01:00,156bc6fb50ed8221d5ab5afca5d920675cd4b4714ea28f0408906e8a361ef58d
2855,0.059253804925574034,2026-09-12 09:03:11.076806+01:00,7ae51444bbc3d321fb6e398c476e5217c5d064458a4fb07455d77a1914d9d338
2856,0.01751252226150766,2026-09-12 09:03:11.076806+01:00,2bb8b897ce8949afe7629b627edf360fd9e0084255dea6271465abc19168e815
2857,0.01957278781323681,2026-09-12 09:03:11.076806+01:00,11e2e6a6958bfcc8e5cd91461863bb622aad2f387225f0e6e1b897a6168d8f1e
2858,0.011357025025310797,2026-09-12 09:03:11.076806+01:00,9dcc55789fd8438435919e87cf9df753a4cfc6cd48120b1d378c71ab18f4a56f
2859,0.033778863391692046,2026-09-12 09:03:11.076806+01:00,45fa732c1ea9a4e3adb3f882ff9be6ac528d2856245887ecd8a5afecd5b469e7
2860,0.04185563901637622,2026-09-12 09:03:11.076806+01:00,0d043fff65804d3cec928319172899b6787b5888ab7f1c0ef0f46dcc4b535a84
2861,0.05025755624935106,2026-09-12 09:03:11.076806+01:00,cc8e023358916ae3a4eefbf4f6864a3a68faa0c242973bb431dfb3974e84b550
2862,0.05976679070159334,2026-09-12 09:03:11.076806+01:00,ed1e056a6ecbd842e205801613ea98c134574923c70efa96a3edd5675eca852a
2863,0.1670114554379785,2026-09-12 09:03:11.076806+01:00,126643a28c8d4dad2a53859fcd7d07e8bf96928a7f5dab49fb3b6b367dafd295
2864,0.035738828340764986,2026-09-12 09:03:11.076806+01:00,ce2e7b48e611308adde5fff2e467e1b5912d1ad3cab1bfef77bbc704c37d7cfe
2865,0.06985020190679762,2026-09-12 09:03:11.076806+01:00,c30af9a1fd506b901568946953fa1b03a50c4a820be780e214fe151a9809e01a
2866,0.05184917158388915,2026-09-12 09:03:11.076806+01:00,c486e473f3ad3a76051a6df2831771b59d99cea9d166a8e799615cb52000b05a
2867,0.02563158658828905,2026-09-12 09:03:11.076806+01:00,0eed04dc4db3a4b55e81d8d97fcff99e1af16d09b6cd140031ec5a89996d475b
2868,0.05366134246216705,2026-09-12 09:03:11.076806+01:00,cebe1d93eca59e27089542bca08f16eaf220f062996c358927b6c46611696efc
2869,0.024049778256652173,2026-09-12 09:03:11.076806+01:00,9ad43fda86e8a7dc74f8bdbb5595324585bf962ffa16a0bfedc3cc70eff98a91
2870,0.03795755772765,2026-09-12 09:03:11.076806+01:00,35521e1716f2e78cf5aef9161fc3de461131ac8ad2e330622dd7a54d90afdf99
2871,0.02370411771818373,2026-09-12 09:03:11.076806+01:00,4e55d9ec57317390e4150cdc2c33878c7719b8b86ba7720c872dfa3a21c2d123
2872,0.05386871380846358,2026-09-12 09:03:11.076806+01:00,a3a32b1b93fa18ac849ca265a7f9e972f63381e077db53622c8b5c28c52b2f91
2873,0.1173163259890073,2026-09-12 09:03:11.076806+01:00,1623c5d0e18857861925895948e693ac6b4b723bc08c27cf5d65a45b776e3566
2874,0.09163070341664256,2026-09-12 09:03:11.085983+01:00,e4b8cc27b7286d45c7f0d1b27d56c1fb72b2452a0ea614ff860a30cb79b44db4
2875,0.026224390790782266,2026-09-12 09:03:11.085983+01:00,1b9282963e6ad88fb1386b89cb42523d2b671ecd218f69f8455ee53cb95750a3
2876,0.041661929395922996,2026-09-12 09:03:11.085983+01:00,6320fe9bdbd1ffefdce55c09d9cc37ef64181addba91128c81762c2201c9da62
2877,0.034437189535841316,2026-09-12 09:03:11.085983+01:00,7a14bbe28ee9fabf3da05a248e7880a8183a6eef3578cbff26498b5bd38ea84a
2878,0.05830042029247086,2026-09-12 09:03:11.085983+01:00,e0d07ecb1035dc2df7910eb54efef38fe8becbd48cfcb7fdce2ff3b9c21f08c3
2879,0.0889707741201801,2026-09-12 09:03:11.085983+01:00,2d1a4bc670a816ce760474fe5743c5898b957a0d5e4e6c372c791fd99b89c811
2880,0.05974672343474074,2026-09-12 09:03:11.085983+01:00,2820abb7d48312288f48e71260e1568ac6399dfea6189818e89dcf51ecd2261c
2881,0.06795316864138834,2026-09-12 09:03:11.085983+01:00,5852f9582bc22a277a410227e2278b3f9aac497100991cf4523bf639ce9d0f7b
2882,0.05946336878568459,2026-09-12 09:03:11.085983+01:00,bb9eaf190035fc36c91d243e9584ebff3ee63931a1b5450cb9023991bdbb3e0c
2883,0.07511201335094217,2026-09-12 09:03:11.085983+01:00,26711ee61abd28de51d031e3d15323574d5df80d924ac988c966cb085e1e2a17
2884,0.1330065486628344,2026-09-12 09:03:11.085983+01:00,25c557a6bee971c8283868e3b9ef17e812ffbc610cc367f890f58064c582077f
2885,0.07533950646743928,2026-09-12 09:03:11.085983+01:00,26efedfa4e4665f91e6fe29c1e7ddf2c35e32f3168779925417df1e5a708f1b5
2886,0.12679128552881586,2026-09-12 09:03:11.085983+01:00,6f50b83767415719226619209121f08befcd1d465f31bf72d5ca2cfe1ec54a91
2887,0.06136197757631451,2026-09-12 09:03:11.085983+01:00,758a83716aa055bdf80242e028d06b669da586f89194ab10e8f100a36fadce88
2888,0.07616757014814553,2026-09-12 09:03:11.116488+01:00,0a9edfa8dac3819668d68c35cd8ea7464c7a1897caab8ee4d0805a32224537ec
2889,0.030913711714370486,2026-09-12 09:03:11.116488+01:00,2458f9d397317ae8ff741ca7a9a3713d992b6e88c39a5122e0c3a0469ddd7060
2890,0.054392489858909876,2026-09-12 09:03:11.116488+01:00,4d4125bbcb1dcbe208473fbd3bd273d95859c6793a55c55b797d8b3333cddc9b
2891,0.02193205920501642,2026-09-12 09:03:11.116488+01:00,6f9abfab30feb49e0c14b4e04fa6e24908c4310ad505f12d00bb314c67d0a97d
2892,0.09046699569925538,2026-09-12 09:03:11.116488+01:00,9e49875db20264b4360f75c913e428e4f9b419276fde3050343764c0eadcd860
2893,0.08346769568450856,2026-09-12 09:03:11.116488+01:00,7e984f61718a4e29a8509377f8b56b57e9d308a3d8073714df9ec9b1c1b13140
2894,0.07698409764620667,2026-09-12 09:03:11.116488+01:00,5a7ee06a06478a3e54d56ecc34c22b9d62732f4d8fcef274007c4f59b21a84e0
2895,0.06233513001063998,2026-09-12 09:03:11.116488+01:00,834878e13715f2c0bc755499dc7bdfe2284a2cdde94e4e014522ff646bf7e9fd
2896,0.07448192992565784,2026-09-12 09:03:11.116488+01:00,9f5715ee3d44a9dd5a164f35b980dc7bd95e3fd2efc404157b1d770f373ee2bc
2897,0.06373164748694472,2026-09-12 09:03:11.116488+01:00,a36a8ba5c75b73f2c2a817c5b7a08ed3e4f6d2b6e76c3526cd00c9506b0cac2c
2898,0.1714011373618972,2026-09-12 09:03:11.116488+01:00,40d3ae1bc15c49a21c6cb9b033108c75288d8340d845fc9118b353193ddc907f
2899,0.06653595374870336,2026-09-12 09:03:11.116488+01:00,1ca1b460ec28c7f9334a88cef57b3e96db85308b2f2c79f9b8d449f27d7db2eb
2900,0.06840253553136182,2026-09-12 09:03:11.116488+01:00,326429852ed767b50fa6d47574ca64b56bc0d34500b8bf913f4d92761086d2e4
2901,0.0587870459783822,2026-09-12 09:03:11.116488+01:00,71d38247a8159d87b9522a82a6e02efc8939ea61e0f39f7e6f367dd1fa99bbdb
2902,0.07799967300594718,2026-09-12 09:03:11.122475+01:00,b748555b58b26042f618653ed98cb0daabca9f50249af26dac37a772a025e237
2903,0.07399014921706322,2026-09-12 09:03:11.122475+01:00,967b5ed14575831c4629e1cfe2769ba1605b33402242e0503f0ee586ef8cccb0
2904,0.16196274964774626,2026-09-12 09:03:11.122475+01:00,8069e6c2230a87d0df8c27f8ae6e891ed40228b1c37931239b47bba6fdb0d6b1
2905,0.06239564101705092,2026-09-12 09:03:11.122475+01:00,8098c5bf89f4488f42aee4ba3b3808809c91949361eef6c2fbbc9136f59a7859
2906,0.15642915193049242,2026-09-12 09:03:11.122475+01:00,31158984346e9b4ce0afc9bf2c2ece9c55951093a21fdb9ab9381cc91a4d62ff
2907,0.11914356483019509,2026-09-12 09:03:11.122475+01:00,9cfdce21b0fbd0b8dd57c65f4783531b5e203d16ab72ceca50a70a37ad7cd89e
2908,0.10070263548018484,2026-09-12 09:03:11.122475+01:00,c1ffe893c001bce6274daaec4f459336c5d5b1b9285446378a9470c6a3eb9e4a
2909,0.07196660891316432,2026-09-12 09:03:11.122475+01:00,7e84931470a8cbddee0317d1453ea051c73e35cf65e4177ee699b745f55957ad
2910,0.17540982595815574,2026-09-12 09:03:11.122475+01:00,6bc812b7fad84c6bd66bb2a91724e3a01c6973f89d6d3f60f171eaa5bfe12b5c
2911,0.04347049840096329,2026-09-12 09:03:11.146430+01:00,12e18cc6ed14c0dfad2659677d5c3c9d4ea13161ab0f4423529667d9b6bdeea6
2912,0.09611641491007619,2026-09-12 09:03:11.146430+01:00,f648be21e3e8ce331b08f85d3a6de607248568ae4f8e47887273d3fc9262f0e6
2913,0.15097674756892004,2026-09-12 09:03:11.146430+01:00,b101049bdb7ae967471b0924c80be9e855e6a81dbfccd938e49028d1fd156a3e
2914,0.05653307998275314,2026-09-12 09:03:11.146430+01:00,8687cb931e7d8a1111ae06d5d15050a57001ffcfcdd164422edc3cda0458d90a
2915,0.2261694518130404,2026-09-12 09:03:11.146430+01:00,63aa97bd6330121d1ec6de9f70f15e3819d4fef47847c01a1ae3ea828f7da0b6
2916,0.17735059665058284,2026-09-12 09:03:11.146430+01:00,9e81aaa46c43d12e318e527df767cf6ebdfbb18fb3f7ba46d521c6be185732f5
2917,0.16149628185610426,2026-09-12 09:03:11.146430+01:00,503fdccf764a8e932236300822e41ab58b0bccb0881a1ea1edb111c93bd5866e
2918,0.0203382954676058,2026-09-12 09:03:11.146430+01:00,16b184c4630a253f4cbc617dbae8dbb4be0c8f2e2aecedf59302666488ca8160
2919,0.0675486333499538,2026-09-12 09:03:11.146430+01:00,467e08ce2cb74bb39b555c9e70c7718e6c341a9450ff4f66c7925bcb682abeb0
2920,0.09706916411200847,2026-09-12 09:03:11.154597+01:00,b95a6d80b28daadc3294408e0eff8f0c654d64a73b0fb30aa358d3c48ea3809f
2921,0.05446730315559353,2026-09-12 09:03:11.154597+01:00,bbb6aa21b9b28804f29250671a2b5c214db6d37605b18618f213d69c9c50d658
2922,0.11366547113089062,2026-09-12 09:03:11.154597+01:00,7ed786a0aad916bb9206beb2dddce53b75d07bda437fb6589a532d1b89542002
2923,0.025765255047898516,2026-09-12 09:03:11.154597+01:00,63b02350c680552cd3d90fb641102b9634b8e91979d74becc9f7e636f469adb6
2924,0.02989771830019413,2026-09-12 09:03:11.154597+01:00,84444fd6bf654db780813a996570aa5e73cacce3c05e36a1980553c2b4bb8ae8
2925,0.04009668330434352,2026-09-12 09:03:11.154597+01:00,f61339c7cc41450ed21ad7c8fbe9040ba5f65ed931fb9fd3b97a0fee48b5ea91
2926,0.02906325100365115,2026-09-12 09:03:11.154597+01:00,3e246c612138dfba5f80acf295b12e7878ebe32964142e70fb70f32b44b759ca
2927,0.04827622318726679,2026-09-12 09:03:11.154597+01:00,92dc92f9bb738569c0ed50cb78f6caa6eb81f9b700c7b8a17d2e4f2ac69f23f1
2928,0.028429422320113137,2026-09-12 09:03:11.154597+01:00,b2e4c1141c8e9d782369aa089209d4dc1d57ac1e92dbc4232b95ae53e245aacd
2929,0.06163011206887216,2026-09-12 09:03:11.154597+01:00,2dd312d5ba2632e71af22efecc0a1a59880e4874b9ab24a3ae3fe0c2c3a3bc0c
2930,0.05428887305809431,2026-09-12 09:03:11.154597+01:00,1794779d7f61af5db7b56a5c818dccbfb2280ade7ca1b9fba4618d16441eed58
2931,0.07251130958348936,2026-09-12 09:03:11.154597+01:00,c0177fdd3a4b15003311593bc46a48a5766556ea70ed6865bd5c3b1655cd9a80
2932,0.05745249827631663,2026-09-12 09:03:11.154597+01:00,bbf387ef6b1fee1ab7e63c6fe1af97d738445177c26045c18d87234dd47f0c56
2933,0.07356772713221787,2026-09-12 09:03:11.154597+01:00,ee94a902d39278992bbdb9f7622efb494d37cd8cf3f97d67b921ca32a90ee7d2
2934,0.07235969039139198,2026-09-12 09:03:11.154597+01:00,2d0ddfa81b0d49f301ddef776d3575ce87b40c4cfd7e743ed12d4b0e424bbdea
2935,0.09149391596505006,2026-09-12 09:03:11.154597+01:00,3eeb5ae112cecc721a41ece9bcc6340b7b4f19d74901c46a8ed61dc02c678864
2936,0.049965381962607684,2026-09-12 09:03:11.154597+01:00,e9448cb4a34984bbd24dd1d8c3d6ae8340c6c23233dde2ef8401c2ea36a206fd
2937,0.025132126767196967,2026-09-12 09:03:11.182616+01:00,da6cc56fecdf4ba3011caf9d01e8e21dbd01f5f1f38bd1222c0b3fbcc6b244db
2938,0.06388310862635112,2026-09-12 09:03:11.182616+01:00,31ab8b1bf0a3f4a26f831561fd3652bd43e41f37c75845111c0cc641a7d25cd1
2939,0.09258833312650108,2026-09-12 09:03:11.182616+01:00,f26d15e1f4baa900be39b1191d5225fb7e4c202420486b522ea51553079c06ce
2940,0.03266347150680745,2026-09-12 09:03:11.182616+01:00,509562a14503c6a09a09a2d6ac0c324591f27fc578346a4364aa805eb88bd38c
2941,0.03663283156389455,2026-09-12 09:03:11.182616+01:00,3a309fc60adf72abdcfba177c282cb37ab139b750379beb9f25dcfe5c67f9d16
2942,0.04030425906410509,2026-09-12 09:03:11.182616+01:00,5f5afba2b992a3a70a47ea0b9a109930ee86a8c15e1662809a507d707c82a8a4
2943,0.03602217850314512,2026-09-12 09:03:11.182616+01:00,3f4a17eb7b2c48b750d17b4f4ba4065300eba17ec7c51d3545cecfc4fe4edfd1
2944,0.03549856040070044,2026-09-12 09:03:11.182616+01:00,14e24b4ed4b2c4e937ab0fa51d1823d01e388264d4a3ea400c160696a645d257
2945,0.03674639220758414,2026-09-12 09:03:11.182616+01:00,ae869cb6e961774b8971878b3c8ea67960b50e6b738af2defcb747dc55b428c0
2946,0.07175314276017754,2026-09-12 09:03:11.182616+01:00,7bb0b46d64dbe4732bb425b975e10eb5ecc02d9445b349eb1a358295b64da49b
2947,0.07916979689705632,2026-09-12 09:03:11.182616+01:00,d20bd2972334e2678224b13b5e3e5ef1aa4957c1c20eff7bb140fe3bba2e7423
2948,0.07029429925788369,2026-09-12 09:03:11.182616+01:00,faecc452f53bd6ab612291088372f1c7d162d2f41e3dd6c9b1d849187d4e2435
2949,0.05505463556508632,2026-09-12 09:03:11.182616+01:00,d0566d3ff99f73424c70eeae3311e45488b851d8b4d4cc58a96e9eedff38946a
2950,0.09632087750318015,2026-09-12 09:03:11.182616+01:00,487ce0f14dd5510e9ffade6feb7a7065824c552769b6c8f8fc1fa9cb52c5141a
2951,0.09633596150569954,2026-09-12 09:03:11.182616+01:00,2a5286947684b953bdf960270d7289ef8dbb9c144f7313ccf0bb99273e002725
2952,0.08918029686807138,2026-09-12 09:03:11.182616+01:00,9cdbecb829a0182be5d7fef0420a63abc678b26709a0867f8388cab60f4b5bbe
2953,0.04241972787655892,2026-09-12 09:03:11.182616+01:00,1173f0be9b0ac7b5749f1e671179092c27d0780a809e553bdf96b36e41d605a9
2954,0.13018225427000635,2026-09-12 09:03:11.189115+01:00,1837f9f927cb9bf06b1f2287d4f5612164b3d198f2316a8e24cb081936013e91
2955,0.19387089049071435,2026-09-12 09:03:11.189115+01:00,4fa9e6e2faf29a0b2b90bffdf90ac1613a43ba53309d4c47e90a5fc3b9fc295d
2956,0.11537423275998762,2026-09-12 09:03:11.189115+01:00,f320881b80f4e4fb6e7d30b9bcc073e414e3060f785ceea7eed387b85904c207
2957,0.11770570792325459,2026-09-12 09:03:11.189115+01:00,8dd4f0d642d690a1418a7ff1a278dbf9c78076c1195791b7486bce533d8a0949
2958,0.0861572335776209,2026-09-12 09:03:11.189115+01:00,01fce41a950ff385e5e94c8dafaf5dfa34179c9e178350bd4edab641f03b492a
2959,0.1249555416047241,2026-09-12 09:03:11.189115+01:00,bea88aa3ca4b6675b1b2aa60af12eb39e8c2edc5ee23af29b90fe9441a450f29
2960,0.07697505132003239,2026-09-12 09:03:11.189115+01:00,89daa5acd7e6e31ba8ac5d880c848e1e1ba367dd910976fe8d4ee9e9f9239e54
2961,0.06007691958057751,2026-09-12 09:03:11.189115+01:00,d680947033bf7c5bec2e85c7a38cbfd13e373494b9b254b23b6fa71f09759475
2962,0.035448616558895175,2026-09-12 09:03:11.189115+01:00,26a9c551981a73bf6c45559185c93fa445a58dd36f6617b9500b528c91334c6b
2963,0.059253551914187165,2026-09-12 09:03:11.189115+01:00,a06b88c4341fb148b14ec61c3eeaafbf9435ffb2719be36b0d2e00a99e7154dd
2964,0.13918321453773835,2026-09-12 09:03:11.220666+01:00,f44e63d8f96e03b89f97cf22d4af606e684018bafb36a0b8156513e6c19e18b3
2965,0.1320304704209464,2026-09-12 09:03:11.220666+01:00,99538a53b8faeccf9686c565848e46b9e2c3c80ec3b7b223d25943f8b40d35f8
2966,0.14258556533744318,2026-09-12 09:03:11.220666+01:00,76903312d6fbd2ce93e051dd8e47904b880b19dae4e7b79daeafeea5601badc3
2967,0.1038430038492458,2026-09-12 09:03:11.220666+01:00,29f44c376da85b905cb1da3b14b74cfc8644c79a8b455b84896a4a7650d427d4
2968,0.08689493225295798,2026-09-12 09:03:11.220666+01:00,35c4af2d94431d17851d20e8d6dcb71f4f4b43a807580fe6da1c14d7348269af
2969,0.13909433185900066,2026-09-12 09:03:11.220666+01:00,51c2427d8fdd7fc40424228ef8858bd1544d0ff7b4830622504205032c36f856
2970,0.09850042921954842,2026-09-12 09:03:11.220666+01:00,8b6b04310863f55d09efa77c24e4469c52776480be394c38d4199439771651aa
2971,0.04982109249711372,2026-09-12 09:03:11.220666+01:00,39efc446218ae7a67d022e45b3ddef82621ca53800cd4273a47392d8a784eaf3
2972,0.04003622007098638,2026-09-12 09:03:11.220666+01:00,7c361097e52bdaa60943a1b9e30c21450081997451b592c29dc50fb539972707
2973,0.06801073995501905,2026-09-12 09:03:11.220666+01:00,181b12fd49b5a00e57d0ce52c18b1c601882e22b04fd48d5818d49a315d64442
2974,0.09221865025442656,2026-09-12 09:03:11.224219+01:00,d55d857bde16b4589aabbae0770844ebe16d886991f91e2190347f4ca1643994
2975,0.31033033058160464,2026-09-12 09:03:11.224219+01:00,4dd69cdae764ce6126b9ee698fc84b9f1eb90b5bd7ee9a58884df4157450a787
2976,0.10813241910765069,2026-09-12 09:03:11.224219+01:00,f7f2b7bd45256699b58cb6b5d4be9939a7864e6ccb28195736b6fd445f8fae69
2977,0.09592096038525942,2026-09-12 09:03:11.224219+01:00,fd18faa67ac30e2edcee64bb75c78c18733d252639fb73880a7d771938228a8e
2978,0.16633249186983468,2026-09-12 09:03:11.224219+01:00,58a22f6056b751150a35dcad433d0fea225f08dd4a6f0d15c0970187f7c8a21e
2979,0.15710583939637426,2026-09-12 09:03:11.224219+01:00,3026e46b83dd3a5c737c9650a2d15d305a21b05da508708656748ac6dcc50d3c
2980,0.06995930840484964,2026-09-12 09:03:11.224219+01:00,e982902e611027f44f43b53363338f97aa925a61052a1598e8e2b0e30ebe275d
2981,0.0834401691546693,2026-09-12 09:03:11.262681+01:00,d78c3df6e60b865cfdaa461b8759178a2cfadf6ca960ba77b349d7fe6326f9b4
2982,0.18412990431248322,2026-09-12 09:03:11.262681+01:00,5b9bd90a12923d3137c8eac0ae84c90b9473c97d4a21e4a8fa3319c09b4e2e1c
2983,0.18405640867099693,2026-09-12 09:03:11.262681+01:00,cd5963ad4d5b3df284dfed4582747d2ce30b7c37eebb521873d70adb56ff894a
2984,0.07363041407689984,2026-09-12 09:03:11.262681+01:00,4a8e931b062eb441d2fe826771f6f07972d5998888ff7a37152e5ae649cfe1df
2985,0.2623905022199863,2026-09-12 09:03:11.262681+01:00,382ab9625759308625c5566cc68388b640269d8407a9be6001b31a67c7769ed4
2986,0.13965145460600817,2026-09-12 09:03:11.262681+01:00,7a3c572185aa4799c6c679367f036074428c8d29f4cba086e533bc0cfe25412c
2987,0.07270114695895631,2026-09-12 09:03:11.262681+01:00,19471e34c6603a8ce973aa537dda62a89fc8ebad986f9c99a6467e75be3a959f
2988,0.06108507527899784,2026-09-12 09:03:11.268337+01:00,8201e7140c1ef26778f8d7b16063071666dce143c04bc277f40db05a0e59d04e
2989,0.0963865061619739,2026-09-12 09:03:11.268337+01:00,499137f10366ac0ac8f819d49c01ab24ba4e110ce7c6c1839c9e26acecec0e0b
2990,0.20323929893128223,2026-09-12 09:03:11.268337+01:00,dce6ae6efbd6e1396bb797b6173d3bc80c153a7135a67e86093d0897761ec08f
2991,0.11957220311097896,2026-09-12 09:03:11.268337+01:00,3c4d4c4357258f822fa4ddbfaceec18e99400a5b810f7fc0e004cdbda8c1ca54
2992,0.08933381732909992,2026-09-12 09:03:11.268337+01:00,b8a061601612e5478389fd32e4c7722762dc51652f6f281e185d81ac0bf48b59
2993,0.09588251919906651,2026-09-12 09:03:11.268337+01:00,a673495f0306c591847eb3a127965d54cc82df73faf9181dee4228f7f50a9ea8
2994,0.03565324846826014,2026-09-12 09:03:11.268337+01:00,6d7b7d1faf9c509f9fff7bfc479956f2ba59d7421d8f9828654acaa2390bfdb3
2995,0.0662698155863399,2026-09-12 09:03:11.268337+01:00,fe6138c58ee74dd4324d09efad8f4aba5931286e020e4607f75e1a6d02eac7a0
2996,0.11853780056447574,2026-09-12 09:03:11.268337+01:00,9f76a1958197898f8058d9c64b8942ac325f68b8818440047b7beb4f71634bf8
2997,0.11403971536952474,2026-09-12 09:03:11.268337+01:00,e0f57eef25c71d22138f7642a6d5113e1557482a32de34b91871187f6ae76977
2998,0.07618935317200418,2026-09-12 09:03:11.303325+01:00,6afeda83e23ee153031d79c20d6cfb65a1d8c966464cc1584225bfd8801cb20b
2999,0.0844691638398178,2026-09-12 09:03:11.303325+01:00,11abf4888463a0f2836369913d789038efa5cb2c899dc665d49a17a6d79b7008
3000,0.2130033753492839,2026-09-12 09:03:11.303325+01:00,f250967fa86b5738700d8ce588c13b566c136d24b325859672c47afd613fe439
3001,0.11075753411215901,2026-09-12 09:03:11.303325+01:00,cb2d773007c3a2f491f2d43182ae1b8a93d4ef5de63fa9ee65526307cc515a00
3002,0.09596427338202208,2026-09-12 09:03:11.303325+01:00,c7fa13e041fea83734b8322fdcea373a9a6832427e11ceae55b93e76e01f17d2
3003,0.09587363052921617,2026-09-12 09:03:11.303325+01:00,6d11812993e58670fec5f906389f957692b2a7c9920bcf86302fc1e1dfe26f66
3004,0.03437163674264181,2026-09-12 09:03:11.303325+01:00,8916c4eefee9b22999ba360863e6dbc40cd3c882eefc07def3b771b38762b960
3005,0.06271460105960376,2026-09-12 09:03:11.303325+01:00,6dd4ed366e20631e8c95c639ae1538d434c50e4e17aecc5a60d33f9995c150b8
3006,0.12393794598400454,2026-09-12 09:03:11.303325+01:00,65daefed3be46812d537e08b63e635f6edef37b04c4d71d2aeae076cee9c8df0
3007,0.10271848582924681,2026-09-12 09:03:11.303325+01:00,b9937fa72b191f240d69c6f29f3196f0844ef98834191e921be76023ba610d9a
3008,0.024910991131055233,2026-09-12 09:03:11.308977+01:00,bf364a246bc13053175ea2bd9f757a098fde8d45f1f9f1ea828ea99edc9e342b
3009,0.10941731047302972,2026-09-12 09:03:11.308977+01:00,21baa8adfff5655d2e95c8db108c416c4917ad6714e7b8e40c1be867cccd1c4e
3010,0.1579092788319858,2026-09-12 09:03:11.308977+01:00,5829f4db80de4258fee37a424d83c3e1395d264d5b7e11761988b2e5905939ef
3011,0.11289723097219809,2026-09-12 09:03:11.308977+01:00,9a053516acba946eb1a924e84a3a5769a1a3c3485a0ebee400795e2ad2558371
3012,0.05438038571555951,2026-09-12 09:03:11.308977+01:00,4dfa10b4db7bddd9bf3be263d7d0535aea63f636c14845eff45617c101a89a76
3013,0.04742232353036763,2026-09-12 09:03:11.308977+01:00,20d9b8d6366b92083308bce52e6e158951eef21d95ceb02ffc690cf2fb075779
3014,0.08690007010613185,2026-09-12 09:03:11.308977+01:00,65788cf5a96b06edaab11776e5d5533d2100645fd50d86264c5b7dd68308ea1e
3015,0.08357994990930494,2026-09-12 09:03:11.308977+01:00,6446fbfc8270146da4ff058e6fbec24ca15e798fd397c08adb6760413f93b10b
3016,0.07791769424553341,2026-09-12 09:03:11.308977+01:00,5459b13e8d4875d67dc1529b287cc12d62ddee79c1a2255efcb2e56d7e3e3a22
3017,0.06216426910670644,2026-09-12 09:03:11.308977+01:00,2eab0267b01cdf641e92cbc114add88c9b34ee6c5fa118695469aaaba490b3d8
3018,0.08519497680225646,2026-09-12 09:03:11.308977+01:00,2eb6839bb568274577b67e1f995e0fe36e6661290a08caaa438ad4441d0c0f69
3019,0.04088935514863316,2026-09-12 09:03:11.308977+01:00,38aaa9c3051beba3b8250f000a21a02acfcf0a1aa9e52a0f910b32bb048fcd86
3020,0.05641616402723789,2026-09-12 09:03:11.308977+01:00,9df6da061bd290818528f65fe8684b843b58501768e854faecb29d04c6522e2f
3021,0.02153739512208842,2026-09-12 09:03:11.345789+01:00,79af84c1d1bc7a28afa8c4a98df2fd965872941f5dd6f4cf9ab9a4bf51f6c1c0
3022,0.12421524052125286,2026-09-12 09:03:11.345789+01:00,5924850f5709d40638ac6ccb0f7b5c34f3912d66ef5c1c2f17b850adf5280878
3023,0.1295656850307678,2026-09-12 09:03:11.345789+01:00,aec36d0daec62ab3e68b373cb75884c279207fdf8496be66a3b251da6f35969e
3024,0.08898690087147865,2026-09-12 09:03:11.345789+01:00,1d8c1188dccb9167b41cab1eee08f0d87aeb369c42b08777446eac333cee4119
3025,0.04720171637716176,2026-09-12 09:03:11.345789+01:00,688fe81b4273d24eec30f9c87ed887f9769ac759fffb0a02779ad4c16c84424c
3026,0.05923452236647757,2026-09-12 09:03:11.345789+01:00,c646f526e6b468015f41595ea322d3e307dbd07aee87144f5fb62423d80eea9f
3027,0.10362191159475923,2026-09-12 09:03:11.345789+01:00,8a387de4204dd8707619708b144047a1a1b93c310b8deaad107725c0ffa8d400
3028,0.08457678436597185,2026-09-12 09:03:11.345789+01:00,6b4c69a3baed1e9a8494fd8b62a810f19fb79011289d752480566d6fb9a4a66f
3029,0.08326269559675865,2026-09-12 09:03:11.345789+01:00,36305b63a72c4c9aa1d5c2728d0e5c2daf78f7b074f26751f5eac64cf20d1416
3030,0.08554812082578049,2026-09-12 09:03:11.345789+01:00,968a1af960785931959e27f85986bed571889a39d30c3cd7c8d841c15352b365
3031,0.07652294628207856,2026-09-12 09:03:11.345789+01:00,dcd71c39828480efd5c8c615ac5a7f2fff3426e13c34ed6efa799d5e0f3d4501
3032,0.054000729941321754,2026-09-12 09:03:11.345789+01:00,dd3f79bed73e5b0d26546388ae4dcec5a447acedc1974bc6a9ff594e9bf445b4
3033,0.041725351104102575,2026-09-12 09:03:11.345789+01:00,adfc4fa488f248d849dd0841349be2ba4d05cf52918876edde377afa3a984669
3034,0.04932065737261476,2026-09-12 09:03:11.353446+01:00,a9308bdfd4f1f6d3e17434ec710a89f272603b0f6646e17bd2448518219dc91c
3035,0.1191354890619374,2026-09-12 09:03:11.353446+01:00,0d65e76ce59bddb9fbcaed4da5c964472e1f73cba8b07bdaff197c1b1c1636b5
3036,0.07556860505830526,2026-09-12 09:03:11.353446+01:00,e1e77879a8511a04168d0348cb48cdc195de4d13b30f97479cf5587698862089
3037,0.09847659076309627,2026-09-12 09:03:11.353446+01:00,d9654737dbd5c242398137b4467c11a2d5d09e1de536fca3f370ec19bb8069b5
3038,0.0477467732131403,2026-09-12 09:03:11.353446+01:00,9bb1fc70c99cdeebfc67a0fe139a3735e627bb8e216ab36fdc0f493727005bf1
3039,0.03525376775144175,2026-09-12 09:03:11.353446+01:00,d07ee23329fb59595742b991b31e7694454431ef93bd529df4edf8200e9e32f3
3040,0.037367202955024686,2026-09-12 09:03:11.353446+01:00,f167d4df741259fb10bafc0bf98bce9ccf605019e1e01731c2eda3016a930491
3041,0.0641282356769913,2026-09-12 09:03:11.353446+01:00,cbe0c3ed822859937425f2c08e5869b7b0c1c093897f36897e65fe21f5d844b4
3042,0.04798162909136177,2026-09-12 09:03:11.353446+01:00,71de63090415e01d77a868142e1684b1a43336c427ee615a988382ef4bf6e06e
3043,0.05949748032018782,2026-09-12 09:03:11.353446+01:00,292b25c91450837a95d31655f11228447c0f356db29e94a4c39641619f59db41
3044,0.034815126589195146,2026-09-12 09:03:11.353446+01:00,430f2388e29d92531fa0f4a352b80896f0e6de90cea84c992430f3ceeb3706b8
3045,0.07419970280485992,2026-09-12 09:03:11.353446+01:00,6c1d7710b2a1abef4e79c7fbfb73184b483fb9678ca3ec78f6193f1a684e1f7d
3046,0.04059520950169496,2026-09-12 09:03:11.353446+01:00,8c7699969ea6f2835b2a0d904f2d54f6599245c097460ca440ae120503ddbb78
3047,0.07267695014549948,2026-09-12 09:03:11.353446+01:00,e2efacb32c54b5be87d369b27f959132b093523fbb03aec4b6060214dc8cd3c7
3048,0.09733701351909184,2026-09-12 09:03:11.353446+01:00,67bd1b9db301f81616919fa8fb07c2cd417a327942aa34974c2d97ed8c9684fc
3049,0.04589956617555727,2026-09-12 09:03:11.353446+01:00,b454189340f3239c02302da0dc941cca0b298a1c9017584b7bddfb7603532ba5
3050,0.06733485839633663,2026-09-12 09:03:11.381138+01:00,0409db774662b46ebc53d6034fdf984907c4f925d38f3acb6eef698d20f62be3
3051,0.106317913210493,2026-09-12 09:03:11.381138+01:00,449801806ad5a59a91807a61b04a8161cbcee8279ee45f65f704443273423ae7
3052,0.06947054863502726,2026-09-12 09:03:11.381138+01:00,18a00c05efa0285171c7718724ced819391f1ddfdc710a301f5a4b928de08ff5
3053,0.1114022302374613,2026-09-12 09:03:11.381138+01:00,344c063d18267ab9c7313fe88430bdc05e7369297e73b23202cde441693fd74a
3054,0.03927313835547916,2026-09-12 09:03:11.381138+01:00,3b4a81e2b54735915ae71037d58a2290bed94a6f15199f7bfb6713f59ae28fb5
3055,0.04369816513178742,2026-09-12 09:03:11.381138+01:00,828a91f19393bdeb0159f5c2a8eaaf5dcbdcd2e2d9649da169719d9e57d3ed3c
3056,0.03733591516116042,2026-09-12 09:03:11.381138+01:00,7bf346421a19968fd75407db4ff57aabdbbab78b7d59bf6276da2ae0612db8b2
3057,0.05814525167262107,2026-09-12 09:03:11.381138+01:00,a76b73497be09ac707cca4a76aadbb23a6bee550a39c8ac105fc7564b5119eda
3058,0.04043280683110529,2026-09-12 09:03:11.381138+01:00,51db00b73b3cb0296867fbccb2d42624c21358b96b877c80951a8e77db8e4a1a
3059,0.055338347538555724,2026-09-12 09:03:11.381138+01:00,abd674471005abee79e823e365935f5b5e1be656be55f8c7aaa4a922ab34a99b
3060,0.07225142080180143,2026-09-12 09:03:11.381138+01:00,1626d297c17b03edc617abe938028e1120990236d0b58e25ff4d9d4edddb5489
3061,0.05460564269518978,2026-09-12 09:03:11.381138+01:00,87e504039f3b156a7dbb9ad4b55c807407c7104da69b4afaa97107fac18809dc
3062,0.041209977668723426,2026-09-12 09:03:11.381138+01:00,bc93c64281f95822e86a6b8056d821388895571feb1ff4755ffbeffe30ea8b5a
3063,0.05991885913281798,2026-09-12 09:03:11.381138+01:00,418516d2e45a048bce127d4bfc62ff9b6bceb141231696b8c361464c669e3335
3064,0.08741464793678838,2026-09-12 09:03:11.381138+01:00,3450b4d0a349eb339f207407fc48009cbf35af0ad410302456e0117f6f3e6ac4
3065,0.055850276594651804,2026-09-12 09:03:11.381138+01:00,4cbf23427c5c6d0a55d0a278894616848183e30b35854a25331d78b073e3d6ba
3066,0.05766349522984269,2026-09-12 09:03:11.387897+01:00,fc7cbf4c74d8d33a7c5e68b4ac1c64605eb56c5b2ab10998d1d7295a7dfe00ad
3067,0.05529028061647212,2026-09-12 09:03:11.387897+01:00,812f574e41adf0406e393643a4234bb22558db71a1215994f6958d4d30e2022b
3068,0.0641370006065266,2026-09-12 09:03:11.387897+01:00,8ddd18d34c5216a286cc98d99909afa46a6d304209f38ad1e4ab7aea4dac0465
3069,0.04312582688140819,2026-09-12 09:03:11.387897+01:00,b17c6d6c18947d51eb1cc511d29a166d838f5b71944b70aa7ec4eba90cd617db
3070,0.053778903422021,2026-09-12 09:03:11.387897+01:00,3e8906e1c016e8603238b019189832847f1d15beb361cbff537809d57574df7f
3071,0.02625127036429591,2026-09-12 09:03:11.387897+01:00,adc7e3842181bc23483101a32e61c1e941da1e779556e038e5053fe12fe8dea5
3072,0.041485454059267915,2026-09-12 09:03:11.387897+01:00,faeeac7914e4955153b09253f6ef346b94bbade8b45353bbd781869d474dd2be
3073,0.049087020566438995,2026-09-12 09:03:11.387897+01:00,48bebd6089c74099881a3f5b4fa42a9fc51dc3872b0cea5dba877852b3d5b06b
3074,0.031575935639225554,2026-09-12 09:03:11.387897+01:00,0da12dc6c4883957688eb433ca8b2e46dd473b4fec5401e9c9120624cac9bbc1
3075,0.013434787283458878,2026-09-12 09:03:11.387897+01:00,542aec9dbbed8dd2f0d918efafd559947005b8598cb72cf0ccc4235e0ae58592
3076,0.020684758051830576,2026-09-12 09:03:11.387897+01:00,5a0460b4c0262b27aded4f520920298dbb1ec33e454ec0add5a0acb07e7065ee
3077,0.039313288709393074,2026-09-12 09:03:11.387897+01:00,c5604df4ed74dc8203055c0b00c44a3e55889d643fc9f064ef23f237b96f47be
3078,0.022061028193086755,2026-09-12 09:03:11.387897+01:00,f7279f24f5d114c69d9d962da0dd35f1e5a61c66d9a747c08894f4a2bc4ded5a
3079,0.04010280470655526,2026-09-12 09:03:11.387897+01:00,78f0dc8771fd499d70a92621f425474447e32bb5b647584d23abe414ed03ae5b
3080,0.026904641596336605,2026-09-12 09:03:11.387897+01:00,c51728744d0ba3a43435a46c5db4948d25161cd856e24f6e2e62244f377099da
3081,0.034878215950419636,2026-09-12 09:03:11.387897+01:00,a8702d84a76c9d3061dc6fd8397d12683275ada549ec3fb0a828979e6566a3c1
3082,0.02169276002672683,2026-09-12 09:03:11.387897+01:00,7bb397a179430b980186db2fb82736e3102ad2e4a5c29713bae5ee04f0a6be84
3083,0.03489376532855866,2026-09-12 09:03:11.387897+01:00,2bf9876ea1d94b05dbaf63c144c479fcf1dc34033714f2a774d986b4e454e203
3084,0.03366684606781129,2026-09-12 09:03:11.387897+01:00,615821be1e73c9e219158b1a14b55f71ce692225954f325e0ebf3faa7cf4db94
3085,0.04719033632080826,2026-09-12 09:03:11.387897+01:00,5d11189c3ca85abb2b338c4130c3f46efd9143f50ced5218d8dc1ec0813e94db
3086,0.04644464762867964,2026-09-12 09:03:11.387897+01:00,cb2492c2d1f87d98c940cf63fa9504d1494449493f05c3b2a2171e710d448bab
3087,0.04263439269514025,2026-09-12 09:03:11.387897+01:00,aac142cfef2210d543f9d1669a3493f3c22e94823ac88e94e363d2e83cf47edf
3088,0.029879308861697467,2026-09-12 09:03:11.387897+01:00,9bc28fe4b50b683d93221996fc5d14db02d25e16a9756fa3cdfef8efcfa983d5
3089,0.03255897767340348,2026-09-12 09:03:11.387897+01:00,d05caf93e4f460bb642f4cb5567534bb1f41aa3b9d688fd5f4aeb96b98892c70
3090,0.056023374767144744,2026-09-12 09:03:11.387897+01:00,68aeab86d9639ac55bcbcc9073266f2eeb50d2f3ee3b0ae9929737c17056f552
3091,0.03524087875344954,2026-09-12 09:03:11.387897+01:00,563999264f0d7c893dea2d5112ddfa8e67ca34b0af5823bafb7068500c0b4bce
3092,0.10331644672652321,2026-09-12 09:03:11.420071+01:00,8639c7ecb2f99857fbff39e97da038fcb73b4893ebee35635f584a49a51d971b
3093,0.05375604775712035,2026-09-12 09:03:11.420071+01:00,0d24c656208062cabf8e736cef4f00c123f4ffee1788cbc3cc960b1ae5239aae
3094,0.052052002122666495,2026-09-12 09:03:11.420071+01:00,eea1bed67a834b9f3358981ccc3587656f7b8417f8ebb9a5dd20a29d02950864
3095,0.03911084257053501,2026-09-12 09:03:11.420071+01:00,ab3456a7cd088f483c2fb3084b955b0b87318da21ed11a7a0cb924f413a6bf8c
3096,0.0429527398546552,2026-09-12 09:03:11.420071+01:00,137010e09397eaa4a17a8337784a624de8ae5994302680f0662dff09bce29714
3097,0.013860915336886182,2026-09-12 09:03:11.420071+01:00,5b05fc7c4c80ecd5e7edae9caa2ab2cf5431bc9901413d970396c81398754909
3098,0.035816489640847333,2026-09-12 09:03:11.420071+01:00,cba84b95f5ee31d7ae927f3ff635ab8ba21f5f36418fca4c8703d8c5f1c98879
3099,0.04428424344496578,2026-09-12 09:03:11.420071+01:00,84ec288a5b06a1399a19e89359a6268e64ac9ed0bc2350677c6c9c22c634baca
3100,0.048072424967962685,2026-09-12 09:03:11.420071+01:00,5f70d37109245d8f0c6e51b61f1181cfe5537326daa955dd6dd2d00536300bb3
3101,0.014369826324105642,2026-09-12 09:03:11.420071+01:00,e41dbc9c0c11df3d1b54abfafd3ce2b2f147b74d820ffb2a582fc67b0ac1eedb
3102,0.023222702276037434,2026-09-12 09:03:11.420071+01:00,fed9a4bffc6465e6bd5cf4e38b8bd9bde08eded61e6668c1aa04a2d4cf92e0df
3103,0.0204730474719389,2026-09-12 09:03:11.420071+01:00,55972459347c4e1be69b4516aadd64347450e0693407ab8681b2adba94539411
3104,0.03288056813260851,2026-09-12 09:03:11.420071+01:00,3b6abd5aa596ab3e9aa4e95b723848455dbd83365d9cda1b30ce9ba30887b52d
3105,0.03290266168146975,2026-09-12 09:03:11.420071+01:00,ef8925cb1b55b0096118598e12d44f28c1e65b19ebf43531a08aebaee32a9976
3106,0.03578265605996053,2026-09-12 09:03:11.420071+01:00,3a2ab059d8d69753c7110a31ac677ff566ce3322bfc4a10f199c75093352e45c
3107,0.025289800418122996,2026-09-12 09:03:11.420071+01:00,d6cc9d59eccd35e6e86a1cd627da8d60de80c746763c4bc57e483ea1d2e13328
3108,0.025790105062100287,2026-09-12 09:03:11.420071+01:00,a1dbbcfb8688cc062af18a3eb46eb6647a736f85bd38d01baec0a664c1ced7fa
3109,0.03671318369145138,2026-09-12 09:03:11.420071+01:00,5a43b3bed7599e16791e211caf3df8dbe953a2070d1a5e8a21d3a0431790cf4d
3110,0.03105848012333273,2026-09-12 09:03:11.420071+01:00,07dbf6da57f93b810be4b18106053695e64d259f9735244e846eb6492bcf67e2
3111,0.04573482856618679,2026-09-12 09:03:11.420071+01:00,0f96b7e48c23fa164a155a1d48b70df8a9e482835f4c760f06189ce4612e87d9
3112,0.05243184878168005,2026-09-12 09:03:11.420071+01:00,baecad0969f81fac4fa408efbd5e05666e7e4a76a2965346840d313d803cb204
3113,0.03954784725512479,2026-09-12 09:03:11.420071+01:00,570a28c7e06f5cfda392a85317981075f8038fc3832ea0ca354332c5c56f6299
3114,0.03598526529312734,2026-09-12 09:03:11.420071+01:00,5f94ac6c6e6431e57aab1aa3e5803db11f0aa5f6c17d08247610acc21fdea8bd
3115,0.033727138304089854,2026-09-12 09:03:11.420071+01:00,b102ebc1df798cded8693953f255677cd25adad1dc86f268267cb2134433a7ec
3116,0.04603208562358228,2026-09-12 09:03:11.420071+01:00,ecf76035232729d497f43ba4d2fab1c5f69a8e79af828a03800469fced1c3d50
3117,0.03483580251291853,2026-09-12 09:03:11.420071+01:00,0280e4f5da55e35981515c94320d7a92d8507dc5a8d94980793d24ae8b2c3174
3118,0.07578880391402795,2026-09-12 09:03:11.429512+01:00,3a1464047bd73e3e5695662a1a361c62cffba5d009ed2765f4b632ccb42f3ace
3119,0.12114811673210098,2026-09-12 09:03:11.429512+01:00,781fe67a50b1f00eb9fcc731db1ec60b845108adb0ac91cefdd7e4a9ac3e3363
3120,0.0947089417068037,2026-09-12 09:03:11.429512+01:00,68e9d07f946543b7a93f36b61c98269a8570546c829c756da9d99b31d9f2cfc1
3121,0.14695591134689268,2026-09-12 09:03:11.429512+01:00,1e85d7ad0485354361d84854dc83df779fad5d2644f87f762dc7fe10e7b7e864
3122,0.1094767051591967,2026-09-12 09:03:11.429512+01:00,6399131786324cec3c311d9e3d6f96bdf5e81950faa81fb03656c22871937d7a
3123,0.07435611849305312,2026-09-12 09:03:11.429512+01:00,8ac092216365b922550f918fb9ab7fb00b680178aa49f55ece5f6fe158d0fca1
3124,0.029674711320645707,2026-09-12 09:03:11.429512+01:00,5842331cd2b74eb997bfc833a4d7428e5fbe1051cc4e57926b415d52ebab9681
3125,0.07675064696724006,2026-09-12 09:03:11.429512+01:00,5a094c0533299600bf9b3bc2888b55efda93c36c0f595406a7799eb882eb41a6
3126,0.09382932639232686,2026-09-12 09:03:11.429512+01:00,ca3d7eb519c64a6112b15a30e5c9860d1ab40eabe74fc0226324ff2786425f6e
3127,0.04816966685289461,2026-09-12 09:03:11.429512+01:00,a69ad0c17d3e59cf2484c45b65ec678df02bf25d2c5abcb2c0a5b528e67d1abd
3128,0.1291410511148174,2026-09-12 09:03:11.429512+01:00,a1b22a42f3b4ccb3d4ce2a460e11c2b55d8d3de02e599b01696423eca8d6f285
3129,0.0709345731300775,2026-09-12 09:03:11.459336+01:00,20a06c804f342a95b83b0437d7d86f970fbcec6a300bcdfe85294e7995ccbe1f
3130,0.12411244575789823,2026-09-12 09:03:11.459336+01:00,9c3dc1de3cc98224e5ec42c136ba407dacb76183ad392ccf1722f4b4feacff0a
3131,0.0798746892828055,2026-09-12 09:03:11.459336+01:00,21b8dc2b1c02c7c24dd48a974ec067b4c8eab9edc6c5b3aaf29b782c796c6dfe
3132,0.09691150538254287,2026-09-12 09:03:11.459336+01:00,a73db193ead8fd2950cec4873fa17090605fd6b9e9febe310b0e63b84eb1a723
3133,0.10862614920912103,2026-09-12 09:03:11.459336+01:00,fc01cc13d4c8919261e02eb1dab464a3b124e88777bc3119b25cba75a1448bcd
3134,0.06814709592131213,2026-09-12 09:03:11.459336+01:00,98184b318f47ae3cda2b1f96fe28746af674b718fa108cc42d918cade7c56cd6
3135,0.023892245152159767,2026-09-12 09:03:11.459336+01:00,95e624b211cc26d93900a89e4c3f8b351d8dfd991f7a55ef69015caee736fbd0
3136,0.0656678764995806,2026-09-12 09:03:11.459336+01:00,67a992bd6dedfc271c34f48822c0a98d1c49a564b806c1ed507109cd33cb5d46
3137,0.07819123239633068,2026-09-12 09:03:11.459336+01:00,1921f4cba8dbcc700f44d0ca627d1e67b9a7a9060d18faf0c3e1e8eeeb2a6a2f
3138,0.06037317136018567,2026-09-12 09:03:11.459336+01:00,fead4db2e2fda9e9ddf62e3ea971158c7b0a65567424b0de997e833ea4fbef09
3139,0.22326901590798603,2026-09-12 09:03:11.459336+01:00,9c61490f3d6bd4f804da6e4c1139a27eaaa0ba77aa10a17f854c7b030f4a0a41
3141,0.09751355467046718,2026-09-13 07:16:49.668155+01:00,c8dec82d383aecbe4090437e9d5cb895f36bd531cfb25149acbcca4527b88295
3142,0.084499749624621,2026-09-13 07:16:49.668155+01:00,051daeebf61fe6db1614ea3cbab1d049572445cdd16f2122445159c347cbe672
3143,0.13639646705010217,2026-09-13 07:16:49.668155+01:00,cd01138c9c36b8dcdb5f5c53ebd16ed3e903df7034b16c0966b34fb7c3341ecb
3144,0.07589131138622644,2026-09-13 07:16:49.668155+01:00,e84c983d217663846855f0e953aaaef8f491d30ff51f3c1d9707689a43bd490f
3145,0.06304734135216064,2026-09-13 07:16:49.668155+01:00,7250e2274d1f80090f407514d017ce6875b891042cf460a48ea909ef1baa35d4
3146,0.06600785152673891,2026-09-13 07:16:49.668155+01:00,1002655a96c1467071922231ecc2e2f942ed22fdff748179137b2a161d32dbb3
3147,0.10217019079791,2026-09-13 07:16:49.668155+01:00,f9c084644b663973f1528422973bdf6a002d22446846b49fc3fa03606936822b
3148,0.13409966389310968,2026-09-13 07:16:49.668155+01:00,ab5eb570effcb45f4acfe5907917a69bb1b23ec962e2401f17dae8eaf9e4c471
3149,0.09900930155790139,2026-09-13 07:16:49.668155+01:00,5676318f161fa65b3979f692d7d3f049872d6dd9cc7266d14daea42c3bafe435
3150,0.053950209045771746,2026-09-13 07:16:49.668155+01:00,f682a24b93234038382d4cf42cc0677caa914d5d71125a59769ec2eb39c73cc0
3151,0.08741435909499096,2026-09-13 07:16:49.668155+01:00,271d8a7a1a7f4b328842506ef6c7a85dcdc8642fcaa54439fd94590e87436992
3152,0.052795566391470074,2026-09-13 07:16:49.684589+01:00,cbc00d68deb3f55fd4dffaff37ebe6b179dfd608ed8b9e55b9d343e563d99c77
3153,0.06224575452737004,2026-09-13 07:16:49.684589+01:00,a61bbf4d4235f51e7cf7e614c837b5d66d532e547079ac7681c1d25b8aa482fb
3154,0.1316102445285627,2026-09-13 07:16:49.684589+01:00,d6d5518aaa363d4b67be6bb975aec036565948344f6afde3afe1217416dc4f6b
3155,0.11706060195990156,2026-09-13 07:16:49.684589+01:00,8abc273c38a66a23323ce1a810b7ba41a817daac7a8830eb5cadc73d99fa30cb
3156,0.027625841045275493,2026-09-13 07:16:49.684589+01:00,618c887fbf19db9566f94fcf830b9a893303ce19e570fb26ad75723f8687ff25
3157,0.090309963214524,2026-09-13 07:16:49.684589+01:00,d69e457edb58985109582ea3697c6c69284749b784737c3f91bf757948ce28d1
3158,0.13612321619620404,2026-09-13 07:16:49.684589+01:00,7e9c497c84c94b5098b399d5572ada91a1c18f09a7f3618f3f10a8019b127107
3159,0.11839039835208363,2026-09-13 07:16:49.684589+01:00,ab5798d466aabed2dbeb0671312ddcdbf8eca651323871b38056b03c9ba38896
3160,0.08364778172773231,2026-09-13 07:16:49.684589+01:00,86925b9acb36ca8df9dd968e9655fb7e9464fa809df6c55ee826c55a2e4d4f6c
3161,0.08678475680381834,2026-09-13 07:16:49.684589+01:00,ccd2a18a3b751f9f8277ed8883ff325071918d2e8a59b801899fe918a5055679
3162,0.09340587525305774,2026-09-13 07:16:49.684589+01:00,b736f2089d47b0c3a6bba6d508c93b23fa1af45b64d279c4e7ac344823980499
3163,0.04902632481085133,2026-09-13 07:18:32.222318+01:00,c7f4b3d65d9e823583b65939d9c360915f5398e933bb7f62f53552f60f01d03e
3164,0.05851612064131665,2026-09-13 07:18:32.222318+01:00,d8a04be2f37e017cdc836f2fe8c8a863b0ac6af5098e5bd00fa1f50823e6cd64
3165,0.10780598029947105,2026-09-13 07:18:32.222318+01:00,76c9c4fd0ba7bcefeab0502b3d71471e618e77d350f52267e4f4817d91fb26c2
3166,0.09849748114804406,2026-09-13 07:18:32.222318+01:00,ded82910cc3507f860f5ee2d9af1becadc8295cd43f767d8deca6496ad7ff9ec
3167,0.07064611101193873,2026-09-13 07:18:32.222318+01:00,2bb5d73a7b3d8ffd0f8f1b287b6273655f950e88bbc477dd99cc9f749162eb9d
3168,0.045127909598049964,2026-09-13 07:18:32.222318+01:00,f0b610ac811cd68af87e49570a50799a77b8760b24ca0a44980a175db46ab01e
3169,0.0656514925295017,2026-09-13 07:18:32.222318+01:00,fe555710d5d111f32489d42c339de7e99b5519423f060dff84dc3df5ffbf9e5c
3170,0.0907373087789167,2026-09-13 07:18:32.222318+01:00,2ff3e355e02db5d5aff4c7b9bf42e2d1b17508ea3d5c6aa083ca65e70225a00a
3171,0.05933594833301439,2026-09-13 07:18:32.222318+01:00,6f6a894ac6c3e700e49b83c62ada21afc4c7253f043566bc75c98fcc6a29e4fa
3172,0.08094534826402985,2026-09-13 07:18:32.222318+01:00,c84c75e66377e9eb584661835a9004bf06a419eecabaee7c552a1d3dc7c80b63
3173,0.09829151574443583,2026-09-13 07:18:32.222318+01:00,dac6d2ca2ae5b365e43ab1bb6f45ad59851ccb63a0fbb3207408472d04c5fc50
3174,0.10198757845195648,2026-09-13 07:18:32.222318+01:00,af272f7dfa7eb51167737f65ea6c7515444e82def2a889154b2d82a7a184222e
3175,0.0734308803884734,2026-09-13 07:18:32.222318+01:00,4fbaae92f4b8d80d436aec2ab6b6310c2c1bf148f4e3285bfc917c614f528544
3176,0.03543751498378133,2026-09-13 07:18:32.244032+01:00,2b355c69edb31498f737945782b1b4ce36bd60002aeb0c1199aa39d9ad8713a9
3177,0.05493811870345019,2026-09-13 07:18:32.244032+01:00,61dcf5f182fd38c07287a64b2899a8e944400f05646c7f48d8578b908f144615
3178,0.10723711814719004,2026-09-13 07:18:32.244032+01:00,5f9882d147984d968f21704e572797580e6aeb7ad1782a50018ad79a08759af6
3179,0.11374131408289391,2026-09-13 07:18:32.244032+01:00,8a3a5ab9c5837c8ceb9579261fe9453f7651175237501a983bb1ab3bf3932331
3180,0.06205179845956762,2026-09-13 07:18:32.244032+01:00,e761f32821b646d1a086d0e9be7d9da4f4e7120086e41325344bdf0d1c621b81
3181,0.061935247800957036,2026-09-13 07:18:32.244032+01:00,03a51de27fa2417b43275e080e7cf37026650ec7a57ef1ebc9216aa05777ec1f
3182,0.06582333503027184,2026-09-13 07:18:32.244032+01:00,aaa957c8a38cdcceee5d46e472f33bc65481caa25c1e94a5bdd90c10ef5aa57f
3183,0.08781278342651701,2026-09-13 07:18:32.244032+01:00,4fcbd4c364da2d732b4dfffefdd0db521b4f5c68b3a58ee82ee03720cfa3ada4
3184,0.10339392189440096,2026-09-13 07:18:32.244032+01:00,2a34caf7713f6e39993d08f86bd9fc04355a770f764bbf0b90abdb83ca64b1fd
3185,0.06999143819937938,2026-09-13 07:18:32.244032+01:00,a19709888a6dfe8971a77a2c445f0f8cdaa993de8bf02db894db15639ba3f5d0
3186,0.07923540487106084,2026-09-13 07:18:32.244032+01:00,4feca79545806acd085e47e43a8822e1ea2b1057e33f1b335daa81d615e7f77c
3187,0.09386965908284334,2026-09-13 07:18:32.244032+01:00,a2602622723dcea9ec2d56d663f92c9f0cd00abb93a90a44e776228a0c692ef3
3188,0.06453234531768645,2026-09-13 07:18:32.244032+01:00,5e6dd243e7f86cdc17b64600bc247065e1c77adc978fb311084580be627ae00b
3189,0.3426901961715915,2026-09-13 07:18:32.246832+01:00,1cb457790c905740766f6f2f2ecc1d5fc1d26bf8472f4635052cbe294200ea60
3190,0.22253292665333216,2026-09-13 07:18:32.246832+01:00,9ec51d8f665c3eacdd97e7eff3c33e3be31d55301a9803c008e1f5f558c69579
3191,0.4347768771750764,2026-09-13 07:18:32.246832+01:00,fe9876de64bb9caf2bfa46f8a584dd9ca05be8fcde19998becbd99698e2a5653
3192,0.24362397932170382,2026-09-13 07:18:32.262624+01:00,c3107a179fe4f94554e2def0b90399f7e108f57dc4b84e9b516957ffd0ddc0ab
3193,0.2095517557107026,2026-09-13 07:18:32.262624+01:00,7c717bae8bd14cd0f85f3bfe3b9374b8eac89dc51e59ba3e7ec2fc1da9f73d87
3194,0.5468242649675937,2026-09-13 07:18:32.262624+01:00,323f8b9c83396e542c7e13e4054467e9006648d6ea21091a7f8f8705306686f1
3195,0.09143002253075368,2026-09-13 07:18:32.268151+01:00,46e6cd8ecf6aaded35d3eb2a4a8901425c11bef532b8f36965af58d61278c15d
3196,0.15664014740627788,2026-09-13 07:18:32.268151+01:00,05c7af664f877eb67c9a339ed952a7aa03bff87bafb378a5c2c64c65847e5448
3197,0.058021187528790756,2026-09-13 07:18:32.268151+01:00,7831300298667d34e6ff8cd204952dbeeaa563fff028132ddd5a71ac0c7154e9
3198,0.17378694319534205,2026-09-13 07:18:32.268151+01:00,60182ad91c72ae25ae22376e4bc3110aa866e81a20db042588c67c761017eb68
3199,0.10406160580785068,2026-09-13 07:18:32.268151+01:00,e470743fec4e8a22320b1b879bdcac9ea72f7fbdfa3ee76c7dd4c1246265d2d2
3200,0.12673690588008724,2026-09-13 07:18:32.268151+01:00,621b49b61ddea8517a66d50bef8e2b4f3f6591d7a79e9ed0daa7c4772b4c0131
3201,0.08658346394933819,2026-09-13 07:18:32.268151+01:00,31fdfcfd3992fe2ab51a4a362575bf280a3ded6c58904f0efd1c37910103c290
3202,0.02664055761248365,2026-09-13 07:18:32.268151+01:00,285da2073fe50f4f94fea854b9ea2d06409afed95283618fd31d324a443b18e1
3203,0.09311592018928058,2026-09-13 07:18:32.268151+01:00,0e7999e7d604603c99c746110929afb3ad4ac74869d9add4522c10b7dd1a6b88
3204,0.08298324589979539,2026-09-13 07:18:32.268151+01:00,c8c98970e1e2ca3c559bb4d0911ec7caef02e07c38858378fc6e399b38912475
3205,0.08204245118268831,2026-09-13 07:18:32.283490+01:00,60926d1bc44821fc58ed0618e6a75e35df25e3baaede4c2ebb932b2413767285
3206,0.1023069354598591,2026-09-13 07:18:32.283490+01:00,2f38af819f757b4ddc6d767931bfb4bb8b8f48eb9569678a70546a58b27713c3
3207,0.03205983111481437,2026-09-13 07:18:32.283490+01:00,79e4afaaae5581b2069ec72af2a99c6e8f53e412148c474b9da232963cc8ae31
3208,0.15854187368315567,2026-09-13 07:18:32.283490+01:00,b20eb467dfd6dcc1a671b9ef87704f97e2cda9c75789acba30b81de7216663a7
3209,0.0953134330666783,2026-09-13 07:18:32.283490+01:00,145259d08623d39ef907534e13f624734b1d629d1c9aa2ebccc520acf0534957
3210,0.21766685191537377,2026-09-13 07:18:32.283490+01:00,571da37fa43d602e2203e92d885cbed9c3d135c7f5187184747ca2dc9d2d564a
3211,0.056863739767042676,2026-09-13 07:18:32.283490+01:00,16f3fbe41b2e647f8bce68c12515b92e3e992b724b087392fe6f02b72d99eb4b
3212,0.03444377574198392,2026-09-13 07:18:32.283490+01:00,f54cc15d69a8e1bcc499fea9d765825ae4baa0e0c1804dda40ede2150d5f583d
3213,0.14255875678340615,2026-09-13 07:18:32.283490+01:00,b109325b72a6e1de4af85dfdb8f311365cfef2a5f2b2b81898fee44cb5580fd9
3214,0.07820235128499774,2026-09-13 07:18:32.283490+01:00,7905103dca73403eee5f0e1eb6d31f741710c485b15bca14717e7ea183eb323e
3215,0.13338109812547544,2026-09-13 07:18:32.285947+01:00,9b18fb3721a8d80d761eb68fa5ae763f6c5574bd5ba1deff7a0ac9792df73b9a
3216,0.10201630429347724,2026-09-13 07:18:32.285947+01:00,5a3164beb3f285155642bd3206dfb84277f09dd56fefc6168dbb7c588f85fb39
3217,0.22563832710927603,2026-09-13 07:18:32.285947+01:00,5dc912d9bc8477129650bb626b17f391c14effaf60ca30bae11f01f190adb7b8
3218,0.03841013015046921,2026-09-13 07:18:32.285947+01:00,e472fa9cde076016926bbcd4b59655ff69a6b09c3c7f055f1646a4f60686ef09
3219,0.06107204320742568,2026-09-13 07:18:32.285947+01:00,3bfca9f7e80c65edae8cffe3faf5fc72fc1da1c176c3a29e8836906e9322e478
3220,0.040072377571665735,2026-09-13 07:18:32.285947+01:00,6baaca7da7de939bf5899a8f2034b35965c4b25198aecba5ece011eb332478ec
3221,0.0291533571595792,2026-09-13 07:18:32.285947+01:00,dec093e04604330fd0b3d34a62bc4b7315bb2e2dd13277b1be04c96a48789010
3222,0.06783026578970705,2026-09-13 07:18:32.285947+01:00,f8e1f4fb02963f4e569817233d7f49f755633fe32d730a87272acb69c8851f6c
3223,0.03624827795700568,2026-09-13 07:18:32.285947+01:00,b2b31232679044be701fbb2e395329b50cb2db1abc0be83a5faf7792e83ae694
3224,0.09016145131582169,2026-09-13 07:18:32.285947+01:00,c8a4c634957d19c26258a5359b808a88ff29e9e0d64083314c45d71d7e863226
3225,0.0410620988642155,2026-09-13 07:18:32.285947+01:00,16953c5bbcfdf65465313adb8cd5fad3753b579c039ac3c420a2a1a349a26c70
3226,0.13495426845588146,2026-09-13 07:18:32.285947+01:00,1296f585eeea000e052ba467202155574b42e2d1dc9c340efefd039d46c30194
3227,0.12093747011332266,2026-09-13 07:18:32.303418+01:00,94d2babc38da86da31e5a4a4932cafa3638f1cd681d1f8f54be2ce326dc8b6a8
3228,0.10119552285231795,2026-09-13 07:18:32.303418+01:00,45d2f15fde81f74b9caee779ed5d325d91c764e82f83540213d36941966b4f59
3229,0.223864318259282,2026-09-13 07:18:32.303418+01:00,7b0fd6cac1dcacdfe3d9b0745256e5e4cd4b2893907b2f1189f7938a9150334d
3230,0.0604802572732428,2026-09-13 07:18:32.303418+01:00,53c187deb544b274a92a76a2a756031fb2fb339c53c78c0866603626880d3398
3231,0.09385697822264213,2026-09-13 07:18:32.303418+01:00,6e8cee97265cc6c6c25ad66879b7c2d9e7123c77c4ecc54d85125fd111d6d0ac
3232,0.03813917387558887,2026-09-13 07:18:32.303418+01:00,91df705f133c2902a5f519366fa38eb652e41e0c1f9b7c3676769fe9cc254307
3233,0.03906361748104451,2026-09-13 07:18:32.303418+01:00,8c32fce93b6749d178732d39b378599a9bd1851eab0dde5d9bcf22282ecbaeff
3234,0.07557318696450746,2026-09-13 07:18:32.303418+01:00,131a16cecf8b3d4f0a983d56cab64fb415f3ab578b78f0de34902dcd495a3e2c
3235,0.038532632495356205,2026-09-13 07:18:32.303418+01:00,54bcb896c00841eccf36d929d755195fe2d4f3ea6af0fb59cadf30082b116f62
3236,0.04693648432745339,2026-09-13 07:18:32.303418+01:00,f0e94431ea39450cea15f9e2f316b14cf062d6e7b42a89e97893007898d3e89d
3237,0.031519513722871664,2026-09-13 07:18:32.303418+01:00,d978c687552da897dbde992b4f76a9e2ecad9f99e7afd42c8435d045d3a37d61
3238,0.12990084441237043,2026-09-13 07:18:32.303418+01:00,742df94ab8342874128c3f55d42ccc994389d23d50aee6e36ca509c84cc61a77
3239,0.21116973928056398,2026-09-13 07:18:32.307658+01:00,0706c88dbe45308fd8f5e3a328b3f679efd16d6aa7953d744ebb5563a5f1adc3
3240,0.0671379556749095,2026-09-13 07:18:32.307658+01:00,d68a5570f7be0e6125875686a296a7d93333a8857defe63ec68be264e9620434
3241,0.12326344123580642,2026-09-13 07:18:32.307658+01:00,70e11e7854f65bb4392775fdea3e839f30135e13404b5e136433875cdf1969e4
3242,0.12433030291900601,2026-09-13 07:18:32.307658+01:00,2c44d4c16b96ad6458228a9a0627478154a2b0038e7c6ba02c8d5d9d3feb2743
3243,0.12362222674968718,2026-09-13 07:18:32.307658+01:00,a322ac684eae22db58045789d6ebcef4d2890c6ea5b1fd834bcf63c5c09777d5
3244,0.06524609378746955,2026-09-13 07:18:32.307658+01:00,2bf513a254adac81d80fa06b49bf8d11f561f03ffb70fb74edb7945e66f3e698
3245,0.2852302403525574,2026-09-13 07:18:32.307658+01:00,74694eb5a4ceb89c6b9b8496c6da8d35b5f5d27e4af5b7673a16605b514d5836
3246,0.41081143144323534,2026-09-13 07:18:32.320039+01:00,319167b5b002335fe3a84dbe58d318700928a4bda13f01ea4f984cf3b0a91b96
3247,0.0530044927105362,2026-09-13 07:18:32.320039+01:00,47d7d7f14120af9fc86f92fe165eb10514a98119b0cfc64f073b5122eb7e0d96
3248,0.07580879689710641,2026-09-13 07:18:32.320039+01:00,f7c0322e08bc8c9e78de3c18bc08c220bb33ad3283f11364f1b24110fe37ea75
3249,0.2210908243718132,2026-09-13 07:18:32.320039+01:00,ab86ea7b21f66dd12bbcad7f7d2f06a58858b5157579e50903623ea079e8d36a
3250,0.10587202908216811,2026-09-13 07:18:32.320039+01:00,03f1e4c7f7ebebda2e628e11eada55d89230c376c020884abe1a04431f3c3ef5
3251,0.015527931809490815,2026-09-13 07:18:32.320039+01:00,286e845f3c2da6850042d61cbdb2c3955412a49fb62d99a9ac4f33e0172a3464
3252,0.11788449368565003,2026-09-13 07:18:32.320039+01:00,41195919d32bf27060e823fea3b4ed3d96ac04211bc17f92b6177f6eba4b15cc
3253,0.09987092599687503,2026-09-13 07:18:32.324153+01:00,c19deffa8db9504c70f1c256221ffabbaf78d7d19af0b9570e9c02cdd9700809
3254,0.3678659216448389,2026-09-13 07:18:32.324153+01:00,6fe8b7565d41a75904224ccfe65da8511ea620a300e42e0587a44ac1b3fe7023
3255,0.33156549005987856,2026-09-13 07:18:32.324153+01:00,c93d14a63dd3c8d1beca52fc31937e480d64a37b11d3951b3eab2cb6f7632f80
3256,0.0904315699029028,2026-09-13 07:18:32.324153+01:00,a9dd0b703366fc7ffd17e7a6e2c138ef41e8ae2df3cbaf9f2f796a8cd3e69cb6
3257,0.03719777332100978,2026-09-13 07:18:32.324153+01:00,a0aed7f18af8bb3da764bc94b32369e418d12b9a8c215cf5fb20fae252248f49
3258,0.03705633304217632,2026-09-13 07:18:32.324153+01:00,da92fb1087298accf4dfd8553ba6af0c562f6614058ee44b55e17a172c7058e6
3259,0.03601198603231872,2026-09-13 07:18:32.324153+01:00,0d5624e79725146ec2a674b5efe1616b6ee96afcb10ec0cb35b7910184df8ebc
3260,0.1103075978458909,2026-09-13 07:18:32.337895+01:00,773df22a0ebc47a0382a521b30f9594578795bd3dc28e2e7e976b2df49e5a22d
3261,0.2974675387251698,2026-09-13 07:18:32.337895+01:00,09270d42be9344347747a88d08940af7cf42df65f6dc2d88d72ab6e386addb84
3262,0.35997907251050043,2026-09-13 07:18:32.337895+01:00,1543ee9a777118cce638adc002ce1faebb579b2989bde9eb39f71a37ae2fdf09
3263,0.201928369171757,2026-09-13 07:18:32.337895+01:00,be8f68bb48f8dc224ae05abb27c34c343c6d2a0444f853a5e5a5892b18db58b1
3264,0.005585967364028891,2026-09-13 07:18:32.337895+01:00,81e91d91f67e502d32c1cf129e3a7d0bd6ad0a096434fd41d93c9c2887ef5454
3265,0.01607172897652095,2026-09-13 07:18:32.337895+01:00,a5a1edbf9212faec936ed478bc99438b590ec7c6f57c4f8ab566cbd716ecdaa4
3266,0.008659725406132109,2026-09-13 07:18:32.337895+01:00,5cfdfc7ae87fb9368a79428d1fcb6b56a14824d0e0b98c5be0d82482a84fdadd
3267,0.04675708081736526,2026-09-13 07:18:32.341483+01:00,762ebca8a22c98a56436772e3d0146dd24b9ea835c570b86eb35c9fd5378f295
3268,0.09826899800006834,2026-09-13 07:18:32.341483+01:00,8298ccab09e5209838ec0c32ea261f3af2abd40d67f43bc4e04bf6866af85dea
3269,0.05489033099704135,2026-09-13 07:18:32.341483+01:00,6ebf0967227da923d89c8f975fb1cee66a3bdee0bb7278d7c2e4044d2955b9c6
3270,0.09633195969936302,2026-09-13 07:18:32.341483+01:00,67da640cf836c068377dc564996ae7b742f552afb028938cfcb278a2305e1868
3271,0.0765500455618141,2026-09-13 07:18:32.341483+01:00,697ebeb6cc245f1df029b5a3e7198308e0bf71fee19e5e7840629f4cfb0e7d4c
3272,0.07082544386318487,2026-09-13 07:18:32.341483+01:00,250f42e5d118399ad9d69638489105a9a203831d3202c3de15d118b042cabfe3
3273,0.10350196455138207,2026-09-13 07:18:32.341483+01:00,15a30f89c8c0ebb7bb0a33799330dcc22eeeac3ebda02d78bfee128c7cc15a78
3274,0.07731184883411998,2026-09-13 07:18:32.341483+01:00,b80ed00e417180b1ca7766a3cf2beb5a75ceabd616fb387a7ec30424449c1136
3275,0.06831452892932503,2026-09-13 07:18:32.341483+01:00,1fb044a0f20120709b0900a128bf0106792d1cf9c068182ae5cea0ddd3a0b74f
3276,0.052448994130864277,2026-09-13 07:18:32.341483+01:00,bda6f078825003e112f66badd842a04b931d66d5280d9c44b356f218240d868c
3277,0.043507184376417665,2026-09-13 07:18:32.341483+01:00,95973bf4f910c22c3315083efa5234e6d6497a921f1a6bb395e1f5716567f146
3278,0.037346882622278824,2026-09-13 07:18:32.341483+01:00,2307b0d3af2935d91e1fbf291e2cb44dde90e747939eadf7dc001644f78b1155
3279,0.03526889715416193,2026-09-13 07:18:32.341483+01:00,324dcdc557dad0dcaf568c1041715679834f6637dd68b98ee3ed71bce0f6f3d9
3280,0.03681402353310376,2026-09-13 07:18:32.341483+01:00,dacd00372b531c2fe64e4ee96c3bc0539ed3ba8c5b53e39ac2fe620ca592f568
3281,0.049807291746763106,2026-09-13 07:18:32.341483+01:00,9daf85f23e5a397534024c4685ed300c14fc65d0c287eef8a9e98c82f454c648
3282,0.03452186765055125,2026-09-13 07:18:32.341483+01:00,aec0b8410cd377bf56b2717e1283a4c80ed3942ba69b77632b1c4e4acb4c2b8d
3283,0.017532657532194972,2026-09-13 07:18:32.341483+01:00,0d94412b7553e65565d3b47384468e092d3a40031c5ee58c597c451d047d99f3
3284,0.037275241793816215,2026-09-13 07:18:32.359292+01:00,c7cd84af2c64a988f6c84bde316a4e62cd0b6055cce2991b01e98231173abdde
3285,0.07055323141069292,2026-09-13 07:18:32.359292+01:00,e02f7f5a888e379133ae618642d1724e61f42ffdbf25404e19a1b17f7d6d2e91
3286,0.08112435221358193,2026-09-13 07:18:32.359292+01:00,9a152756ed35079bac43a0ed9dfb983620570172e6528cbcaa5c8042a0a72b68
3287,0.08124501041007944,2026-09-13 07:18:32.359292+01:00,51458d9675f32a2727112dec1d889f7be4761a1146704c5a6980db03220964ca
3288,0.07971869151841998,2026-09-13 07:18:32.359292+01:00,952386935d6bbae89cd950837e66684598d49db03b43bf74d28b71ea4f2d040c
3289,0.06671129087566031,2026-09-13 07:18:32.359292+01:00,08ea72b719c76a4aa40ee06a6e63ebd0c50e5a3125a7025d8e27bbb8adf4ba11
3290,0.10068268236934304,2026-09-13 07:18:32.359292+01:00,5204d8a94e5dc0b2dbb7dcef054ff109ee237e27513b943fe21c7a7968df0177
3291,0.0753058548411946,2026-09-13 07:18:32.359292+01:00,462497618ed4fcd6098c7ab94c7efa1637a9d3623f3b72c40d8d8ead4b76f56f
3292,0.061850274935372075,2026-09-13 07:18:32.359292+01:00,e6c09e0ae961f2a115acd9fbc3739150d532a81f243af6d1a2b12d5601eeffff
3293,0.06681116214470359,2026-09-13 07:18:32.359292+01:00,fe6b362598a4a40ce363eef1fd9aabaf6cea79d5366fdeefec1bceab10195ad8
3294,0.05249561111812663,2026-09-13 07:18:32.359292+01:00,55d8c8d16b75fae474c674dddc26bf0fa4dfde5f6818c2d44b8344a33e88566c
3295,0.030724963033602264,2026-09-13 07:18:32.359292+01:00,1119da6cf06286983d61c55cb51eac38dbcea52a031852cf432eb79a565dad77
3296,0.04358619126287209,2026-09-13 07:18:32.359292+01:00,297a7c9e9691b783441d218f81f5e4d2b23cd904b15f24f4f52142ef0bbfc307
3297,0.05901497709579202,2026-09-13 07:18:32.359292+01:00,f85800f637a87058ecf1731eac536370e530226b71b4738ccd1e6b3400107f41
3298,0.05091157216971978,2026-09-13 07:18:32.359292+01:00,edd8dd9ebd659dec452aaf5011b5c87b090390d67628e39f8e0852e7591c8837
3299,0.02670830877095793,2026-09-13 07:18:32.359292+01:00,4c3fa6f4868cd3ebc9a7ccd563b3af672f03e9103e058f9161f17b65a8ed12e2
3300,0.015280584036065064,2026-09-13 07:18:32.359292+01:00,1c756f4471645178984141b06d79c0557892ee4456268528b2190238741fe085
3301,0.1906555463869061,2026-09-13 07:18:32.365277+01:00,e6fd46117ff9c464032f83e65354aa7e24a0fc74365fd25d2c90a9f7be7a6ef3
3302,0.09155378231525489,2026-09-13 07:18:32.365277+01:00,ec21f6632cbf5825b0ca244874a31bbcbe84ce5843c6a16deb6ffa77d888228e
3303,0.49406903206297714,2026-09-13 07:18:32.365277+01:00,ed62d16637ae31ef7cf38bf7471677333509727cdf7040455660930bf6f298b7
3304,0.1461397880819445,2026-09-13 07:18:32.365277+01:00,24c1f1bf97e3a298b38fbd4a194f62ea64f3b3e0ae6c37dc21f9765db0808e26
3305,0.0775818511529173,2026-09-13 07:18:32.365277+01:00,e154cb99d896772ce8134ca97aa18262a654b160114c110522bd99cf97762e4e
3306,0.22925279704212934,2026-09-13 07:18:32.375568+01:00,5c703a9ff64f2ab19991c75a9206ca0e55dd7bde727cd6367333f72ea93d2a8c
3307,0.09447744785867279,2026-09-13 07:18:32.375568+01:00,785431fc8caaa0a3e60650984d45c4c324638fffbb52edd51c0d495f3f639e87
3308,0.4432612096521369,2026-09-13 07:18:32.375568+01:00,f58fd3659d4d3c4758130b8cbe86ea1cd37f96226e3003774766ab4b04cb130c
3309,0.1143430688699067,2026-09-13 07:18:32.375568+01:00,53955fc2d67cfe8fc28de8241bf691c8be2765ae55def4d5ee050be8ad2e6cc2
3310,0.11866547657715443,2026-09-13 07:18:32.375568+01:00,c6031f2d383a6dd6e9b2b1e2383c677c7b40ab24e416c87b5b710c04aec9cf38
3311,0.2865779506106496,2026-09-13 07:18:32.377213+01:00,69ba1651cade553d5cd0c10bfa986a247c12230884a802e5698808faf380aa07
3312,0.13221135260265665,2026-09-13 07:18:32.377213+01:00,94c6706f554098271e50fd27489d9dda232c40a258fb3d8303a672ac8c5a42f5
3313,0.1390639923595455,2026-09-13 07:18:32.377213+01:00,33fbbfe06cf41744e61a4193e8954d7de13280440b869a7c7aaed48906b0a978
3314,0.12133696016977437,2026-09-13 07:18:32.377213+01:00,7337b8f4df7755297f8e9018749300674873066bc14ca2d5061e07a0787a9ccd
3315,0.08620910606368759,2026-09-13 07:18:32.377213+01:00,a1e09e0edde179a2fdf9fd608d23a23fd5d88c60510411996c03eb0eebcc32ab
3316,0.051619180178343,2026-09-13 07:18:32.377213+01:00,4ae669d224859b688e4bf941526a6d2ba11a23e01f284f0b108cfd2b771fb831
3317,0.18298145801534338,2026-09-13 07:18:32.377213+01:00,3c885abe54399be5bcec802166c559070cfe1e8bbf5337431cc18a39d186f9a0
3318,0.25845968658224316,2026-09-13 07:18:32.386802+01:00,e130086706bc2b6404dee0ac72f084a6d6dee2d59fbaf20520cd0bb1bbc0fad3
3319,0.03791974784480604,2026-09-13 07:18:32.386802+01:00,98c123a3bbfa0a1fb93f122ec96bbe3d63d5bbd3bf87dce69354e4f95a56781a
3320,0.0762201143699849,2026-09-13 07:18:32.386802+01:00,c5cbf1c49e524c8be4f84a9b1dbb939beb53c3e8fd59fabc15ea0595a8182d59
3321,0.2089611023249517,2026-09-13 07:18:32.386802+01:00,f6856bcd9dd4e8552d81cfd3d7e39b8bd472f92fa3a1c75b9be4260f16988ed2
3322,0.08465098131510337,2026-09-13 07:18:32.386802+01:00,4721fa09eee4085ed233b3af8cd7dc05978dc5863494bc8144b7b554b3c24fb6
3323,0.02120868153718663,2026-09-13 07:18:32.386802+01:00,e0574216169c0ce1555fa9e3340fdbf2522cc33b56d00a9a10ec88138a4fdc77
3324,0.3125796860257243,2026-09-13 07:18:32.386802+01:00,2b71161c37d588ceb6a27687374a304b2efd0bab72c1dadf86a8edfbffbdfb2d
3325,0.09379312533730748,2026-09-13 07:18:32.391287+01:00,c82558f209d8b9fb86400de292efb5a437bb353cfa3f55793c82cab271cf4d89
3326,0.42542953555357155,2026-09-13 07:18:32.391287+01:00,36b37bc9307d913c16e53be92b8536b5963a050d65770e0e3e62bf039027431a
3327,0.0748052582858759,2026-09-13 07:18:32.391287+01:00,6c58706c1501f601abebbc9ef8fac306bb2990c6ddcd65449a4c804275365bd7
3328,0.40597208082324504,2026-09-13 07:18:32.391287+01:00,c6103838c07e6803f107f829358ce8b8a453face6834fda642952cd2ff680916
3329,0.029735706437509234,2026-09-13 07:18:32.399020+01:00,533536ae899ea927b82d87a779710f96e9655f9cedec8b3c9dbf2bacbfd7c6b2
3330,0.6666603299675714,2026-09-13 07:18:32.399020+01:00,4febcf83292a559de515352c981717220af22f89d054db5c26931b6bc02c4dc0
3331,0.046004961342080895,2026-09-13 07:18:32.399020+01:00,a068968b0db75d6a729bc9f708d3c4be4c5d57c57da89eb08863a44f024b2700
3332,0.25759900225283844,2026-09-13 07:18:32.399020+01:00,4cffe5ede8f1724d1206a6c936f4fcd1cf63c1e0449a09523a74b1a448f2a242
3333,0.11754524518656706,2026-09-13 07:18:32.400693+01:00,efb33d99ddfb67472d27bb461788acb85e08078908aa6a3983ed80b507ed96a1
3334,0.3420390024781172,2026-09-13 07:18:32.400693+01:00,184af22d0801e061116572168c423f63d34ca90c146c05178fc95fd20f7dd918
3335,0.20675113503771414,2026-09-13 07:18:32.400693+01:00,a8d42caeb97e5e792d6ba667b1c1a2e94d38cf76a21a2e40d6edc30a7b3292fc
3336,0.17751088679211602,2026-09-13 07:18:32.400693+01:00,6b9ba7a0b430f886b9601e043afa677214213c3e3bf8f78860fe1d3f0a7b8200
3337,0.15615373050548562,2026-09-13 07:18:32.400693+01:00,4271408c8ede3dad87ff855802164e959e25cb153d59b1f03c0b6f7d00309451
3338,0.1191472265416018,2026-09-13 07:18:32.411186+01:00,510e20dea60ef56aad2b25b8a2cff5c955f1c94a02a57be66ef8f590d17bd5c9
3339,0.4406530895069111,2026-09-13 07:18:32.411186+01:00,7e57af553e688b9b3d68b8029a74d8640776eef336bed7da32524b6d5506e318
3340,0.14939277734476025,2026-09-13 07:18:32.411186+01:00,26296f07499aa3fe9ef72fb6035b5faa80f899e2726f0ccc352bf80c8776ea6b
3341,0.16919001662503277,2026-09-13 07:18:32.411186+01:00,125c0244e9fa5506d0e20be52daecb4b2eed6af6d5efac29eb55d2bde468a1a9
3342,0.12161688998169407,2026-09-13 07:18:32.411186+01:00,453660278fdc011c39610b494b5a6d0b22814e2f1d727a96d0717c496ccf9dd6
3343,0.08785881352566949,2026-09-13 07:18:32.414392+01:00,eb60fa99a02ab657adabe6116f5ddb3691e9c2e32c201c093f6770c0d3af78c0
3344,0.10972360409566913,2026-09-13 07:18:32.414392+01:00,8c947c20de8b124e37056d15fb4848b7e00dd91e66ebb355e5b8e9e16a48b788
3345,0.0361043810920508,2026-09-13 07:18:32.414392+01:00,9d03d7b202ca711c525239a6365ab63b327172f25e8584e5a31b86f7ea5201fc
3346,0.0454066134811898,2026-09-13 07:18:32.414392+01:00,f17472275cfc6def19e3f06870f69c2e8fd9aedb32c5f47266338473a0557acf
3347,0.08207016243450692,2026-09-13 07:18:32.414392+01:00,e1e21300f0462103a3961001908b396d91b61466e9883aabb4f95a30f49b24b9
3348,0.044096038453883275,2026-09-13 07:18:32.414392+01:00,d1e0ed5cb40bae087db6ee31052ac894ee09770dd90b173cb21b25f5914708b5
3349,0.105076573645449,2026-09-13 07:18:32.414392+01:00,cf79aadac7e54383838923994e16491334e123046c02c77cb93fd45ba4e79935
3350,0.06655685366167981,2026-09-13 07:18:32.414392+01:00,5f565b381047ed9b5dc8d4b2d961a57ae61a11a351818f4acc95b570572bab77
3351,0.08161706304876754,2026-09-13 07:18:32.414392+01:00,57e3bb8f0e05b7855aafaf9ac943c3462d0a3ba243edb474d8a4a53db73a998c
3352,0.09027208827632371,2026-09-13 07:18:32.414392+01:00,67c4279ced670c9060fb1c9780eb913e0cd7e1ce040f1953df37adbabc3415f9
3353,0.05094801342561024,2026-09-13 07:18:32.414392+01:00,605b4e7e44216ab3742fa35b843e981b736dd2893b63555765e2623642f6c20c
3354,0.12081257178380127,2026-09-13 07:18:32.414392+01:00,77d510c369ae4dd54ddd9af4782275555886dba7d48b3d67d6271fb4a000b048
3355,0.04373885566591507,2026-09-13 07:18:32.414392+01:00,d33754a84d5341fe8c4ec1404abc53c3841d4fb1f4772600399e976eb84e0c1f
3356,0.035718367409483934,2026-09-13 07:18:32.414392+01:00,a93970e473518b2c69d890406c4939433f72879775fd914ceabcfb0e817c6066
3357,0.10942947022384493,2026-09-13 07:18:32.428695+01:00,db0c611effff312d94f0804aa8ea8cbad8793cdaef1fed3b04316d3f7245551a
3358,0.09137444513285047,2026-09-13 07:18:32.428695+01:00,de649ada03f3eba9317e3335d8efed60abddb03f4ec401a7d834ea965595cc6d
3359,0.04158702353368075,2026-09-13 07:18:32.428695+01:00,e546d9f7735a0b802eb58e3f87f92f7bf7c4cdfe9047ed2c23134e49696f7b05
3360,0.048058125410272,2026-09-13 07:18:32.428695+01:00,a21ae52dbf0bbfdeb2e45dd946ba4b390498842e2a2c27d51361a412ab68356c
3361,0.07911108410575514,2026-09-13 07:18:32.428695+01:00,ea58012f620746543a0ad4d5b676baa2bbbc96e46b4d6807ae6800911e3eed5a
3362,0.047025512626318544,2026-09-13 07:18:32.428695+01:00,1f1f02683bc38ec380adf92d76441ba99ed98f455d76bae1390b7744b9474bc4
3363,0.10880100253420043,2026-09-13 07:18:32.428695+01:00,4fff842947e2bf03a13907e28b7901b047266a76c9a98a13d6701a10e2b8bf93
3364,0.05520959400393963,2026-09-13 07:18:32.428695+01:00,e974ec5f001a8ca38c299fcc5b005d3103f85ad5aa4b93ec5063c1a8b0af331c
3365,0.05261539224932066,2026-09-13 07:18:32.428695+01:00,1f538294d9d2e02226dec821aae22b40ad2671ef6476fd856579281d9d5bc252
3366,0.08284231104368295,2026-09-13 07:18:32.428695+01:00,8f452e5114a2270abe08ae62cd97884c5b920c09aa8a37aa9860f74469c78d0c
3367,0.05909823430321214,2026-09-13 07:18:32.428695+01:00,7ab3fbff99514861e1c80193ac320206222481bf5671d31fc654d5efb3561150
3368,0.13369817312980242,2026-09-13 07:18:32.428695+01:00,9a356e45ea9d414a3b4b710d2b60b5f2cefe70e9de83222dcefa455695e9e5be
3369,0.05281968172655483,2026-09-13 07:18:32.428695+01:00,8821c6a50a93cc514d317520f88ad2e61254c08f6a2fda927262a27d6f9c7b07
3370,0.03832994997656518,2026-09-13 07:18:32.428695+01:00,21913bc7bb8a91ae35c5a6972741fda8386e390446391edbb8402082a9b1f63b
3371,0.15135524918060134,2026-09-13 07:18:32.433090+01:00,c61d80fbbfc6c09d6aec29597628121669eec774bc3c1907522a55239e661859
3372,0.13563308891934261,2026-09-13 07:18:32.433090+01:00,47659988f23d7e60c807ac245e76491af288028df24bad9a1c711ce339819abe
3373,0.11866377568822377,2026-09-13 07:18:32.433090+01:00,3c2bf3b76e737e2146aaf6f4602b68f5c698ecc167ea550b25ba623af9b52a3a
3374,0.08370186785058067,2026-09-13 07:18:32.433090+01:00,fda78f12c6a4f3c233d23086341369cbcff08ecbb2c671a7b849098357bcd96f
3375,0.07120658549034886,2026-09-13 07:18:32.433090+01:00,fb8c750577117c87ec6bbcde8191bb25ad89ea053960292cacb1e042d13a6f66
3376,0.10038442986049953,2026-09-13 07:18:32.433090+01:00,431373c3d64fe31d737d560744f056b9665ee4434c0cec2adbf1aa67c49b7644
3377,0.07358881276898899,2026-09-13 07:18:32.433090+01:00,cb75b9cdfb4495e4cef50b8d906f46a19edb9668e65bdde31cfc7b0ed2ecc4d3
3378,0.0884306818815351,2026-09-13 07:18:32.433090+01:00,16507c610647edcfa39d00c4c38821fdcd7c3eff3eb993bc1fb05b8176e85d9f
3379,0.048126154345921976,2026-09-13 07:18:32.433090+01:00,f76637eebf297551ff3e0584ca34b8836cc39266e4905515902694d4557d296c
3380,0.0491174493487121,2026-09-13 07:18:32.433090+01:00,d8458ad2874f0e5006c68d0773f7d6c95ee72e83d83bbfb8f23a51d7333fa7b7
3381,0.07979190466524509,2026-09-13 07:18:32.433090+01:00,2ac3bad521792d9510d2ff7f1de697cc28797a375b431386abd277d5bbb7e2ed
3382,0.1705387473342502,2026-09-13 07:18:32.443483+01:00,404761a28ccec0cfb9daef403006f843cc14aa9b3524e530813a1cf46639a0c0
3383,0.11386172656692949,2026-09-13 07:18:32.443483+01:00,9f2cf4c8bcd46c0ee22e374294d6a3de1cdbbd56255bd945474823a08ab0eb0d
3384,0.14888063652318906,2026-09-13 07:18:32.443483+01:00,d381e36ba1fdb85895727c04e6d1c9121c1b5acaa3e446e5efb1e66b8e624df3
3385,0.07691601619309149,2026-09-13 07:18:32.443483+01:00,339a50fbee02267ff00b346f66212cc147fa1a7a616cc2a9e9da9e94220bf1f7
3386,0.06245720126088348,2026-09-13 07:18:32.443483+01:00,22360c12c51d66b6699457903036038e1751222dfbbc94ee2171f1237c8ba380
3387,0.11917224326442806,2026-09-13 07:18:32.443483+01:00,20ed0be4e0356c4fa5bd58bb1189124671ee7030a9d81ebf0f896d31e5d0aff8
3388,0.04656575400009221,2026-09-13 07:18:32.443483+01:00,352167a09afdb02b2e326eae65fe2a627e78af60142647435a086efd55fd3a6d
3389,0.07330901751400688,2026-09-13 07:18:32.443483+01:00,08237c8a6931142035d76e4a6b41f11675b18549a94a48fc54098fd2a7838e10
3390,0.07049650716891179,2026-09-13 07:18:32.443483+01:00,02353349128476149c8fb81258cfe96bb385db5dfa39f3b299968dcb862b86c4
3391,0.04476768211920447,2026-09-13 07:18:32.443483+01:00,3663ca516a7f69494b1619ceddbce4a9b5c104e9893bfaa4e585b17efca30b4a
3392,0.07303446805501292,2026-09-13 07:18:32.443483+01:00,56978815ea3148472891515a61b404b098c6e4a6a6437cbe470f696719b6cce9
3393,0.04229609113770899,2026-09-13 07:18:32.446408+01:00,ecddbd5507da126cc62a5ee1d5d0f7741dcad3ed24fa93bbc72eced2ec63b65b
3394,0.2024920084243296,2026-09-13 07:18:32.446408+01:00,58a5b2836b7bdf0f8157d0eb247f5b82a29fa9596bb01295effbcefd38c25984
3395,0.09278009468650941,2026-09-13 07:18:32.446408+01:00,5950d33d0ed3a4ae9c940f3c4575aa1317aca8c91e8331e764684d413b71fe8a
3396,0.21188786193858794,2026-09-13 07:18:32.446408+01:00,a14307c20bea291107548dbbd736fb0e628ffa04b43019a94f8e4c7f1894a64a
3397,0.1601066623181147,2026-09-13 07:18:32.446408+01:00,6c7b2147ab54cd4967c5b3cff595577ee9890fac5a6539eeb4d767604d07a2f2
3398,0.06162826948798516,2026-09-13 07:18:32.446408+01:00,1ad9d8258a17218e8af048ab7cd2c25902e0a7f95ce13ad160eb1e5bed9ea563
3399,0.10288325604030223,2026-09-13 07:18:32.446408+01:00,4347cb80e6757d5cdd2c167cec9b8ae67a0189201507d9ea99ab404e54df38f5
3400,0.06711584726524614,2026-09-13 07:18:32.446408+01:00,7317ebf49377ac298f5827d49cbbd0209db3aa2abb6beaf6538874ce4b5a32d1
3401,0.041716408792748835,2026-09-13 07:18:32.446408+01:00,9c74c8767397bbc732d22ea3d675da7129fbe10dc59d9e9eacf129fd7c06fdb3
3402,0.017093499908466887,2026-09-13 07:18:32.446408+01:00,91842cbd1708603c1f6b7eb35371794530e37f6c40ba7ec62615665392c6e72c
3403,0.04690335462347669,2026-09-13 07:18:32.460994+01:00,39f96f696aeefe4fd90907443fb079ff687bae24d09260498b6d06129a5a4bbd
3404,0.1882815533447659,2026-09-13 07:18:32.460994+01:00,3ed8fa27aa70e21f94f037e93f84c8c53a0d1a18e3675fa521b7225814306a38
3405,0.12051283585071994,2026-09-13 07:18:32.460994+01:00,a0faf3084bf46512bda7c3231689877c542eb9c6aa492c6a3651732cf6e26fc9
3406,0.17465033346246872,2026-09-13 07:18:32.460994+01:00,d58a79d75efb6a5f7f3a72ceb026043551a25bc0096137d486ffe1d235882012
3407,0.1657597038996254,2026-09-13 07:18:32.460994+01:00,ec4f9f4fcac5417c496f1eef16e2e19c9238399b78ff6ac2b6d4f4a5716780b3
3408,0.07654287575586993,2026-09-13 07:18:32.460994+01:00,cafa755cd1f5a7f4bf25406ead307d452c2905bf71fa263bfda701ac21620ce2
3409,0.10164572309334942,2026-09-13 07:18:32.460994+01:00,b15ce21da888dbefe6ddf88bb7f99897d1a098be5d39da2f163c37576574d0ad
3410,0.035182184826952005,2026-09-13 07:18:32.460994+01:00,4c7fa6285f58c5379cbf6d590fbc0913cf21632267a4567f56682c8babe71587
3411,0.04234239631136868,2026-09-13 07:18:32.460994+01:00,cfe4ca4c2db0af213a2b54f4a9dac9047332da13884044f8736163e027917eab
3412,0.048179038831403405,2026-09-13 07:18:32.460994+01:00,95f6ad9a1d88abb020d6cf0790faf45317c5aa48b79e512ed3cc644a0d3439a4
3413,0.07367845621896013,2026-09-13 07:18:32.463586+01:00,1599632f21cf591d91e788d4cf7a867c837d295d986ca21e3fdcdbf7e0184645
3414,0.20069990073665275,2026-09-13 07:18:32.463586+01:00,2b5fa32d9d4c0b7c18bfe207fca5cbbbe89413c135e647b8a87e022368b079ad
3415,0.16658953568867468,2026-09-13 07:18:32.463586+01:00,71a998e2c43d114da0350e269dcf1cacab555ebc0b904b4bc61dd09efa03181c
3416,0.10240785777582267,2026-09-13 07:18:32.463586+01:00,b823109c823ee5c5e50bb7671e0699a140c2cb684b20f157090c3ad7475d2d6e
3417,0.10550216106963639,2026-09-13 07:18:32.463586+01:00,2711653ab9f4349b202ff972c60dcd1db4022604a39b84fd0ce2a2f6cb23719a
3418,0.10352054242580831,2026-09-13 07:18:32.463586+01:00,1aba9d5bbe53d61a0af524f40484a24a2b74638eb21f86d9237d3f6afe3a93b2
3419,0.05352921863058482,2026-09-13 07:18:32.463586+01:00,31807b9fb8529ae689bd9e2743c452cd27e2baf32e329e9cdbcb6cd3b3874901
3420,0.06708148777116363,2026-09-13 07:18:32.463586+01:00,bb18a77470d0f4b75c3ea673fa5a5b83d795cefbfedda9c388c4aecffb7b86e8
3421,0.12699083968269667,2026-09-13 07:18:32.463586+01:00,2263a0b344c6bb0bae8f7ed06b987dace8ac95fe6fc76727beb7b4ab423d96fa
3422,0.1010334683587276,2026-09-13 07:18:32.477123+01:00,7e793ddddb3addf616eb5dc17964ea9abee0419ca589189bf1fc2f9b8d98444f
3423,0.14194006151953897,2026-09-13 07:18:32.477123+01:00,069d17e3d45fbe519835e9c541de72150316a59b9563eab876ec53827ae1177c
3424,0.18254510423731724,2026-09-13 07:18:32.477123+01:00,a95a2ef584b1578c7b0ab974e96e6ce393fa49fd969cdb7ab19b8843ccdb48ed
3425,0.11620257407077243,2026-09-13 07:18:32.477123+01:00,1a55328cc4ad50be0d9d9877e92decb0ae0ec6af19f85017a52ea1cc636a335e
3426,0.11557033509047569,2026-09-13 07:18:32.477123+01:00,d2fd767d5afa76b88578f64dd1a146beb6e947f7799f1c532077d477201239f2
3427,0.1044482408548602,2026-09-13 07:18:32.477123+01:00,5ce0adbded7bce5ff7b35834fcc04b2192a955f93aa45cf50cc5c769f13363ed
3428,0.05608475839002216,2026-09-13 07:18:32.477123+01:00,f28a5442e4bb696fb696d4d258e7cadbee50c694ca6d33e4e21a425b9b22a53f
3429,0.053449872655012755,2026-09-13 07:18:32.477123+01:00,5d6f114e3d0d7b1bf87e0050f2f94ebaa3e4e3b25fc10aaf79f6a5a2677bf0d0
3430,0.12872558482327287,2026-09-13 07:18:32.477123+01:00,b8ed637c5c11ce4e7b53bcd460b0649cf5247ebafbfbf90f49beaecc60d194c5
3431,0.06898495297911968,2026-09-13 07:18:32.479293+01:00,c5c06fb37133328c0fe55d9b2734ec7d27695d4a96795f4041340f6263309a27
3432,0.12341436437355578,2026-09-13 07:18:32.479293+01:00,91a117dd0cceefd3eec37cefe6fc461354edccc359691ad0298214e130045010
3433,0.0461723588451409,2026-09-13 07:18:32.479293+01:00,3448577f9e739faaa559faa8a7ec401e8585c877ab7b130dd1d92e1c9303f098
3434,0.05665873044860493,2026-09-13 07:18:32.479293+01:00,21f5ddee64cf1fd6583a5169c2e3014744e519464772bad32b30e144b131feab
3435,0.15246985437370167,2026-09-13 07:18:32.479293+01:00,7d2f18d14858b05d06eefa6cc931d5f4852963c62a30750b3551e211040fa55c
3436,0.12121886865263723,2026-09-13 07:18:32.479293+01:00,719b17eb5bbbc243151dff24b6827815ca439cde64d79497fcb17e28b36dd4c6
3437,0.1001525275448461,2026-09-13 07:18:32.479293+01:00,2a48c45dafe12f135611f5d0e55f7e388b0fc3ead37be1814aae01339a5f232e
3438,0.1040551688746535,2026-09-13 07:18:32.479293+01:00,49a243935704a097386f481cfe7eed0257a475e7826a4b998ecb69ab4ce74450
3439,0.1389184688061773,2026-09-13 07:18:32.479293+01:00,505e7323867f7851f4cbe99c48cf9cbad2ee73e9508802ab9dc2b0af7092b60a
3440,0.08795470510156303,2026-09-13 07:18:32.479293+01:00,9ed972959cdbd52de5184748302e0037778a14745083ad14cd7c8cb42d1d284e
3441,0.06688425798808817,2026-09-13 07:18:32.491816+01:00,a6c517d9efe39cce107703f6a4ca34d36b8ba25f2574dc0ece87c99b218c4f53
3442,0.14900168552991966,2026-09-13 07:18:32.491816+01:00,6ef3672c327a6b59562ce26dabbfc1c7edf6f9a35540faf0908cc6f55e6b8170
3443,0.051721185222680516,2026-09-13 07:18:32.491816+01:00,6e0b8937dcec46b2c2dd334c0f88e8a2fbef82276ff33fe66ac56c0e46bf7a4c
3444,0.05933438934847107,2026-09-13 07:18:32.491816+01:00,6bc6ed054fa1068959c788121d4e274ea68dc7cc4013981877b1f4eabd6598c7
3445,0.15489573422694367,2026-09-13 07:18:32.491816+01:00,be240ac0e8203ce1075e2ddee56d375859af7eda1004b7e92411f3c91086ad9b
3446,0.10412986327253904,2026-09-13 07:18:32.491816+01:00,0a3005c3941286f2e666eefdafa56b1d45d33bc3c8a821299d220123f5246d11
3447,0.11458831535551102,2026-09-13 07:18:32.491816+01:00,a78fce73edb44af3c54ee0dde822cf8d69b2f289e887f363ce9cf0dc3b215455
3448,0.09895828348735002,2026-09-13 07:18:32.491816+01:00,6f0abec9bcd4b3c0e01cc274d4b15d8e8df64b13d8e8374911b4f6eb5aedb906
3449,0.10006701940520585,2026-09-13 07:18:32.491816+01:00,b2fd487a72ca470a1bfc519da8132347566785446810d646ad6b6ac503afdfe2
3450,0.10041926616329112,2026-09-13 07:18:32.491816+01:00,8090f3a9ce66e7c6c1feeae02ac62b287845dc5226e9869097cfde178717535c
3451,0.26986755288995884,2026-09-13 07:18:32.494131+01:00,94a0df1c9f35e6437dc9de570887717e93a0a68c1c0e60b35c22b0f0c707a861
3452,0.08556085978041175,2026-09-13 07:18:32.494131+01:00,108e3e3fc0e011ac52c9ab4f83987b610b255fb61b4a1890d6e5d14683a206da
3453,0.18911946665572052,2026-09-13 07:18:32.494131+01:00,51614bcc686f063550d26aa26b10f3776335665a156baeeb77ff628c7332fe80
3454,0.1299141005815578,2026-09-13 07:18:32.494131+01:00,6165a52e864372422fce581c4d4cada312ffe4ad6257d4ec3542e5b78be4f2fe
3455,0.07607835706857481,2026-09-13 07:18:32.494131+01:00,bfc6d08697ab78e458c0611cc8c356e83fcddeee5b9558f217fc6022dcd0cabe
3456,0.027390671599477633,2026-09-13 07:18:32.494131+01:00,543a2b3bc31c5952cc37fdefea6dbbbae27a81463ad18758e143cdd4b308a9c9
3457,0.08488670220906724,2026-09-13 07:18:32.494131+01:00,01da24b6a3991cb3909bef477dc9aebc5a1b3f139bf3cd42514a114dfb9efcf4
3458,0.04496460763935421,2026-09-13 07:18:32.494131+01:00,fb587946e797141a025ee4236a22a713d05f437530a95a642ca1835b6263ab8c
3459,0.017282995201075704,2026-09-13 07:18:32.494131+01:00,7783fd07069708521373b860542a45fc45985be6a264e84eac14e10e4fc927b8
3460,0.07493468637480157,2026-09-13 07:18:32.494131+01:00,a55af2a42fc6651a8e0768d07db651306046f329fe6f9573f0f06df558c0cfca
3461,0.12713341618911966,2026-09-13 07:18:32.506657+01:00,1bcded6b61887ed0aa53e9aa5c0309a14410021a89df7247569b12e10a0039d6
3462,0.08214120546589818,2026-09-13 07:18:32.506657+01:00,d9fb5c799a49a9fbdd742bd7af0dd56e9fa0b5e244585032953ad0c29349a626
3463,0.19851851994045602,2026-09-13 07:18:32.506657+01:00,087604cd9201185442503935c56834934d686acf1ffd786bc50055cc7598c9be
3464,0.1544566688535402,2026-09-13 07:18:32.506657+01:00,47c080be1493b8439547a638f64b758e09306c2ba99680a6166bcdf92b490c2f
3465,0.09724021839681919,2026-09-13 07:18:32.506657+01:00,0904b518eca2e241d456ba06fa6f2ff3195633bcdda737cfb0e171aecebb49bf
3466,0.024515549872320186,2026-09-13 07:18:32.506657+01:00,0c533e0e8277a7c60b23f94c8ec9969a77afd5b6a6afe36de5182356a6309462
3467,0.1455329279390454,2026-09-13 07:18:32.506657+01:00,a282903fdedf8d8eb415786fab760822e0ac52b2989432a082a6dc05ea3d8757
3468,0.04816485151519491,2026-09-13 07:18:32.506657+01:00,23f2cbd3c557ac561cc2f9ab4cca195e6d3af4ac99753a9b22ae3ec18911be31
3469,0.032031870002876064,2026-09-13 07:18:32.506657+01:00,2edbfeaafc985ca350e788c36d1af660008a9055c5b294ee116670d390e4acd7
3470,0.09026477182473011,2026-09-13 07:18:32.506657+01:00,41f6d236e1dd36caad5f41b14e02a89e19ffde74a31e30aa081cd46204427523
3471,0.07564320714269342,2026-09-13 07:18:32.510583+01:00,bec4be57be0a56cc0877b6c3f7b0a5d20576663f04675e7b2c39877a6b08803d
3472,0.16836322436903256,2026-09-13 07:18:32.510583+01:00,101e6aa7246bba2925ef88465e4e8dc3eea2d609356699261db205d64c6e890e
3473,0.06538101965107562,2026-09-13 07:18:32.510583+01:00,be9fd8dca59cb11d39c4292e2392d57701246c09bdddfc018cbbe0ca2aa64e1a
3474,0.0691310971093088,2026-09-13 07:18:32.510583+01:00,e9b8b2c09a2c41bb9449691a93faeca4d88a17d0ea5b1698d8c89f680040b557
3475,0.033451575606335944,2026-09-13 07:18:32.510583+01:00,a3c81038869ef75a495a57f623eb021273e8121263c32476569564395ded32f6
3476,0.06627450822662374,2026-09-13 07:18:32.510583+01:00,ebb94e28552e424baa447bd7cef26754ba05c6e0e0edc1ddf76d857fc99c9ae3
3477,0.1190016487290242,2026-09-13 07:18:32.510583+01:00,fe2f06818e6d6979dcf8dbbfb08e78b939e428bec2819ca32fe1e431d458fd86
3478,0.049519451321735485,2026-09-13 07:18:32.510583+01:00,4e3c3be6ff8409636dda53c6c8b10dcda1117c63a36de29936a19af07fffb65e
3479,0.09646582812294384,2026-09-13 07:18:32.510583+01:00,a80844fa6670e7319e47994e720bd48f08cdbb85cb11240128d55a753b056ab9
3480,0.09143128312004024,2026-09-13 07:18:32.510583+01:00,61d7825296d8684c659ebc6c84b71735779fe3e4287ae4d73a80e9ca4a1d6627
3481,0.16533715660118617,2026-09-13 07:18:32.510583+01:00,c7a64840413e5c47f967986b3901a46de8756fc2bcf126578e6337ff10d97a99
3482,0.09358183744791276,2026-09-13 07:18:32.522684+01:00,bad213f434ec9f91e1ac709ea3bf4cda3217e97334b38bc7308729d3761811d5
3483,0.13013882139808636,2026-09-13 07:18:32.522684+01:00,04195b7e2a3a95f74cc62d98509d7df0b167d924137e8ebe907ddb13d3166d1b
3484,0.06919108305927371,2026-09-13 07:18:32.522684+01:00,50eb42e84e91eefac61a485a0f683430f19fb0e888831d2c6f59d60905d10379
3485,0.02335080469435221,2026-09-13 07:18:32.522684+01:00,261cfb52d57519db30ec4396c0849dc4e30ab3dd08247425833d131e817c0c6a
3486,0.0675032312702743,2026-09-13 07:18:32.522684+01:00,3a564c7deadd737a489e3bc3f07f2a98ab0c2dc2a5b590963fe595d29c2a61ca
3487,0.08522175406844647,2026-09-13 07:18:32.522684+01:00,2f4e6a823a2d87e172bbded80956fd7aee862afa8e09d7e59620e34a90a4223e
3488,0.15917818246179052,2026-09-13 07:18:32.522684+01:00,c4fa4200c29e492adbcd1bf341fbc30e4be260d8b04dab36c8defd646d17ebc8
3489,0.04318556491148648,2026-09-13 07:18:32.522684+01:00,ca706fbc3b1b7a33c1856e353084067a8c51622f5bda0ac111c85da3bc44ee0d
3490,0.09522038038647439,2026-09-13 07:18:32.522684+01:00,a80f2a225ce92e66c8f99a9b03260b1d13022fe6f0a1b3a8a5311e2c1a9a7484
3491,0.074675513411246,2026-09-13 07:18:32.522684+01:00,578a628584ff315cd57668843b901838b029ab3edc9cd58098f3b27bf0ba896a
3492,0.15875282689065684,2026-09-13 07:18:32.522684+01:00,54d9eb0c23411bd3ab8852bffa99cbe14c6bc1f3131657aec7a56baae2a1c359
3493,0.07576333336341079,2026-09-13 07:18:32.526270+01:00,ab5a8eed2bcc8d6c4bd994c2f17b017e9032f89241a52c1df096877059ee2b55
3494,0.1561424483813302,2026-09-13 07:18:32.526270+01:00,3ba94a34a76fd956e3b76772b9c8a4e0570a208e292cfaa6b438785cec383927
3495,0.07354442763754719,2026-09-13 07:18:32.526270+01:00,e1a8459f37e8a9a9e0db61397d92be2199fc409f58fad385829783f489b11b00
3496,0.09009737717541252,2026-09-13 07:18:32.526270+01:00,ad85d615a1ed993b31a4ffb3e4e82f1f23b6b272c6f03071f6693d0a72d064ed
3497,0.09530785490560173,2026-09-13 07:18:32.526270+01:00,4588d5aeab28f050c1dbe6e4a0277b752483e0984f274b47ed61b0a96ba64003
3498,0.1423920501123204,2026-09-13 07:18:32.526270+01:00,e8a141dc1d26bf0f053fc6bce96ad96d0b008e862fb40314122f8145782399eb
3499,0.11282529473895808,2026-09-13 07:18:32.526270+01:00,7b50eea2d8112a59e7eb24ce48a3db3686c9773f8ffb8b5ce39c91f2b7d8dcd7
3500,0.1183841386377461,2026-09-13 07:18:32.526270+01:00,4ddf996b44b861a437c161e61cdcab9434ce217c45189f99fcbe885617a46255
3501,0.13554307504767296,2026-09-13 07:18:32.526270+01:00,cf1b2273581f5ba6115c13029964b01a3068ec9c88b806bf235a9718af258e9e
3502,0.07444602761967191,2026-09-13 07:18:32.536613+01:00,bbe03bd09de72e34899a8bd348dc99bb8110d05e6b9f9bbd547f399443a91813
3503,0.1028592889809117,2026-09-13 07:18:32.536613+01:00,4344eb57af34b0afe1e0849b8aacb64a0ea99bbaa8eeec4166a911f5b981ace2
3504,0.047298952475779255,2026-09-13 07:18:32.536613+01:00,9abef6bd047f82ac91cce66884b2792792fed956645cfa5e82eb41a509b64deb
3505,0.10558449577423883,2026-09-13 07:18:32.536613+01:00,8f482c80250e4a4d4114da24bec182a8d6dcaef2076e3e5901a439e505fc65ee
3506,0.0939934386012397,2026-09-13 07:18:32.536613+01:00,1e70d39164a021900ed7e97e18a9d550a638a89ee044cb183c67cb25b85ed721
3507,0.25626171194515457,2026-09-13 07:18:32.536613+01:00,cbae1306e7250d65e8dc178c6eff3667a17acdad20f37f3808fd1eca0cbecd7c
3508,0.10116632467102886,2026-09-13 07:18:32.536613+01:00,36671f1933d29e5086d060dbd423a8d3f5d93c6c3a7f03082eaa600eb2df3a14
3509,0.13392270428114628,2026-09-13 07:18:32.536613+01:00,8cf4faf4543b0a09766ee0415cb25d0c6bc62873570bbc309baef0d76f0e794f
3510,0.0844670556508289,2026-09-13 07:18:32.536613+01:00,448d9dedf71fc5264b659c32fcb526ba62fbb32723ea990537ea42d5f76e3022
3511,0.27724983254546004,2026-09-13 07:18:32.538841+01:00,598c045ad764568335bece01e93149069f01c9df8bb51a110013542f23da0de3
3512,0.3945682004477494,2026-09-13 07:18:32.538841+01:00,06b5d063b21b53954457aee2b3c12fcd8c52d4723396d271b8119dcd0962f0b8
3513,0.3281819670067904,2026-09-13 07:18:32.538841+01:00,e30eb8503865a6de330a33955454cd10804d0fd4ed2f9d89df5d9aa246941376
3514,0.20324050400967045,2026-09-13 07:18:32.548709+01:00,64ba1f7f254cde5f990642bef85582dbed9acabecaa089cd8dfd9ea0af87bd1b
3515,0.509381366567468,2026-09-13 07:18:32.548709+01:00,7ab787efded6c8a57eefdc2e4e9d47c2a6824c82c7d3189f757469b1f1a24c8e
3516,0.28737812942286156,2026-09-13 07:18:32.548709+01:00,f5f634120f279c7c455606f187d702a4a8e23117a4cc72f4020a046825a6debc
3517,0.03614902013818128,2026-09-13 07:18:32.550679+01:00,cccf376c54e920e70d46d1ec1f85da5de155bf12d40391cfd6fc8ad5c43f7103
3518,0.06991176604003063,2026-09-13 07:18:32.550679+01:00,f7aa24785c927abb8f0237252c575bccee40a0edc47bd9c719f9e983b5ccd3eb
3519,0.09418600607924471,2026-09-13 07:18:32.550679+01:00,830d612512d4936bdfa24a1f672030c4d6c5702c7baca261dd7d1d953dee0cd9
3520,0.058842273879843955,2026-09-13 07:18:32.550679+01:00,46945be8efc7571717d87720790e14727d89b84f0f592675e56673204d7a53a6
3521,0.09251158196673394,2026-09-13 07:18:32.550679+01:00,0726e21e98e29f8c26904810f6c1b57ebd39478793559c3c030bf60d004a0a1a
3522,0.06822486951241086,2026-09-13 07:18:32.550679+01:00,16a2466ab790919500acb312a97b06be3d593b2952bf6f72a90523abdd2510d7
3523,0.16812037322636805,2026-09-13 07:18:32.550679+01:00,97945bc1c3d7bbf4c36e3bd02526a2d8f2daea13131df4e7f2cda332beb07815
3524,0.07988075585044575,2026-09-13 07:18:32.550679+01:00,bef63500db5665bdbec69608cb6f97c16b2129c710a5840f57dc5cfab1dc01c1
3525,0.05514838010342376,2026-09-13 07:18:32.550679+01:00,1a58895e5f575119c5e8157e27cdb00ccc39dd41d87e931a5a89c20ff0e89e42
3526,0.10958532485930368,2026-09-13 07:18:32.550679+01:00,15b727b61dbb9bd4233725528615e35cdd78dbdda97e2b5d635138051cfc33fe
3527,0.05016133744081724,2026-09-13 07:18:32.550679+01:00,fa327340bc679d1f6125c3cb0799812b88b3a688004e45a5016fa21bea0779c4
3528,0.11727831090319613,2026-09-13 07:18:32.550679+01:00,a97c4ebead982d18a6dbbaeede4d73f354e9149cb1a72427d4edbdebcf2d4263
3529,0.04195295437195346,2026-09-13 07:18:32.559665+01:00,c06a1e2805b167716307aa275719bcc625b6b68b588fc1d559466c7cc4238726
3530,0.055909018514568115,2026-09-13 07:18:32.559665+01:00,4f0c4f427504636e89db764bedd1705967f29be6d28343dd24c0988dee1a9a53
3531,0.09597811096007358,2026-09-13 07:18:32.559665+01:00,bc2ec33cfc03f867a1f688efa3ff05d4a2e2f7718ade31ef86ea4fa19c1e43d9
3532,0.0720960170894644,2026-09-13 07:18:32.559665+01:00,4c151c2fa526165eeb58aa7ee74d21ebed411a7eabfbb737aa862f642bdeae6a
3533,0.08926072502847308,2026-09-13 07:18:32.559665+01:00,8b4ff1007d702b77d13aaeaba93fa11a61c924eb12fe912920d3ea907b048239
3534,0.05782116359116209,2026-09-13 07:18:32.559665+01:00,6bc7faf13c1d7af925d9c8d0967b4bcff81bd1975d1eb3226976a9bbb4302d18
3535,0.1891769405200915,2026-09-13 07:18:32.559665+01:00,3697b26efb7e81ff830d946d994b343494c8870955803f40a7d1126e3be2c4af
3536,0.04324401174689739,2026-09-13 07:18:32.559665+01:00,5baeb2a3e5b209038e695bc1194b4ce3caa0c6158036e2594354c0ef6a7c1a25
3537,0.05309020625208029,2026-09-13 07:18:32.559665+01:00,fda3b495c913aa61c6389d8db60b0813a110780d4f83ec6e36f671f303b2cb01
3538,0.07820929212318765,2026-09-13 07:18:32.559665+01:00,cdd416cde9ed55ffa0dea72dadd06079c7e53b7a52435f43e7d946861b2bb985
3539,0.08128986665128125,2026-09-13 07:18:32.559665+01:00,5adc2095bb2e7b7dcfb604129ef602e810839cacbf5531be6b7ccabc66ce7bb6
3540,0.14197169315076696,2026-09-13 07:18:32.559665+01:00,b7bc1f2be0bb1a72cc82c72a1f40c034b6b02ceb2a50cb34ac0f04aab081add4
3541,0.056912052987332665,2026-09-13 07:18:32.568545+01:00,19dfcb6f1795c7d6d27a9b5f0ad6e82ff0c58c94d7131de0d3eddb5f4a620d26
3542,0.08093699906210935,2026-09-13 07:18:32.568545+01:00,d8625f4f8f02c8e5761767848a7cc14483e7f2c66e1ae9988f3d832789b81576
3543,0.16145823748363533,2026-09-13 07:18:32.568545+01:00,27593bbcd8f810115d239ccc30c59f4aaf2d0bad367b6100bd9ca98aba04240e
3544,0.042047080225141906,2026-09-13 07:18:32.568545+01:00,6013b7a6cba9d85dea3517a85770dfcf37127fa3da173669024cdfcd2e89b6ce
3545,0.06588882956158694,2026-09-13 07:18:32.568545+01:00,de9db2ca27c60f09e82746f776266a8c8579fef94d16cb1cdfb8146758573404
3546,0.0904687687264838,2026-09-13 07:18:32.568545+01:00,7d1c7d0ef544a1d74b91753e996b6d34d2817ea6e9899b297c4ad741ec9f38b0
3547,0.08342232176575642,2026-09-13 07:18:32.568545+01:00,b8dd67b057c3329fde3863ba4d7efd65c814771bb7797959a95ddaab6ac239c5
3548,0.12034105863735399,2026-09-13 07:18:32.568545+01:00,a25e21220a01f147a1443403ca13437ba629c20b59e1e6fd8710d5a314e5ecfe
3549,0.0767363942479343,2026-09-13 07:18:32.568545+01:00,3fe155a81b4b6d2f25311302dd27906250240e8816ea89bc9f6e86671fbeb2a5
3550,0.02929141640177613,2026-09-13 07:18:32.568545+01:00,80e0985370d2401c8b679e5a4ef2de340571603bb9ca1d4aa664fe891d114dc9
3551,0.062405691912874886,2026-09-13 07:18:32.568545+01:00,1595a8f7d2d3afa01e785cd8f07c8fc5e7fdfdb490d77e6a6a8615df59b037b5
3552,0.05091264135656139,2026-09-13 07:18:32.568545+01:00,c0731236ea38e6995e722e60331fc0fedf2df19413f1dc1eecebf547c08aae74
3553,0.07917850763145279,2026-09-13 07:18:32.568545+01:00,b499ee8bc0ca116a74d59c2075d3f9687a3d46dd09502c142f6623960f1a00c4
3554,0.06525772844655325,2026-09-13 07:18:32.579359+01:00,679c82f22282da0a9a10746da5bbe122b59bed182750bfdbc2c8809b16737e7f
3555,0.06755666808615811,2026-09-13 07:18:32.579359+01:00,3d9af8dab1a9669ef0113403126135f1a69d93fd172c062ca8a38aa514e775e8
3556,0.14013974441528407,2026-09-13 07:18:32.579359+01:00,0faf759c4504e52fcb1fc79927a6b1a915243245cf7d6e43f870fb3f94dbb5f1
3557,0.013611224755480338,2026-09-13 07:18:32.579359+01:00,d2a537d5203a69787c659ae2ba5600cd9f269cf3698963e530ecbd51afd0f8d3
3558,0.08237977765543653,2026-09-13 07:18:32.579359+01:00,75dabae99c5892ea91df58a1919244bb3ba99602b39f5cd2461d0025d5b7b444
3559,0.11427977222703009,2026-09-13 07:18:32.579359+01:00,0cc31f41c5b3cce5ca64ce6403d6b99bf85804f2f3f5248b34b02fb0fabd5999
3560,0.06725570217322165,2026-09-13 07:18:32.579359+01:00,87043239827fdf4aa318e7e516c32cef17d27dcbd52b8039fd952ebcb1608e91
3561,0.16829203104967017,2026-09-13 07:18:32.579359+01:00,e1cb9562ea92e969d0358bc69950eb4a0ae7ccdaf91bd2406561abf26118d409
3562,0.0643486219259074,2026-09-13 07:18:32.579359+01:00,8ff3454ba1ecb1e74fa969d0dc4c9c1cf975117df336601bf31ac82214ad584a
3563,0.05477658809033643,2026-09-13 07:18:32.579359+01:00,5e16d855dd2e5f39245837da9f8cfe245df36a90a5550c94d99ce17dc9d260ed
3564,0.06543088814123679,2026-09-13 07:18:32.579359+01:00,76e0efaec2d3f333b09577005e5e4047efa6312da50c11a609688fe6fead4f2c
3565,0.026405596514983823,2026-09-13 07:18:32.579359+01:00,76c4251a2629e516347c8366e6715f516fa7fad1d6a5fc1b5b5ce5ff192ad3e2
3566,0.07026565651870152,2026-09-13 07:18:32.579359+01:00,010132c42a500670b8492fc923e52bf901b3220f47d92dad5ae2d7935b3cda19
3567,0.09814684253294918,2026-09-13 07:18:32.584418+01:00,e1dc8f14d797a3a7b62520ed2e7fdaadef76a294e5b4abb437ae57efddcfd9fd
3568,0.21991452957950394,2026-09-13 07:18:32.584418+01:00,750f4e5f3c112be61d677cdd1907ef650b06820744c52ae50fd3cbc3ba8a4e70
3569,0.09923286064620594,2026-09-13 07:18:32.584418+01:00,55abc3e9c10fe3f88dbc77b9c4604dbeef785f1aff7b60237683406198235677
3570,0.052279053171207915,2026-09-13 07:18:32.584418+01:00,6f08e32276289752a3aea9a20b589347716e67919d4ae7f8a4cade1494dbce36
3571,0.14169789221367945,2026-09-13 07:18:32.584418+01:00,be0dce521dad8c635b402f1c52e5222c23d465b726bd1d4eb83cc838906ee70f
3572,0.0552924838103651,2026-09-13 07:18:32.584418+01:00,c65ce6bc23cb3b24b704659102ca3ba1c5bc39a3a1869d020988b73be86678aa
3573,0.08776484420874496,2026-09-13 07:18:32.584418+01:00,ad47a5155abfbf4e3fbed67fe3d63b3593dc9ca0efb62fb865160503667d057d
3574,0.05434296129732707,2026-09-13 07:18:32.584418+01:00,08fdab99015c6056838d99cc6c9708de8edb707f1ca625216f271ab83b53652e
3575,0.05942724183954081,2026-09-13 07:18:32.584418+01:00,6ee2ff4446a1e33255a0bc72c086cf15c58de6a7899ea99caf547c65a87b77c3
3576,0.03764928673717802,2026-09-13 07:18:32.584418+01:00,fb8ca01cc6ae7fd218671d37d571e1b43c99f20ad14efc730ebcf6825c6db563
3577,0.09425200396329757,2026-09-13 07:18:32.584418+01:00,51f528236f5e905f57638396b59158ed1beb26950ad27f80dc9b727f82d59a46
3578,0.09088000943269268,2026-09-13 07:18:32.593752+01:00,3e8b4b5c9f48d78896925990835f2e400215946183e3985a9f507cee87e15fa3
3579,0.1798507839289032,2026-09-13 07:18:32.593752+01:00,bfdf96c3844f2afe5f59b84444d9b6f7d796c45f03f6b7e52919e1213727ae2b
3580,0.11099430672318604,2026-09-13 07:18:32.593752+01:00,a232f4fb8a389bf6bfac09adb7fd178ba5d36db6fba50ec5431c6a069f52cfd2
3581,0.05788514585278831,2026-09-13 07:18:32.593752+01:00,2ed22191efe400f808b702b64f71d9ba8fa1f058ac7948222db4c993eb76a4b6
3582,0.07518532357076038,2026-09-13 07:18:32.593752+01:00,7a870140b5afa9777dfb77fafad41369b1d6b8eca5121fa60ac9138b700357e9
3583,0.06648860306947277,2026-09-13 07:18:32.593752+01:00,8cd10fb93a2af725cf7db13177e231fb4ea26d79cb086ca8d397ec5280b4e46b
3584,0.07953023463948063,2026-09-13 07:18:32.593752+01:00,0514c99de88911e504519075b045045be83d159a85f626f2201c1f3851682587
3585,0.09926384578443087,2026-09-13 07:18:32.593752+01:00,68fc989b85c147e9e42b8bd37510999efc1801fcbf796ff0e8e40506c828238d
3586,0.052111842021993336,2026-09-13 07:18:32.593752+01:00,c1d85548517a5bf5dcd75c1a52a1b4b60b9014141cb3d75a55293ca6f110ce44
3587,0.09959257553478569,2026-09-13 07:18:32.593752+01:00,e38deb7163517b827a6565f7450be8f4793043365a5f29847c5b0c9e86c13e3b
3588,0.08821732944150608,2026-09-13 07:18:32.593752+01:00,ae17ee4d9468d35404f04c6ebf7814fd412e1e74dbb5f178c14d43e7aa140913
3589,0.15452615989765922,2026-09-13 07:18:32.596431+01:00,adbc87f774876b57936e7c8388eca56d0e8ed845e7404a82dcc366c85414845a
3590,0.08132691483292213,2026-09-13 07:18:32.596431+01:00,aa1e0e8e0361a2c53912236107c0e22ca328a8c154454b378fab858de16eddd5
3591,0.08377563874919401,2026-09-13 07:18:32.596431+01:00,3e32d03b2a978499031f4c346fac063a22e57d2f1ec649c3542e8efb33d648f4
3592,0.07244241433339303,2026-09-13 07:18:32.596431+01:00,f10781eec832775af5ce5f755ed628e60ef3e2c60abaf08428fdcf3a1614ade5
3593,0.10791430546205547,2026-09-13 07:18:32.596431+01:00,aba58e47681369209cdc1ab58cca0cb4e7c209045f295377efdfd4aaf656706a
3594,0.07822547466964822,2026-09-13 07:18:32.596431+01:00,38aa8003a5ed9d63f51485af91d97db5f4941fe47d018019c90803a73d0a9590
3595,0.08242664335781229,2026-09-13 07:18:32.596431+01:00,c7b89168a62bd6a40e9643ba4f83e5a81a55e73c0f544cd09af48d005fa1f2b6
3596,0.07964756159275446,2026-09-13 07:18:32.596431+01:00,02eb1fd781f93cefe6b8893fa63dffd857c71b6b91b2086145577b314dd77ae2
3597,0.12419954197535786,2026-09-13 07:18:32.596431+01:00,0e41a12b10ed4a2f59d8dc92d969e238966b00cf87aefeecb57256f799ab23d5
3598,0.13551534512920338,2026-09-13 07:18:32.596431+01:00,2ab13c6df8f32535423b01723d5701936df2e529362963088cc85a342c9c7a7e
3599,0.08776949910347721,2026-09-13 07:18:32.607625+01:00,8bc2ca89930b0c3d732fbe5f4c362801ebc31bc8b73141a95b462d1e7e952b76
3600,0.08171589010462108,2026-09-13 07:18:32.607625+01:00,8b610e21035bad85f8e8eddad5f8489e9c62c7f50b28946287f3cb3ae2074033
3601,0.20298732539235523,2026-09-13 07:18:32.607625+01:00,d0a903bdedd0aca94352de6021bba8029426cf566fbaee73a7e0335bef20906c
3602,0.07615883269866101,2026-09-13 07:18:32.607625+01:00,33f6fb151eb7d8c11212d3104452cc4876b03a64e5de1b3275e2284d780d5ef3
3603,0.10348386560009074,2026-09-13 07:18:32.607625+01:00,5a291cb3c2da8bece86cc56c5f5d511e68b7c606308d14b61c7b107aab44e395
3604,0.06450335776883445,2026-09-13 07:18:32.607625+01:00,ce5ba8f4381f06f57b6ed1b4e239faea283b6a0f1049755e9f34ccb7c24fd9e1
3605,0.12644205012679585,2026-09-13 07:18:32.607625+01:00,4caa46d36c75ba646df41f7f9cf41270c2eb7e8337cb0e6614f2c7f367737d42
3606,0.08907403151179108,2026-09-13 07:18:32.607625+01:00,dceadd77c649747b9d07a26ee0c5eb9366069fc95a3989a81c83c8ac0bf10175
3607,0.09998823341680523,2026-09-13 07:18:32.607625+01:00,85e8cc52a1ceb6fc5c7276fa9bb8b32cba29e762c7f910aa52b7b0a0addeb3ac
3608,0.06787691427656807,2026-09-13 07:18:32.607625+01:00,711544ccaa7053c1fb400dd6905d702efe773d42308265236dad743a202a1458
3609,0.09260680702231208,2026-09-13 07:18:32.609929+01:00,2e6dc6034d3c54e5a36052e630c0027290c39b9ad396f4d5f5d66baa7161ea7a
3610,0.2487272480736818,2026-09-13 07:18:32.609929+01:00,fc17cf5af426d6f14862c8625c9445746c196eb5bda93e65d77bb61328cc3fb8
3611,0.09540762618362517,2026-09-13 07:18:32.609929+01:00,44cd25b343b41ed5587adf498924d9216c2511f9b7f5ce2e0b67636e92a8e336
3612,0.09954701510299582,2026-09-13 07:18:32.609929+01:00,a9bca8b234fcfcc556e65a0ed9e37b4e3c69babafbff5fa9edcb8c02ee8890ee
3613,0.10537842938490821,2026-09-13 07:18:32.609929+01:00,0660ead1f1e9a1d7772c60036b4720062ef348d29dd15fcb09b67c74d52055e7
3614,0.08526536910343974,2026-09-13 07:18:32.609929+01:00,f0145a8a8c73a091a9f3eec9775f664a005a861b129aac49d77bcbbf15f59786
3615,0.134090229493767,2026-09-13 07:18:32.609929+01:00,32c467f16c7f5b8772b2809bc25d2ac97ccf5e041590e0490b9cfe7e1efdaaa1
3616,0.03973325637775252,2026-09-13 07:18:32.609929+01:00,667ef4de9df31e826da7e2eefcb3a6bda5073c5a01a40c0615fd4766f92228f2
3617,0.09924401925751782,2026-09-13 07:18:32.609929+01:00,b3d4dbd66216e690ef0f2e1bb047d97767aad787fb780212cfd1719444089903
3618,0.23524071237308478,2026-09-13 07:18:32.620240+01:00,d31eeb2f2372949dab6f52f3a555caa78e9bcdbdf1441ac577cc91a4106b8d96
3619,0.34058299978525897,2026-09-13 07:18:32.620240+01:00,7d4efc8d700e96b5807f327f95d5107df98f72fb4978f89eb93ca99e82d214d2
3620,0.07009236388750108,2026-09-13 07:18:32.620240+01:00,53fa8af046d8622da445aecf739a8f6f25edf89694d6cd5cce365b985df7878f
3621,0.03441558273500447,2026-09-13 07:18:32.620240+01:00,f7a97958cc38f52a15b6e85d6b8a655bb9f8b9fb603a2ca20ca12bf2438f791c
3622,0.14857934913865267,2026-09-13 07:18:32.620240+01:00,1b7674b8fbd902eea8ca390cf6c124d814761e6fc6b312eb44bca18cee882a71
3623,0.043433908329636124,2026-09-13 07:18:32.620240+01:00,30a94151d861467e45cdb422d6a039d827dfa249f47737e90f6bcd34e49ed41d
3624,0.0746096310648943,2026-09-13 07:18:32.620240+01:00,b8eb5d2c0ef9aa4194ba39bbefe8db04b811310da7bd6374ac9454011ce24d8c
3625,0.01467981690214826,2026-09-13 07:18:32.620240+01:00,e1a47b3e49139bdec82f9c2e59d88a0e6458710e645f7e28d2202f5a234b60fe
3626,0.03836563578381953,2026-09-13 07:18:32.620240+01:00,9e5b459904d21e9bd547b18d5007c34772e1851f34b4a56cf9afcc46cb9e91ef
3627,0.1050133086859803,2026-09-13 07:18:32.624332+01:00,07ce3e0e24d6fe491d24cafe1c6feb1b38806a02c3931ce7161d3a1d6a673594
3628,0.1268455451776289,2026-09-13 07:18:32.624332+01:00,f7bdc572f7c63fc99a72b20baebaba7d10e3616c18bebf8927cb43377b59f7b1
3629,0.10344880108247433,2026-09-13 07:18:32.624332+01:00,a27eaf7d74be1a03b5847df23021c6da9b33a5f0aa9641e86a05c0df99410180
3630,0.06936250883560525,2026-09-13 07:18:32.624332+01:00,c375f8d05d269f1e38ebfb3116c67c57007e4dfb04903e403d7c7fe6eb5d677b
3631,0.08775863832361683,2026-09-13 07:18:32.624332+01:00,5e92392d291b4128c0a8a3abd10f4d731dead22695030b0beb165c5b7952cebc
3632,0.19759244491218508,2026-09-13 07:18:32.624332+01:00,634c457b7ff066e9a6172d72a2502e831633790c85e75df838cd4a846261b617
3633,0.07584018422477443,2026-09-13 07:18:32.624332+01:00,1019ac4bc158b8911eab4cf9075032de71c3798188650d856c0eb774a3ef91af
3634,0.11960066393044794,2026-09-13 07:18:32.624332+01:00,af2fd5930bc1d1ccdea32f90d8763c2bab6661e93e3049c920ebea9bac360d80
3635,0.11453790482728693,2026-09-13 07:18:32.624332+01:00,1690703a62fd64a43523529ab50ee6a1b62ed4fef2a766fe38133b4efb0d8a99
3636,0.11221099873454873,2026-09-13 07:18:32.634159+01:00,4c22b5b43083bcb069d5e5d39cbebf904fd5cce4548d9011f8c09beb03f09f01
3637,0.1656681106591181,2026-09-13 07:18:32.634159+01:00,8e01532185b094cce8f8dff5184a93a4f5345e55ffbc6678d8f6743aeb9c0cc1
3638,0.06415142247006873,2026-09-13 07:18:32.634159+01:00,01d70a58f16150e911ea09567bea1f8044a2054cc5e55134fbf0042a8b381964
3639,0.09300874349880768,2026-09-13 07:18:32.634159+01:00,496a186e6503aa135d2d7d1f7ef64b04d88c1d509b045f7057dd0ba6834344c7
3640,0.19485651031334533,2026-09-13 07:18:32.634159+01:00,550a9022019e8b1df91ed770fe20bbfb666fc3e1ce1bdd21848cf3444fc84bf2
3641,0.12798121694442405,2026-09-13 07:18:32.634159+01:00,18a1719e8a37c6cbffc4ace52474c113cab0b6e6f48c23c8a2e8728d05d1cb50
3642,0.07481443155403987,2026-09-13 07:18:32.634159+01:00,97f67d6a27043702f3fe557bf3d35d27847e33cea581d15089da834cdf734f03
3643,0.08651870203900264,2026-09-13 07:18:32.634159+01:00,ba4ee890512332a9df257d14a0b404a203ed10b9adcfce3a7e8bd300c9d402e4
3644,0.0807898637866448,2026-09-13 07:18:32.634159+01:00,1d73c060d09958c3aa3b15125b07dfaeda39b200770ec40206e266cc077564f9
3645,0.05262900111106799,2026-09-13 07:18:32.636392+01:00,45149cae8f7c49a534aa9714824d5046be9dfe2e369bc0a385b5a69a89d8f753
3646,0.09785771976734114,2026-09-13 07:18:32.636392+01:00,fc7b0ea5f297b4b3696cc44c0df64585049f1a10bb5e10bcbe4aa9b0b86cd3db
3647,0.0491145155531081,2026-09-13 07:18:32.636392+01:00,3776860b4ba0bceb22113718a75df0f17932edfeb47839d39fb3c820d3019d5d
3648,0.17059032626315435,2026-09-13 07:18:32.636392+01:00,c12f9ac0825da6efa0be1369e310f0338b03c82724e53e0ce21af8c927cd026d
3649,0.1278633490031198,2026-09-13 07:18:32.636392+01:00,fd13af54b0ae71389ed08d6804b370b1c6b258350664976a1d2132bbc5ad9e2f
3650,0.11853564764460485,2026-09-13 07:18:32.636392+01:00,58708b201e398a5c361a291b4b5b46776ea2c4c1a6fa983b3d13d261dbea85fd
3651,0.10058178643519394,2026-09-13 07:18:32.636392+01:00,250e668cb27c657bd7c31bbf1a57663962918e35657470a8a883be1aaeb5e837
3652,0.10218785909364309,2026-09-13 07:18:32.636392+01:00,16cf596f520eec4b53fc8916d560fd79093e1d02377191d19468eaa381156607
3653,0.18063979512876674,2026-09-13 07:18:32.636392+01:00,90aeb6f9a423fd4fe879a430706b7649ec8b4801d6fc30180f7e3c1380527022
3654,0.013828408282188788,2026-09-13 07:18:32.645284+01:00,af7e7635bdab9bc29ae192816836ef0d7e274cc1711317aed174dc114c8aeee2
3655,0.056423831189859795,2026-09-13 07:18:32.645284+01:00,82a0810890b072e3e1ddd88b7520409f730d8a7c11ccd23f16ea673ff236421a
3656,0.06794622080298508,2026-09-13 07:18:32.645284+01:00,5f672e9dbffe6da55e59930e13759b84dc584160236db0121ed796967e384a11
3657,0.1638691747934296,2026-09-13 07:18:32.645284+01:00,55b314c5188343a95e7442d2177f373d32932c54eb8092f30d85e38c9119661b
3658,0.15667470316951163,2026-09-13 07:18:32.645284+01:00,740dc2916081dec2e39f33455673383ecee4a9a9dccbf43be797c826a86e666a
3659,0.1567625560546907,2026-09-13 07:18:32.645284+01:00,c27259803588399eca67d4a49255bf33f002e61519d331568393f93502200c77
3660,0.12494573966633007,2026-09-13 07:18:32.645284+01:00,0cb0945a97d79bb59715c2282001841ab4faf4df0f219f2d3f9c3cfddb5a0b98
3661,0.016826586981650037,2026-09-13 07:18:32.645284+01:00,dfa68c021b2a14388032f4bc977121bcb1b341951bbfa75a388cdb1508e42a64
3662,0.24272277905935438,2026-09-13 07:18:32.645284+01:00,25ef4d22e2d8c0e31c5fb3e8dfacb8db051828044b53e6435e48da16807633f9
3663,0.174716330574436,2026-09-13 07:18:32.648041+01:00,1d126a83d9ba9330be6c610ddd4dd836bf6b459c90c63c3b0016c3e843505ab1
3664,0.11014024432123512,2026-09-13 07:18:32.648041+01:00,a3f50cde47740468d4ca0c7f94a1e4b1387c42cd4105f7e62c9a6d1fb7e936a3
3665,0.09330315703068853,2026-09-13 07:18:32.648041+01:00,204aac49a8699f1a72fd1cc0b0193aac030132d0afd9865ae3ab825f130e324b
3666,0.06950390891610377,2026-09-13 07:18:32.648041+01:00,787bfcb18ab58f467b0bc68789801e4d93448f8f9d87ed5dcee31c52ebcc0def
3667,0.14915421134737944,2026-09-13 07:18:32.648041+01:00,f6f22cdce26056301627cbc0e4ce194e285993a08a9db6860cfcd3c1eabd6942
3668,0.10194547693053212,2026-09-13 07:18:32.648041+01:00,73bcbdbdb6ee6741a08e7e04a634e0270fa154c658a141066de4404bd7940aab
3669,0.11714951420434029,2026-09-13 07:18:32.648041+01:00,2d32f39e6971ff8d30b8d73e75978c57312f7f2193576dacc34a825628404738
3670,0.1266183636217198,2026-09-13 07:18:32.648041+01:00,7b805fcce260857360e9bd1349b9f589e2fdaf8234ad1df92516108cb2d255c7
3671,0.05746879305356499,2026-09-13 07:18:32.648041+01:00,5a77bc1f57a4d036e12f99553fc23cb5ea50f7bba1f267a420ef21c038f946b9
3672,0.14767371724298817,2026-09-13 07:18:32.659936+01:00,cc898b0ccb88607b59d140dd14dd25c5ce556514e314c25cdddfae8f8d13485e
3673,0.08943954633573988,2026-09-13 07:18:32.659936+01:00,eec0be81192a3d3b28a9016304c0ad556775bbdb14d8c1d4d350a9e0dc2520a0
3674,0.08309848127566657,2026-09-13 07:18:32.659936+01:00,dc05a2e0246954fab0d4a9b207ec4c78d7a3af98af35f1d9edd763bd7eb42bbd
3675,0.048218986563005745,2026-09-13 07:18:32.659936+01:00,e6dfa9e8cd30a4ebab3df0e8095a57fd1d0da05c433ec658abdefa10d8e93371
3676,0.06328538884562313,2026-09-13 07:18:32.659936+01:00,f84a2ba3b755643e64224d340c6e14e4cb874a41c3f239cbdeec27592a222242
3677,0.12302717781111225,2026-09-13 07:18:32.659936+01:00,667f613bcedb268008baa4948d324017b1c549bc0ea4867511dd08dc500e4f65
3678,0.23085125434790582,2026-09-13 07:18:32.659936+01:00,24e8fedb35bab76e8bd05f2f04b4fc51b41b106dbb27bcc593e3662b05fa0d36
3679,0.13361678677362848,2026-09-13 07:18:32.659936+01:00,7fe9b2ec79d9e8ace858319614edfa82be84492c5de2ec53bed5beb9ef496ebc
3680,0.08078866080432988,2026-09-13 07:18:32.659936+01:00,5df4837775942ad0823d7690f324ef03af9e0d2420ee8262f61cea85ec59de0c
3681,0.036834585817730275,2026-09-13 07:18:32.662545+01:00,6b554e7dce3b035a0672c4f665178ef6feffe96d38276fb56d9689b6f190b8b8
3682,0.1059536440740771,2026-09-13 07:18:32.662545+01:00,155f8b9ea0399d056b0a3d4017a399d8b68f5697b8b267e7492b0f8066ad7e1a
3683,0.08817526958238066,2026-09-13 07:18:32.662545+01:00,96b32b7b6630275a310fb2ecbe269f4199046e545f127ec9c0064afb231c93ad
3684,0.16446646576780696,2026-09-13 07:18:32.662545+01:00,de5b1cb27a8cfa3796654386a53b4d066431c438aceaeb44e0d4ad0c1580d48b
3685,0.164752827604228,2026-09-13 07:18:32.662545+01:00,26b28f2971679e8a72165ef69b02829eb64d8f50ab77a79742edc7be187d2dcc
3686,0.06951201624294565,2026-09-13 07:18:32.662545+01:00,9ebef37d92a1f450ba228263577cbaabb3952f241ad3b2c3af48f9c555e9b861
3687,0.09171081921347925,2026-09-13 07:18:32.662545+01:00,363c87542e2ef82ba6f3acb01fdc1f68e1da29448a574fc204a2c0336de0957e
3688,0.05580063935970055,2026-09-13 07:18:32.662545+01:00,1f2e2d823fb6add17a5176e4ddc84994475d7e043a45efcb92cc844eabad5ca3
3689,0.055786998851037405,2026-09-13 07:18:32.662545+01:00,0b8901337ff0ee1eeb3a8a075b6c8a1cb8dbbc61219b5dd0244a0fea91c291ec
3690,0.08511164528506786,2026-09-13 07:18:32.662545+01:00,5315686b43840bb48e9f1869ddda15e393a4270e79eb7d353623d1fa1caa01c0
3691,0.04308179731724939,2026-09-13 07:18:32.662545+01:00,d23b25ec0d8015fb00d711efb0070a50f994eb1b5db65c2ba0eff8a8e102d68b
3692,0.03881329088429709,2026-09-13 07:18:32.662545+01:00,b6c9c06b8ad7fb35e2992177f14e0b4120ce7961db7baf0db6272dca88e6c31b
3693,0.058204422028023194,2026-09-13 07:18:32.676172+01:00,332240f5efc6c4fe2b423e19f0a92025f0ad922340491770c36171b634d158fb
3694,0.10455866366498814,2026-09-13 07:18:32.676172+01:00,0d725a7d89376083e1a90f667ff2bc3bd30187188c5dd998552d8b7ce33c7611
3695,0.06549194541021727,2026-09-13 07:18:32.676172+01:00,30fff32018016d844040a64be33200b3a78c4f3cb7c6a301971c209ea6767617
3696,0.14362046856375704,2026-09-13 07:18:32.676172+01:00,0185420d10b6717dcddb4cb59eb21bb2e0a2294ba6e141f82ab7a77a6339c772
3697,0.09376784747569461,2026-09-13 07:18:32.676172+01:00,29e0c9b46f39f35621b70d4cab853502f0532f212e53a9517ec5c10217e4f93a
3698,0.08490785213393179,2026-09-13 07:18:32.676172+01:00,fd2d4840c1bfbbafed3dc2efb4bc97c5c22b3f6fde0c8de8d759b111e6c09055
3699,0.10173785981405753,2026-09-13 07:18:32.676172+01:00,755a31af8fde58f4bfe5d0dc707de5745f8fe115986154f0623ba563821107df
3700,0.05487416004531734,2026-09-13 07:18:32.676172+01:00,f9490a2fec8684487dcba60e0babb40d5721f3e4149fea0aa53945dc5b29c8e5
3701,0.12076151861569201,2026-09-13 07:18:32.676172+01:00,b75b1c4fbf1781cc43f05e12d07070c51bfcfa733028929c2327d9fb1f75fe68
3702,0.07690720040975636,2026-09-13 07:18:32.676172+01:00,17dfa7308c9469408e2bdf9050c1513d1027176a9ba1245421fed5b2614cbe6d
3703,0.057565555443712245,2026-09-13 07:18:32.676172+01:00,6d26749459f8d68f567724c18784035e2b3a0fc778ff56df2d66ee56f8765381
3704,0.0376025063948525,2026-09-13 07:18:32.676172+01:00,ec08c0010a6fcc3501a9fb3862f2262845c68230ddd39a14184bd6b88628b91d
3711,0.08402407536717413,2026-09-14 08:26:14.373749+01:00,69a9b5569c8ac917ac544086c0086582f6b1f26707edff664704f47fa473b911
3712,0.09053450416110159,2026-09-14 08:26:14.373749+01:00,657e5307ec262815132921601791ba91656425437e7d820d9d5e9c0586f8705f
3713,0.03687002685950774,2026-09-14 08:26:14.373749+01:00,ff4c0529e4de39cab8ff83f2211a4ad70c9fca2cb0128dd973cf3909166509ed
3714,0.04115311356118939,2026-09-14 08:26:14.373749+01:00,fbcc73118c852c77b6553adf65c205f0bc404e99da19f205cf1c136e913cb35f
3715,0.08688708442529461,2026-09-14 08:26:14.373749+01:00,a5fa4d44f94aa7147aba4c5a782878fb9958d7952fb524db08b3e3152ae6305d
3716,0.37796635740663004,2026-09-14 08:26:14.373749+01:00,543705c9234a7cd7fd8f2b9a2d6f6606afd98ce3395ecb7cefd04d0076a99df7
3717,0.14101503463105855,2026-09-14 08:26:14.373749+01:00,f792b8cb29c6b1f479a471f1754e514cac6c3204371f1ed1e1bf42f5d7ab31bf
3718,0.14154980358804392,2026-09-14 08:26:14.373749+01:00,0159073de3f467eaaa8248bc6e7d9c0367ab7d33dfe168ed2adbb96978b904cd
3719,0.0763169833073711,2026-09-14 08:26:14.396504+01:00,14a0132f729ea49a561bc04dd45811d1d98e1bd1035d3481c40f075429505d39
3720,0.06703596434484031,2026-09-14 08:26:14.396504+01:00,2d07ef58a78fb923447cb03ae216a21b2016d8846678d7e9828825d29f11ae15
3721,0.03254630347258569,2026-09-14 08:26:14.396504+01:00,f7bf8f2a53bc6e97748338fd719c3a0ecf8278cc7e449910d7c7138eed836da0
3722,0.044253837609664816,2026-09-14 08:26:14.396504+01:00,dc8ba3cf221071609c9ccc69caba7ec417d7ec08e38e893fd4fa99663ec8b9d1
3723,0.08734836739910083,2026-09-14 08:26:14.396504+01:00,e1787deade9477c47512b064a19d29eeef72581743ae89e22bd5f43f2962d3d2
3724,0.3997799632393929,2026-09-14 08:26:14.396504+01:00,3055ca9888a40aed4e5e3a007034c963fe16c47c5458219fbc9f5cc4ab22da58
3725,0.17295292008346147,2026-09-14 08:26:14.396504+01:00,adca07b6aa79b263683b8fd90fc66411b183125763aaa92d07508230cb29f918
3726,0.11976566054358294,2026-09-14 08:26:14.396504+01:00,0d714ed468a8a3d7d6e29c0065cffb95c231ee5907802a644f2f8b9f09b7dfe7
3727,0.21537585670421175,2026-09-14 08:26:14.400204+01:00,d67c23baaf1ed3df21d712d65fead85c60477837cabb6bfd40646124e4c6153b
3728,0.06540769628171213,2026-09-14 08:26:14.400204+01:00,dbe6a77220d84b514603780690e1b22c59c26820d40d9cf05b70c56fee9c1721
3729,0.1325935022445576,2026-09-14 08:26:14.400204+01:00,89cc20d2af9fbc149d48b48886cd3dc3b6c292413e40ff44c1e00ddb5e062399
3730,0.1883639861097402,2026-09-14 08:26:14.400204+01:00,974626a9dfa981ad8fffa723f36be95a06c4a9ec1d2b13345264dd452a7b7170
3731,0.06557649142977796,2026-09-14 08:26:14.400204+01:00,06b102c72be805c84fd44975066d2908f11255a543b9ec0c068d5a09264a53e0
3732,0.0600513885320363,2026-09-14 08:26:14.400204+01:00,a980b7dcf15c772cbdc139588fe2672fbf2498daab19ad5cb46fc9333aef10a6
3733,0.09966267326178611,2026-09-14 08:26:14.400204+01:00,9cd96ccd8ca1e4253a81f999d09f1471fdd8a4591c05afa2ec4adea994e469ed
3734,0.17296840543617797,2026-09-14 08:26:14.400204+01:00,9d511cb32a9ed0069258fbe142c608188a4af1d5da4363951ba5d1f0e5cd0a82
3735,0.16637400230158667,2026-09-14 08:26:14.411729+01:00,55e9cfb90fef16473b9252cd6c57c989f43b6bd658b59b9a9906091cfc2f8fce
3736,0.07750727941102367,2026-09-14 08:26:14.411729+01:00,ac863bf2db5cba33092ca157fa25cfd23f1dd3557a3e5e9fd8510252b1efd0a0
3737,0.11988094457563654,2026-09-14 08:26:14.411729+01:00,d51b06edbec0652a269d2b8b85197f4b381162ff66d8fbd6965f5764a9eba873
3738,0.2319154381509593,2026-09-14 08:26:14.411729+01:00,9939a2065e6f8a8e9741fe5fed0e82b2d19b5d78d9a04ab368f208ff3d762cee
3739,0.05696308058646302,2026-09-14 08:26:14.411729+01:00,845d1c1b1e79ffa2d698fa2860484c443de83fee1ad0debe529c30802d8e797b
3740,0.10643971380536105,2026-09-14 08:26:14.411729+01:00,a781ace9f7c666cdec660fed6c0809af657dc85ea84d88761c0300331feea858
3741,0.14741363023851395,2026-09-14 08:26:14.411729+01:00,bd4549b6fd05786f711b3ea1cfa14f0aed6bf273311b45eb85b35ccac05d4366
3742,0.09350591093045584,2026-09-14 08:26:14.411729+01:00,80369e3e04bb3728404888bab9a8bd54e872c698e30ffe841522bd2d41ca1bbb
3743,0.10421612280107773,2026-09-14 08:26:14.414138+01:00,b9ae55240108d562b186b349d9fb7d8259cd963766a509305b996505db3537a9
3744,0.07623081417970497,2026-09-14 08:26:14.414138+01:00,4cae4ef851652e7d7ba2294e2a34936972b4c190889d55d0deb4af93d4177c41
3745,0.1287920613663217,2026-09-14 08:26:14.414138+01:00,fea942ab660f5ae93b3a52ec9228687b09b6185c9207f3b71aacff3100bb2db1
3746,0.052532604727869844,2026-09-14 08:26:14.414138+01:00,99d16e9a93478e71990b49b3210d4295f809fde8e7f3ad63d896351644136596
3747,0.08744176860461812,2026-09-14 08:26:14.414138+01:00,99938d30127f783dfdf36399771311662d040644420b88f0e866bc8bd65b1f85
3748,0.08940728130364878,2026-09-14 08:26:14.414138+01:00,cf2017be71445bf0f561211758e216a6192becb17d400f02adecbe48df19a643
3749,0.11582373141698761,2026-09-14 08:26:14.414138+01:00,771e6799e0ee803fc6854a62ad4bff7a503c80f5614adbf2a82c215f56d6ce64
3750,0.1414462252429145,2026-09-14 08:26:14.414138+01:00,41fdcbfa954ddef2f74daaee3c812975d81273456a87a359d1f1688523c73c0c
3751,0.07701349754059109,2026-09-14 08:26:14.414138+01:00,47d834dd699ba5d7e1e6f73cc38843081ea9c415cb2d5bc78869b1ee73538fb3
3752,0.06652196947812207,2026-09-14 08:26:14.414138+01:00,be181954c5b77e8dde3367e0d3aff0235dad4b70175e12734b98998b4f5bd062
3753,0.06057392333814367,2026-09-14 08:26:14.414138+01:00,e7a06afea086a4c4ce44022723d3d0218380c9701a991fd001d50ce58954f1d1
3754,0.10000909095771236,2026-09-14 08:26:14.426755+01:00,06249ba7cc2738d215aa3c80bc805038470515c6cd84a0a7b3c299cf4230d151
3755,0.12957109363115998,2026-09-14 08:26:14.426755+01:00,d4ab66c9440356c9d6dee54e12618533ae10680c79af3bc609baa4f54ab2d225
3756,0.09882236683733328,2026-09-14 08:26:14.426755+01:00,cb329267b7b3cdfc805117e6c56d0543c0e3802553655062e92bf09da51e8942
3757,0.04057217805911678,2026-09-14 08:26:14.426755+01:00,ab83d931b140d2163798f3c53df74a72796410ce67f4d2962c3e0c5547386a87
3758,0.10755440765963671,2026-09-14 08:26:14.426755+01:00,2e2e520bba29c468fe7a8d9ed7c6aac17360ce5046894534d2602a21afad9f85
3759,0.07308637439624495,2026-09-14 08:26:14.426755+01:00,8dd9343e78ef3eb43339656431d1b3d52961d9e762aa147df9f789e538ecfe03
3760,0.13605369966614814,2026-09-14 08:26:14.426755+01:00,4f7ce32c84468b63ad99ffb36d6fdf750d9f4f5c02f6190087f2fcbac095c050
3761,0.14204904821991768,2026-09-14 08:26:14.426755+01:00,dfc7dbe8566c841fe7799bfba9e6705ed80a238af84fed2e13e247500381fc73
3762,0.0707112999552576,2026-09-14 08:26:14.426755+01:00,397e0716daa1573ac7f68d42c8198eca41425c050d6d5e9357b07bcc7413c607
3763,0.03701378112085741,2026-09-14 08:26:14.426755+01:00,a2033de3b25d4bf9730ad530b091dd927ee6b4136dfadec0752b9bda9e113d5f
3764,0.06455665949661508,2026-09-14 08:26:14.426755+01:00,d0de1a4a9c8a29e3cb872a226bb6b94039bc0af05a1133bad964f1c067fe20ee
3765,0.09907743247114566,2026-09-14 08:26:14.431731+01:00,4779b18b7cfadb122c47c71ed5b858652e09fd1ef7c50582d2b68faecbb26047
3766,0.13036847177511893,2026-09-14 08:26:14.431731+01:00,05ad5547c4b2223a3ef5c3125fe695920358832f7309329e28cdde0fe5425e6d
3767,0.1654792180300075,2026-09-14 08:26:14.431731+01:00,2006ffa20da698d18593eff8894c45fe7b02019db740fad27359cbb1835e4caf
3768,0.1286071132517595,2026-09-14 08:26:14.431731+01:00,3c07c7ab5ad454b623623cdfa8650122a2e6b969bcbc9ed6dd031bc87e51c9cf
3769,0.04076819463553614,2026-09-14 08:26:14.431731+01:00,d07053d49d90be9cfbae7ed3bccd1b36f338d7a4ab35268141daac3576b4e66d
3770,0.12670174472059964,2026-09-14 08:26:14.431731+01:00,a35b802bbd2f44aef8318942f24f9c304b9b8656a78a739efec27259ed640ed3
3771,0.155414197865573,2026-09-14 08:26:14.431731+01:00,5216e04f3e2365cb24ef8829c5e6bddc20a4ce010b854cb2ec83010476aa0896
3772,0.15358362725025965,2026-09-14 08:26:14.431731+01:00,7da32f75763965546d9ca31f921f6ad36b6c38104477902ea3a1eba3b5c72425
3773,0.054284670350013914,2026-09-14 08:26:14.444231+01:00,89f9589299cff9b153b0bc2ee9d99c6b7abda27b25347613bc69ce13f5841d50
3774,0.16491276168916416,2026-09-14 08:26:14.444231+01:00,97c1ab4f73b5c8b115c793079a1a943fe4d252677f661e2d796a722fea03e130
3775,0.11832361466127474,2026-09-14 08:26:14.444231+01:00,9935db2f47246816ce57ccab1c55b7ecb80d799a9399ff02bd819bd15ded7ab8
3776,0.10683032798199349,2026-09-14 08:26:14.444231+01:00,dca18953fa770f63c1d8c57d6614986f383275773eeabdaf3429c3c12fc1933c
3777,0.12368848463453036,2026-09-14 08:26:14.444231+01:00,085ad8dfd18cf9326dd072ecbf936d94ab16f1e97415529f4c225c4b27e739a8
3778,0.11598616600008164,2026-09-14 08:26:14.444231+01:00,743427d87068a7cdc200948b08bedcb007121eddb09c4020a014f03550314187
3779,0.2058051335846013,2026-09-14 08:26:14.444231+01:00,cb3617fea2171ce5f04222c6f3fe26095c32995ee65312ce2764dd3ed3e8d27b
3780,0.11016884109834042,2026-09-14 08:26:14.444231+01:00,3ff964a9571bf0ecb9987ec4b87bfabf631d66b534a1b9d29e47cb85fbc730c9
3781,0.08954475267008456,2026-09-14 08:26:14.447762+01:00,bda3c5c349c1e424b7d7582204af91b161afdd7e2d7bc9891f5bcf522ca06317
3782,0.10702191380272484,2026-09-14 08:26:14.447762+01:00,e94676e77c263df5c96fc97394f1ecc14f7ab036638d785852df05a9bdc2660d
3783,0.0933230554912869,2026-09-14 08:26:14.447762+01:00,0753e899839bef2aab6c93854393b9e5ab3c71c9eea4892438e6bfcbc504bb9a
3784,0.09094969395252628,2026-09-14 08:26:14.447762+01:00,8f8a06fd81b06fcd3f51bf8b1fda86b864284eac539292d84bb27fc173aeba75
3785,0.08766748880003893,2026-09-14 08:26:14.447762+01:00,16559ddab046ee60c886e422c61fcda934172120642659ed3546ad234cb446da
3786,0.19576789278240617,2026-09-14 08:26:14.447762+01:00,6572e4a5ae42cb41ba8736a67877c4a8693a588cd73b62bd8aa73d145d9ccd2d
3787,0.1532498665741822,2026-09-14 08:26:14.447762+01:00,b33dfc3c59fbf40166ee9d4f847a2c6b736a2ea6fd6f9bc58095fe27495f8158
3788,0.044449125337180165,2026-09-14 08:26:14.447762+01:00,a5e8cafe5cb3d2a33e01ec132bd087d90584d0764eb9d1f9f4dcff0a4fe21df1
3789,0.0748942017107953,2026-09-14 08:26:14.447762+01:00,ef9be9dcd124113d57081e6c90f5e366ee4a3eb04c75b0e473713c6490070c9a
3790,0.06313200887877475,2026-09-14 08:26:14.447762+01:00,89875d7129e0e6cca9bc947d0572cff2c61049103499605480b8bcad886332ae
3791,0.06471099463478477,2026-09-14 08:26:14.460064+01:00,0593d917eea52dad23d4904d391be9433d96a18db059f7b44729e178fe9e410e
3792,0.11279563500745848,2026-09-14 08:26:14.460064+01:00,bc7161fccbcd05cc4d4eb4763009062d4dc0537d432c0899b03f90ac9c38f20c
3793,0.1361000362586126,2026-09-14 08:26:14.460064+01:00,dcbc1485999ece69d32280edb600ea87688b38e604c5cdaa232c703af9499d1f
3794,0.1662787037945494,2026-09-14 08:26:14.460064+01:00,d5c73068372873c56207650c99453ad0e48f0b121a15117e9ecf5b2328b17693
3795,0.025159986586595365,2026-09-14 08:26:14.460064+01:00,0cf0fb29f2a91c0669472d14a8e1bf0de0115f64b67d56f8407735e42e59b8c7
3796,0.17142373716358744,2026-09-14 08:26:14.460064+01:00,5ba81afeebcceb28e49a6d7f17e1a631765267ce914cc6abf6ac027128bcefcd
3797,0.07669798427276202,2026-09-14 08:26:14.460064+01:00,e95ab37a8f8694638ecd2013aefcadad4bde6f697a1ece00cc783006db1dd19a
3798,0.007437761383678463,2026-09-14 08:26:14.460064+01:00,7f62376f54a1ae1887b96555444a1a3fa115942f95870b22b71abfbd1a5b55db
3799,0.19114507026410837,2026-09-14 08:26:14.460064+01:00,e4b1de8144fa3ccefcadfd764a2d5773fd57a908dcd670f8adfd1ec1883e6549
3800,0.04825009063386311,2026-09-14 08:26:14.460064+01:00,3721a4506c90830cb784839368fea12234180256c82f78b46f2ab0b4a6e598fb
3801,0.08339396966966564,2026-09-14 08:26:14.463934+01:00,c06527d82d6ddd5cb3533598f9e4b765786ddca4c0093d49a26c47bed401ebf4
3802,0.09631265406191034,2026-09-14 08:26:14.463934+01:00,29ccfa9892ba387779cb66a2fad0ee10085b583791b37c6daf3ef67613f84e91
3803,0.08573870879576824,2026-09-14 08:26:14.463934+01:00,eb44ff51bef94caa78f7370e274ee6311aba1950ffeda697960ee7928f1590e6
3804,0.08782303124300819,2026-09-14 08:26:14.463934+01:00,641309e255c1d938e065e091f9130bb9859e1b5854bac60fb5256b93f563a561
3805,0.04589779516078298,2026-09-14 08:26:14.463934+01:00,490612e10a4112bf0cf2e2e98d0853f2940d400e1787364034f039c8c0f5fdfc
3806,0.19946274442634063,2026-09-14 08:26:14.463934+01:00,f12ca2faaee56d800e96153b5a0ab00bd958f340cc949bd71b11034f8563a520
3807,0.08511098620050907,2026-09-14 08:26:14.463934+01:00,5d653b74f505383dc09cbb9fee50b121ced0988ed139101fbe5f773459b8f363
3808,0.08531925382201037,2026-09-14 08:26:14.463934+01:00,1128781f888e1151d6fb6b2fc3810ae24a7443cefb40907933bafe6d16978e72
3809,0.08592023895948515,2026-09-14 08:26:14.463934+01:00,ac5cc7f1cc76dc94bf7e09a26a769b80723e926e8fdb7e7447a7ea2af580f671
3810,0.07272610390274808,2026-09-14 08:26:14.463934+01:00,4349f3100c93910e7c7497a2cf58de824e7d93b7638dd8f849f49df278426be6
3811,0.07229451375777117,2026-09-14 08:26:14.463934+01:00,ce56b21ddf97f7a620c4cae61bd6a58ac4a91b27ea42e67b184ad1b55bc93aad
3812,0.034876130480708284,2026-09-14 08:26:14.476616+01:00,9644e941e9f1964337314cd2f3dccaaf52d806f2b8e1c696eb92a6bcb932fba0
3813,0.07320376276275495,2026-09-14 08:26:14.476616+01:00,d409e9c33053b223142a3b68d36805c48c7c7c62e13f866be8034f79a6f935ab
3814,0.08136028802529384,2026-09-14 08:26:14.476616+01:00,cd4097f5ddc48a2a763724f200d6589cf08597dd1834d7829a7673f6617d40fa
3815,0.16171162308055903,2026-09-14 08:26:14.476616+01:00,c357c546add01f991a3b870b240d51a582ddf81d61d93baf4060db20fdcf8952
3816,0.043400668097014476,2026-09-14 08:26:14.476616+01:00,8f03917473cfd05bb3172d2650485f0c637e971dcceb9e14f7735de5236de251
3817,0.19253983196918067,2026-09-14 08:26:14.476616+01:00,4bcf111f369476128dc9d0eaec5df71f1aa3677328c8aa9525a40ced9aa1400d
3818,0.06491709441815147,2026-09-14 08:26:14.476616+01:00,80954382faef733f703e9b500b4d82de46c2fdda87d068ca974962cabcc57b2e
3819,0.15631717628934272,2026-09-14 08:26:14.476616+01:00,99bac8ea180e63ad71495a055bc818b451ddc4004223f8d52f5bc6c7c06e57af
3820,0.07073976283980922,2026-09-14 08:26:14.476616+01:00,458e02e0ee9e2f27ee09171da557f4e011b0ca416884c256c4967a7e4175a2e3
3821,0.06705504564433055,2026-09-14 08:26:14.476616+01:00,0d79f4f8356ce9e02462de2ef1336be70c62d3ba49107b3fa2c2f50e49dc041b
3822,0.05387861639285488,2026-09-14 08:26:14.476616+01:00,3339726135832512ca7e7687717176c1ded7be63c952aa70ac5ee84de4df1ee7
3823,0.09577122590578721,2026-09-14 08:26:14.480947+01:00,4a6d6c199d398be87088faada2697fd10a79a5164773dac8d0f1d9daa5dd80dc
3824,0.07457543819534669,2026-09-14 08:26:14.480947+01:00,bffcaa084896f8a4e3e5759f5fb4f44d711345a3cb0719cee6df5c4621e347e2
3825,0.05375523386006712,2026-09-14 08:26:14.480947+01:00,3bcd3fd4f4f85cca23e39676844d6250e71153ce6071227940f4aa75621e477b
3826,0.102915996742079,2026-09-14 08:26:14.480947+01:00,d0e045a75d3f7a1319482213ff13c746551aad630fa9ded011c2fb74d70a3c6d
3827,0.07551052256176817,2026-09-14 08:26:14.480947+01:00,8ed4780838bd37a61e16330b1397f596fa54bae7f79d934e0cba53e5e0ffe590
3828,0.07082303659845132,2026-09-14 08:26:14.480947+01:00,ac96f7f50f69e3482e03064b57f4425ddeab38b5c8ef439512c62466dc217730
3829,0.08675663567872913,2026-09-14 08:26:14.480947+01:00,c1d03613d36c02d04f143e0073d7cfe19ca60f13922c316cde0a21ffccc34772
3830,0.07428188777378801,2026-09-14 08:26:14.480947+01:00,12db47949ec5319d55b61d2109839ca3e9b7ee4e12571d0735cde2779aa4fa78
3831,0.0657306035095681,2026-09-14 08:26:14.480947+01:00,029522a26eca3468dedd3f7351af5638c68a5ab49adb74f53d858218ae4d3001
3832,0.07607242824661614,2026-09-14 08:26:14.480947+01:00,ca2bd88e75caf3261a04b5a9cc02a67857d14e036f2e567447bd82b7000a54a0
3833,0.09544702513067728,2026-09-14 08:26:14.480947+01:00,ba43754f49ed0a9695217e28391cebb73b6a4c678c61d956f151c3e363476fe8
3834,0.06921993941917216,2026-09-14 08:26:14.480947+01:00,8fd139915cedfe26ce4ae88aa132c332aad64db13e026c909840031449bb56c5
3835,0.059140026377949684,2026-09-14 08:26:14.480947+01:00,9ced763e786d6fa20fbeae46b87f756b7a30cb5dfb8d43caf62b3e58674b48ea
3836,0.0859364497951987,2026-09-14 08:26:14.493637+01:00,fd7a5ea984c35d0b1a2e7592f22398bc7bb1ae49dbaf45bcc99c1be72e42b04f
3837,0.08715575503373632,2026-09-14 08:26:14.493637+01:00,982702b11ef7d403cbe7a42de20c0094c65df8c0c3c8a06f815326ba39aa3f38
3838,0.047525857095596626,2026-09-14 08:26:14.493637+01:00,998af178ee02679f6437d2b75974b63d4f26dbebd0bf1efe775502bcf4f023fb
3839,0.12017635566054363,2026-09-14 08:26:14.493637+01:00,b2ac63db087bd31971aa7e0917ebadad3b76d0f11ea46791d576b17f7da1b1c5
3840,0.05974995067769725,2026-09-14 08:26:14.493637+01:00,674b6451c512faff098ec52003d0cc2da20cabc656a3d6647df601a192909abb
3841,0.051616365826151936,2026-09-14 08:26:14.493637+01:00,a787530f3f4a3ee29fad908de079e38ee13e592d0cf7a1b10fce7c8c4534dd9f
3842,0.07818893306001098,2026-09-14 08:26:14.493637+01:00,fce0f81ac328d29d3e7cae7b7a4e99d46f4b00ffe230d05dd304cedff57b962d
3843,0.07442963617042342,2026-09-14 08:26:14.493637+01:00,a7520a469613e2404856cc15a126c9c3759f246935e162ca59638de81212087d
3844,0.04948071599270248,2026-09-14 08:26:14.493637+01:00,85377ca95b85cd510c3cb77e8b60d7bc44f68df2ba85cc8c5b3f0dc2dcb00f01
3845,0.10504311465809345,2026-09-14 08:26:14.493637+01:00,9deb27fda713befbd3e209b73b0fb3b538771bda4addebf91d30253a6c5ce68b
3846,0.08304003165547946,2026-09-14 08:26:14.493637+01:00,94e78882059f000dd0eb01927d5fcc818a7ea2afdb6cf9a7f41436c375c4e34f
3847,0.06334111370415721,2026-09-14 08:26:14.493637+01:00,80507b16e450f4314cf7b621513be112e1338c97af243a4fd612ccc2f4742e8c
3848,0.09431572067020869,2026-09-14 08:26:14.493637+01:00,7464995b32383d970dbf7a8fdc2917564604d6cb8f669b8f1324e21878f6fcf6
3849,0.08259508016840121,2026-09-14 08:26:14.499182+01:00,f43b7b77e525277d016cb2d054a13474079dd48b57de926cc2bb3b606ba14506
3850,0.2412903243651046,2026-09-14 08:26:14.499182+01:00,b61acdffdaeb52c44624df448eb9f049e6789e86444bb41bcae5d8abceb50997
3851,0.15642387718685954,2026-09-14 08:26:14.499182+01:00,bd1be78434dfb697f559996c7dd58e6b451bd7cd3b2a314dd40f723a56065310
3852,0.32451291203293164,2026-09-14 08:26:14.499182+01:00,e428f89c626c3f1157e2f1484d05f15e70dcc9205705a03380229713a46bdf11
3853,0.195177806246703,2026-09-14 08:26:14.499182+01:00,b2cb3ce9addf9255c7f7da3aec8c02336d93037aabd504345646c2bc472b8254
3854,0.09346085043959175,2026-09-14 08:26:14.509627+01:00,910b3022ace48c65e49d2c0325a148ce0a6ee9893998a2718a09d2f95f644323
3855,0.12836991639739123,2026-09-14 08:26:14.509627+01:00,90e6f39c9b19ee4732a2890492b27446a6fb2e1ec78d2b2917d2bbf8b7f58cda
3856,0.18666181718914346,2026-09-14 08:26:14.509627+01:00,e01fe5f30fe3ee48b6efd3ff76a8a8abbeb5171579d4348bfebea9e8bf1d7dc5
3857,0.45361342483037,2026-09-14 08:26:14.509627+01:00,00e962c8ef7353b96276b7000289818953e98f91465ebbff215198829524ba03
3858,0.13789399114350354,2026-09-14 08:26:14.509627+01:00,b77196fc7aa7bce4d9e2dd5c6f219b1dceaeff863737110b8813989629f1cc05
3859,0.03916096614497165,2026-09-14 08:26:14.513613+01:00,551b3d55dd9121b9dcdd6a23cc6279352a05f2af619f01dde357cac5d369c35b
3860,0.1255118684226634,2026-09-14 08:26:14.513613+01:00,391fc69157b46ce9b649f8139b0a70c7a5c5266a6969aa8e7e35535aed42a2cd
3861,0.1761056006459647,2026-09-14 08:26:14.513613+01:00,85b5fcbce46d44d3ffba4e8f26caaf6c790441b77f723a3e9a8f6502c7a2c371
3862,0.17387997690974133,2026-09-14 08:26:14.513613+01:00,92fb7fa8c986ca65b4c0ce5c33de8c4203e35a72f9382d54ae394fb1ca46bba3
3863,0.23336384439327362,2026-09-14 08:26:14.513613+01:00,de38dde1f5e6d909bffebc240439ebca04d8c6c511582b685e4f433c005af835
3864,0.12817549964482813,2026-09-14 08:26:14.513613+01:00,fe07a372e3293d37d6d2c53e81cc0f0d6d7919955bb73634bcfb496dd6ba6004
3865,0.12380224383855731,2026-09-14 08:26:14.513613+01:00,f74a4ddec02cd33c3582c09c780a0396dc44b578a57860e289ae8d26684b7eff
3866,0.027481433682662367,2026-09-14 08:26:14.527497+01:00,b00a551aee1b837f189a2e9bdcbce73d53fdc67b51f976b456ad384586f94d82
3867,0.08517726457556694,2026-09-14 08:26:14.527497+01:00,f7225acae732ccdf6593e8b3cf78e21d21291870d6b43d23978f371612fec093
3868,0.17376121301069739,2026-09-14 08:26:14.527497+01:00,923d1b2e5558866c531830e20951a0bb8411cb97c2696ca199a2dc750fa82a63
3869,0.22618219511987966,2026-09-14 08:26:14.527497+01:00,80af9c833a26759a97d50f858dbe164f601d6b4a2c22c8c6fb295075ad4e6ddd
3870,0.20015852796361833,2026-09-14 08:26:14.527497+01:00,27b8f3c03b7d3b7bebae17b3150f32d2b5a2e8992307b022f81636b104054624
3871,0.0984818326151167,2026-09-14 08:26:14.527497+01:00,cc2ba9bc4dbe46dbde8fa92d9f13737376f7d63a85b33e2cbe5f7b4d5e6f6dfe
3872,0.18875753303245854,2026-09-14 08:26:14.527497+01:00,1710e513484ac39ce5a8baec72fbad7718eabe290f82b2e6e7aca301902c8fb4
3873,0.036978794358719716,2026-09-14 08:26:14.532231+01:00,ca2efca0944a8cd44994795c4c41c04c66f29a4f62c7219e4c0b8a652c56c22a
3874,0.0434449752746252,2026-09-14 08:26:14.532231+01:00,226f346e365964d9052d5bcab502830be540ad19821f7f139ff1a4bb80157a7d
3875,0.08833507683733986,2026-09-14 08:26:14.532231+01:00,f158d2d9773eb7b0916212d28d8fb3a948ed6afe5c4d243e3a19754e480d0e04
3876,0.106031723130635,2026-09-14 08:26:14.532231+01:00,80cfac93f5ecaad480fe9fdd009ff47482422ce10068a97a9d3051bde205f329
3877,0.05986101515972992,2026-09-14 08:26:14.532231+01:00,0f81ded06e50010ab6cb9644bbdbd031d861b96ee8a882a00c275836d54667f4
3878,0.08273252566261419,2026-09-14 08:26:14.532231+01:00,540aae5255af848d828b530c23332680d4b6393372e51b003ed135641cfb8035
3879,0.02986891401390941,2026-09-14 08:26:14.532231+01:00,40750beb18fdc9befadc2a16cb422c5eb7b47884d8f99cae27106507bdf18909
3880,0.1090376259305621,2026-09-14 08:26:14.532231+01:00,708ca26afbb03325661d43ba9ec65699c3ec80db66a668d2d87236455c7ec4c5
3881,0.059720836508485226,2026-09-14 08:26:14.532231+01:00,181308037836360011f01aa758ef6c6c07009a09c6c6c6fa172a37d2d35c5f7f
3882,0.03602228679487138,2026-09-14 08:26:14.532231+01:00,ad84ff381dd40925d1c5a9ea0b6f5daf320f16b0c42d46558c176f14d4706b32
3883,0.08906014164472895,2026-09-14 08:26:14.532231+01:00,f26c8f1a0eb31c3dda9cc7183425b25d2b01e694ce82c34a4284433bdb782fa2
3884,0.026523248010133022,2026-09-14 08:26:14.532231+01:00,b330291c6bd4952c5aa10cb5722966c145e20783d05cea3aad294987c4f67fd2
3885,0.1060302475921484,2026-09-14 08:26:14.532231+01:00,9723ce116ab94b53b22f1b6fc64763fbc652eafe929e943f8070e7856c1aac74
3886,0.04289147189376503,2026-09-14 08:26:14.532231+01:00,dd75e3e6d36178eb8ac6c0d475d6d9b8afbe8dae67a36d3561de42793b5fd788
3887,0.0834611171877326,2026-09-14 08:26:14.532231+01:00,70e5a35fc28db39b47ad170b6f782eb66f5329803c199205c0063b2f7fe2e289
3888,0.036055640757396534,2026-09-14 08:26:14.547464+01:00,7f4aedfa9fc0bd1e6d2a0547659aadb86a2e80d178616f2acabf5c167c171f8e
3889,0.029679624470715954,2026-09-14 08:26:14.547464+01:00,93078960f3931cbfd32d366de09c364c14ed2b4747630df1743c678b01169e68
3890,0.06855901710164108,2026-09-14 08:26:14.547464+01:00,ebafb152dcae2064ea8b64880103992af6395f275ee7074b82ba804dfe55041a
3891,0.10926870021639103,2026-09-14 08:26:14.547464+01:00,a19b358b8ef92199c3adf002a58faf82fecca1f8b05c7abddf2d15f307f4dc77
3892,0.06550143285720991,2026-09-14 08:26:14.547464+01:00,4ce5b2ec9922c1514c1551a1426abd5208932ccfda2cb4c6fd4f5fe1f5a583cd
3893,0.0646902121704364,2026-09-14 08:26:14.547464+01:00,202398e4d3f98b09af7dd6990a3d47326919c576c73d0c6e9237cd3f77a1cf72
3894,0.026666768467509223,2026-09-14 08:26:14.547464+01:00,1a1759ffd19850628fd8edcf3cf837f3e7f889ed9ab2f14f35522bb9c1bd0414
3895,0.1676553214845275,2026-09-14 08:26:14.547464+01:00,84e2e0ac32a5b99147f93a44e69c61b18f2ee7ba2c0d9f0297ab191a74b04f2c
3896,0.05842927770991021,2026-09-14 08:26:14.547464+01:00,75d51bc4bb526c994a8f2265d2352a1374de921c3626ab64f6595a39719eab5f
3897,0.0388971021331395,2026-09-14 08:26:14.547464+01:00,40783104a4879b710ad2257a730f758bfda8b297e7f59c503acbe9c7733f37d2
3898,0.07461001751679473,2026-09-14 08:26:14.547464+01:00,550884e2b1029b2c7ee5bc28ae04cd131831484ccfb735c602ae0a744c41e442
3899,0.02789504242088141,2026-09-14 08:26:14.547464+01:00,c97896e1bece721616b739f65cb44dc63ab3b38f2effaf1378b017a7c491db9e
3900,0.11468035169733884,2026-09-14 08:26:14.547464+01:00,d44a469280dc23eaa55e3232a7d531a4e07a8f32b382b9e8bb371793dc1bf62c
3901,0.03631528936330943,2026-09-14 08:26:14.547464+01:00,a4366976ad5c8631e90e6fb1ef890935ffe3812f232ab3dc57edf8a42d16c03a
3902,0.08109620163279829,2026-09-14 08:26:14.547464+01:00,4fd0189ac0b204b3606b2de3b77d3bf1d668a22793828c36d3a1db6195bf3e85
3903,0.04409988950610442,2026-09-14 08:26:14.552947+01:00,d55f2b4551404e31cdaaaacf36acb3456ea04744303aa811428f3654a89aaa5d
3904,0.06474029099771628,2026-09-14 08:26:14.552947+01:00,6f7d8e225fdbdf4f980a915238621691c6abefe1b1bd72de8aeac8dd224c99ec
3905,0.12196894148441687,2026-09-14 08:26:14.552947+01:00,ab800bd53b8289d4ca7068eb29509ea87ee62624fffec06e67e87ce551d2fca3
3906,0.12439124142771281,2026-09-14 08:26:14.552947+01:00,ba67af0b7f6985bb1bbf8f91b2ae35a19b122340e7d58e7c2180b39264aaf539
3907,0.09509592251810832,2026-09-14 08:26:14.552947+01:00,9fb291f9613e5bbde8fd41de9ec254c14c72e620138c7c434b1a2adfa1867943
3908,0.08531132358264343,2026-09-14 08:26:14.552947+01:00,2d0ff6b53a154fbf5e617182db2aea6a89e7fa6e1327bd5a23af636fb69912b9
3909,0.05246818764247279,2026-09-14 08:26:14.552947+01:00,c211d92e5b4e3137d19e95c88e821caf22afa07e4ba07cb345d4131912edfade
3910,0.03907286563246086,2026-09-14 08:26:14.552947+01:00,dad4d3639347cd1fbfd2dca828e49b5e6943b1a1b1b738e368cab370213d070b
3911,0.07581999016928553,2026-09-14 08:26:14.552947+01:00,367fcb39530984f4c265b768a4a6e3d676796143359ad8716e7f3cf81627cb3d
3912,0.14908431484574736,2026-09-14 08:26:14.552947+01:00,940766d72deb6598268a2b61492f734245143e2178e6f876390aced8ce63e76f
3913,0.06078883652949867,2026-09-14 08:26:14.552947+01:00,8d37350dc1baec16461bb2b2c98b5d726a6f2849e8e61db56048b8793c54e0d2
3914,0.08715819566383264,2026-09-14 08:26:14.552947+01:00,7e9ff29daa15002fbb7d96520a0efc63828a5703dc9b762fde05fd16f900b749
3915,0.023932323594505908,2026-09-14 08:26:14.565424+01:00,bf41a05da1952b263da00aecdc743e344b0a750307196f5080e568ebf9b5adad
3916,0.03841700570358559,2026-09-14 08:26:14.565424+01:00,eb6876a7678039ba5d8103525bf39429c89ff4030c5f9006af83996db18e8ad2
3917,0.1525603859145801,2026-09-14 08:26:14.565424+01:00,a092043852fddaba978ad465dc7ff861f3ed15677c74790fab3970ad65f7b323
3918,0.07656657656590236,2026-09-14 08:26:14.565424+01:00,bd3ed77880ee9546824b4ede7ea24032e465a8c80116b87f456e3d8453b40cdd
3919,0.05566375837466412,2026-09-14 08:26:14.565424+01:00,ac1227bce27cfc02e3de6ea6777d7a9fb01aa27ece302d3e963c266831edeee1
3920,0.06811494607828253,2026-09-14 08:26:14.565424+01:00,f02270f142a7ee2063766d8d4f0f27285d4381ed91f3b640732a42425b0356b3
3921,0.07804592198490477,2026-09-14 08:26:14.565424+01:00,409e81153d99c78a5f149af2b504f06d1effd46f7d06bc6dda20fc89fcffb99c
3922,0.07719292673674673,2026-09-14 08:26:14.565424+01:00,7e52891bdf3c7e234477acb1dd0403f6f013bbc31e64a947599e8f1f0111b5c1
3923,0.09027443321482928,2026-09-14 08:26:14.565424+01:00,8509408c39581aab1b67129a5cfa801b36913041c0565cd4a18d4976abd7546d
3924,0.18962684060419557,2026-09-14 08:26:14.565424+01:00,cdcf7aa3a3bbbdc923e4bc5532b84a9cbad4e12a4ed22c47b0db83ceb88784bf
3925,0.053453537741631967,2026-09-14 08:26:14.565424+01:00,9e0372f6054a4f87408e615286637b6f7bf484f1677f767ff2e87fbb2958e003
3926,0.09615134348617109,2026-09-14 08:26:14.565424+01:00,4673955fc3598032aadc801e7429cd836b7570b99911b82be97ee87d53cf812d
3927,0.04332287964714401,2026-09-14 08:26:14.570367+01:00,6132f80c3a14c6779f676a9700956d92e9969f4a341a4b449bf54c7103f6c891
3928,0.06914840798827686,2026-09-14 08:26:14.570367+01:00,0af4dba645e618da4ddbffb7bf10c9d06fa9bb3d3d86662425bc217f16da3490
3929,0.07281151660475857,2026-09-14 08:26:14.570367+01:00,89dbdf91312d13ce27e9eab600bcd6ef6662246e47a2d07552254fb414488ace
3930,0.0977705075736305,2026-09-14 08:26:14.570367+01:00,eb095eca5c1228faea652888e264cd0d178abcee2e5d0232388be7891f96995e
3931,0.03464660807790538,2026-09-14 08:26:14.570367+01:00,b8fb5b78e9a40538555355d5abbcc16bfa6b96ce3ec1645bd9da2301b4fc82c2
3932,0.06291185009481917,2026-09-14 08:26:14.570367+01:00,3d30aa638ac057c5753efb1e570adcbfcd1cd78e42e200177c7bf997f4846fe9
3933,0.09311759777265005,2026-09-14 08:26:14.570367+01:00,5254c37634b0973abbb1aae0f2e1e18c2d06db154757450ebc82fc11dd8f2f18
3934,0.08274509674387473,2026-09-14 08:26:14.570367+01:00,46610d98bde4b3f280bfcd1cacead381d64cf606cc4de1b406131e340f310a42
3935,0.18537408634079303,2026-09-14 08:26:14.570367+01:00,d7ce33cee6560556283fd0891876a1c2713b7ae057947a8770c0c89cae38213a
3936,0.18452133535540566,2026-09-14 08:26:14.570367+01:00,f644002c468b31ad658ae097b4eb87107be5baa938502029f6483258995c1a14
3937,0.07363011380074201,2026-09-14 08:26:14.570367+01:00,cd0031942f4c8d525500c70b8b3283be8b3639cfadd6a43bc9ee092d0e2b0673
3938,0.03510401292263236,2026-09-14 08:26:14.583992+01:00,33f67d12c8e38e1588b2423b07487bd5401a50ed70275481ae7912e3fbd2dbe2
3939,0.09991620363322377,2026-09-14 08:26:14.583992+01:00,9d2b6018d5a53c2594e332c42595a75c390656c5d4a74d04470efe64f95c4267
3940,0.1351933013671958,2026-09-14 08:26:14.583992+01:00,187115010e94e7d07e0da54f52733bbbc3739eb44cf3b975013a2a913c2f1fa9
3941,0.07751716493086773,2026-09-14 08:26:14.583992+01:00,102888221e52d2e078ea6f337d7e29b26918cffdc7fe4093a12f58600bd69f6e
3942,0.06882212305095571,2026-09-14 08:26:14.583992+01:00,0cbfb1e5aa38f9e6ef28ce736447f324c7314454b3174dc2179c5d62455cf557
3943,0.02780651462418657,2026-09-14 08:26:14.583992+01:00,8f2a82775be603659cd3c544aced014335ffb89f4e9c2e6e44f10b64b9acde53
3944,0.08021599086490874,2026-09-14 08:26:14.583992+01:00,8564d3cdbca0ab693122598766f006656a99ea0db10eca3be2f305672acb20c7
3945,0.12059107602903688,2026-09-14 08:26:14.583992+01:00,14d7b0be2e20abeb45a469b86b2758438f80d5d89b8417788ee2089e2523699a
3946,0.13367967842785614,2026-09-14 08:26:14.583992+01:00,811a9f19dc6b5807052b9eaffc700ac10a2dfeb7b9950df891e5a1af17b94887
3947,0.1471378177029596,2026-09-14 08:26:14.583992+01:00,0fab35bb29ba8a2972fb96d6d2051a78cab4a6e11b7ec23b0192aed8c452d950
3948,0.07401611644617674,2026-09-14 08:26:14.583992+01:00,8c92a42f5f14bf689683859de0e75e16ebdef20bc2ab376463fff66143f0d3bd
3949,0.30010623994744223,2026-09-14 08:26:14.588954+01:00,375a259347456dc3a20553f31ff490ba1a1be5b964a90d2ca0f69792be4f04b1
3950,0.18798334327860697,2026-09-14 08:26:14.588954+01:00,804c4322a20a42cf3cdfce18e7a6437f29066cbfea438a4cbe125d7aa4a7b32f
3951,0.049445688372100845,2026-09-14 08:26:14.588954+01:00,6689fe9bd05f45a13b41d3dca327dbe59aff6513b66e10fd2b2dc651422e5330
3952,0.056972114609133345,2026-09-14 08:26:14.588954+01:00,718c41e5f73d022e3e8d5753abd29fe81fca96aebc28f095bff86ec30bec86f6
3953,0.10246124096510816,2026-09-14 08:26:14.588954+01:00,13b57d7c267ebe0a1523f3ef72fe633edc5e034a70e40f92cda5a1cadb5dd6fb
3954,0.14399783892041126,2026-09-14 08:26:14.588954+01:00,0af40f7c6cb2593f3a34afd3af9678adbd079e1a9f4cb0f5e581a7c9d73f2155
3955,0.1590335339071972,2026-09-14 08:26:14.588954+01:00,710edd26d7802affde9720a6ca9e3999cd06c5070fe718a8a2edaba0c49aec11
3956,0.34870167672406444,2026-09-14 08:26:14.601981+01:00,c12e7848a0e6ac881105e69a3f1017853f02a674b7a5c64d94ed47d2071827bf
3957,0.15255261153431235,2026-09-14 08:26:14.601981+01:00,484e01c116a680f7648f633b7240cebbfc9a2287e6f1484914c08f9be7f52772
3958,0.07466467838401242,2026-09-14 08:26:14.601981+01:00,8541d85201d8cad311cf2845e041239ee795c37b2c377c756ab07d95b58c3013
3959,0.031286491303751794,2026-09-14 08:26:14.601981+01:00,6da42dc19901359a7aa955fb14cdf9363176ed0e43acbb370daf0a62639c0eeb
3960,0.08346043441094868,2026-09-14 08:26:14.601981+01:00,22cb1bad2014dd16f3624c372609d36532e384e138fba3f2c5f8998c79cce1b0
3961,0.16624517702743788,2026-09-14 08:26:14.601981+01:00,886c6ef77ed562e06bef0c36d2daafa9921ea1d33038947f760dc784cde46f7d
3962,0.14308893061547243,2026-09-14 08:26:14.601981+01:00,6376539c47250acef1ffc96eacb5dfd5fdffdbe418dedd8165a5f3f2d558173c
3963,0.1871602399490044,2026-09-14 08:26:14.605310+01:00,15c980574f97661b36742e329e2227a7046b7e436fffbb4d7d63e2d4e491614a
3964,0.08352627836565961,2026-09-14 08:26:14.605310+01:00,42d5767e7f966401ea601ad0dd551555218e1523bc3cf216e4aca9f361ad7664
3965,0.28341549625017437,2026-09-14 08:26:14.605310+01:00,d494a6f82fad008901d9fd324cdc2306675c76021b0fcc6e294f71a68d4cee06
3966,0.11915049139121352,2026-09-14 08:26:14.605310+01:00,102c3157a5466b3ce6cde488bd96120e8e2a1458aafb4f1df6f30732b2eed783
3967,0.0991146284561482,2026-09-14 08:26:14.605310+01:00,48b06f336aed86d9e2acdd66e7e82d932ca790b1935fca0cdd836e1b497fe0b7
3968,0.08534891762111327,2026-09-14 08:26:14.605310+01:00,2272bed44b49c5292d23e57b42bb97f6352f220dae8c69f164aaf7926a9175fa
3969,0.14228394796668664,2026-09-14 08:26:14.605310+01:00,0dcd45271e6bcacd064d5d0f1d778131de1cb15b7d423a226e8a691653b0a5d6
3970,0.2089186804794381,2026-09-14 08:26:14.616954+01:00,636150bf94a3538d3b2781b01de0c067458d3ddc75c63d0c10583decfe8123c4
3971,0.0946158120296734,2026-09-14 08:26:14.616954+01:00,a487172ff523001ac67e15a39f6dee388f7736076b93ff9cdd92b94f3fd36ae9
3972,0.15197544441981412,2026-09-14 08:26:14.616954+01:00,6614998057548cd218eb4985cfb04b4eb6e617fc9a08a08ee6943086c4b11f49
3973,0.11078196073245422,2026-09-14 08:26:14.616954+01:00,3aa7fe5514454d81c07c45fbaa0d552f87bfd0802ce2239f00a773a7661d9fd0
3974,0.09621928074953903,2026-09-14 08:26:14.616954+01:00,6972a04593fca0c3d1f3f0fc66de4a425b0e11ce490229c735fb3757c852ece6
3975,0.09899505202340736,2026-09-14 08:26:14.616954+01:00,bc418d0dcb529ca3bc5101b9952962b392b8bebc2d7c715ae06dec5297b15433
3976,0.2384937695656739,2026-09-14 08:26:14.616954+01:00,fe187c38add484f91bd58beb26aa98e817f5525fbc6560fce498e915a219cdfc
3977,0.14521011981345647,2026-09-14 08:26:14.621186+01:00,b697178b05ac810e819bc3e2945e594642e8f9b84fec68781d4590b4c5f42836
3978,0.07310252739133997,2026-09-14 08:26:14.621186+01:00,7fd66ea055df11fcb218c0986ad132dec491c14c8f12e11053473c776eb66131
3979,0.1393321015853978,2026-09-14 08:26:14.621186+01:00,61bfe73067602ff4cda6197dd1c0a7cf33a8304c392e52b34d768cb049ce409e
3980,0.13556580044774091,2026-09-14 08:26:14.621186+01:00,6bdd456ad80583a11a481d646ccd6417002538e62fd77fe534c05ff227b151a5
3981,0.09549670558765663,2026-09-14 08:26:14.621186+01:00,0cfc87342bd087a101ccb577884b083c3ab5b76e9c9a3e5ce2ed97aaaad975b3
3982,0.0970190188452926,2026-09-14 08:26:14.621186+01:00,f4af0b7f4a7161d71d47dca108106fdfec0a05fb025a6d9a0319d3957d0aa42f
3983,0.20658935270622206,2026-09-14 08:26:14.621186+01:00,daa35078993757b2644416387b0aef9487eef7900ac2815fa2dd62c6d4e720a9
3984,0.10768437362289349,2026-09-14 08:26:14.621186+01:00,1856a2fc7a9e9cdd2c7afad1480590be2292ef5471bf515791317d7bc7b7a695
3985,0.21529224680350884,2026-09-14 08:26:14.633011+01:00,65bb3a8debd8cbb784931f868d95eb8a84f92295ad886fb8054e2b0990a349e4
3986,0.0482748821715387,2026-09-14 08:26:14.633011+01:00,f83435ebd2017da211a336391ec3960740e25a79eda42c0566e039228390b25c
3987,0.1381474884349729,2026-09-14 08:26:14.633011+01:00,4af39db8ab74640a803544f67bb61d0754a1ffdff5dca464888bf31a47fa7bd8
3988,0.14505910978073222,2026-09-14 08:26:14.633011+01:00,c83d47936a41ad2c3e45f469c6df9d6626da39535391cb959806f0299c16abed
3989,0.09074401611813206,2026-09-14 08:26:14.633011+01:00,600c7821d16878a1771e1519c8b1e43fe27e9390388408df3c666635952e1672
3990,0.07681697854206886,2026-09-14 08:26:14.633011+01:00,8e56e98b8a1cc7fdbaedcfde6a2a6abf5ce4c21c9bdd7dacc60bd42ee3dc4a67
3991,0.20851207935436877,2026-09-14 08:26:14.633011+01:00,ef14075f939bb0cd60558f84890c4c45147d1794a4115734b9ec5a2c90e7db2b
3992,0.07715319879467758,2026-09-14 08:26:14.633011+01:00,75409f6ff8dc2db4119f5a27204a3485b2281c8d84f8e48c135b4cfe2066cd9e
3993,0.09094916491198586,2026-09-14 08:26:14.635673+01:00,30b9c79aa5225ee5c29295330257618ac8cf39140b9c8b5f86d8d7b474840c54
3994,0.10664317719982268,2026-09-14 08:26:14.635673+01:00,705f2c515c40d198232ebcd7108294150739ab214d28e399003ed74f8c9f6576
3995,0.15979113812225643,2026-09-14 08:26:14.635673+01:00,a5c4b362959ea592c3118f872945dceeb3b3c986450203e80b8e197d078d5e57
3996,0.24209161307617247,2026-09-14 08:26:14.635673+01:00,463f0632354382f09ade937bd5c2a585a65584780291e7ca1369318fffb330f6
3997,0.1101428768804623,2026-09-14 08:26:14.635673+01:00,08cdea04dfba89000fd23be2a40b879858a2d590525450ae7b10e1887c13becf
3998,0.12993482591424996,2026-09-14 08:26:14.635673+01:00,dafc8465b043648b5617f5455d235a6f32d2dbc430b3295374f5a68ae29a067b
3999,0.16044720389505032,2026-09-14 08:26:14.635673+01:00,09889fe0ded84b91b1a70c048e9e21de03ac1576d18f29f6c41e12eb33d02bc6
4000,0.1030878017993347,2026-09-14 08:26:14.646596+01:00,23ea8f34f61c6dc54f7ccd887abf2e767775e5b80dfe27d4ddf1b59790171df1
4001,0.12638808421861333,2026-09-14 08:26:14.646596+01:00,266e4c312f720d0d38ec320e7b7b6f1302a70ccebb0f72ebd910cecf5bc6f673
4002,0.19863688215129024,2026-09-14 08:26:14.646596+01:00,4ea2285eb7771c848c4f646573f27afd81c0d1aaea8a976540e5111b1fa40989
4003,0.2276386998446555,2026-09-14 08:26:14.646596+01:00,f9193c46fad0ae8fb338af903c860d96c8ec5f282d495f600d869aa959d4d523
4004,0.13476465735618037,2026-09-14 08:26:14.646596+01:00,a40ccc5ab6a3a7ffcc74bc3040d061b6d750bfb4f077cdcd2f7f5af2eb9c7422
4005,0.10253584581962398,2026-09-14 08:26:14.646596+01:00,55b5e8b1591e025b759163d7ac343da0944e3f542c19f185b5b750cee929b3b3
4006,0.10694802881030188,2026-09-14 08:26:14.646596+01:00,42e6535094e026c2efa933812dcc5d73405d5e60c75f06b27058e2710217496d
4007,0.09929787389787413,2026-09-14 08:26:14.648863+01:00,2ecb3b6785df4573a0439144f91e9f414640cabe28cbb75684257d7be8268767
4008,0.04581585699035417,2026-09-14 08:26:14.648863+01:00,869f65bcabfe22396f00db5c33a6be586b7013469f1de4eced61928bf16f6c93
4009,0.08314123100510704,2026-09-14 08:26:14.648863+01:00,302a3ee7d4039c88d8e221f6d74e48faeed1f1542d5b44d4f564b6c13e6e642e
4010,0.04096834916530329,2026-09-14 08:26:14.648863+01:00,9ee638501e055e1dd5f44ceff151e1ae18b14f3bb54ac0ddf9d8c0a544d7a5a5
4011,0.11662356780308235,2026-09-14 08:26:14.648863+01:00,ebf641155f6a71f03799d588e90d51242612b10daea2b8e42454066554419bd2
4012,0.09213187646564364,2026-09-14 08:26:14.648863+01:00,53442c6c48a43aeb8d8ae275c0174aadb0bac629dc3e244c84505e6c4090407a
4013,0.13829456334681695,2026-09-14 08:26:14.648863+01:00,b207b780293a9a8ee95729840acba7c0ebc1430b12d849d07b7d1a6df464ec7a
4014,0.05641502799124217,2026-09-14 08:26:14.648863+01:00,860e6e2e4764b16473835fcf5a28d06090d299b0ab2b85a41939bd47cb727e0c
4015,0.08728668669864015,2026-09-14 08:26:14.648863+01:00,ef4bb0be8480c884320b7958279ef6a12c5e553c10f349a4249ac57725e10100
4016,0.04628700091290982,2026-09-14 08:26:14.648863+01:00,7640263f3184d8c93d2aa13547aa3bfa5662f8ad9cfeb981375113fb104f0e0e
4017,0.05626860781987944,2026-09-14 08:26:14.648863+01:00,6ba7f82f3a552866384bb24aeec619959dab81cac9d43964d07254350aba0c7a
4018,0.07144404285426183,2026-09-14 08:26:14.648863+01:00,f56ce8da0028b1fe3f7076592bb25ad9e1c3084ffc0a29890ba614176b00fe69
4019,0.06602531504888501,2026-09-14 08:26:14.648863+01:00,85d60479fe7854464050ab2096c3c5c0e4a0b97038ce2d77d7a48f8411415392
4020,0.1424662100331376,2026-09-14 08:26:14.661372+01:00,d12246a373d111e63c83e76369511c6db679c6b1add33d5c5440eb216accf0fa
4021,0.038459717617363,2026-09-14 08:26:14.661372+01:00,0efcada3919c60a7e244c302f10c6090c72d30a3d4582128822ef701ebc30482
4022,0.06404103820711415,2026-09-14 08:26:14.661372+01:00,ba64657c6ac481f424734fc122f9b000a2d2a3f2021b1c35561667bd42fdb81c
4023,0.026543413402024926,2026-09-14 08:26:14.661372+01:00,dad92ce8a1c1e4412d9d8d44fa26eeb9d220b8ecf72ce7cffe093ea61cf09528
4024,0.1010260680828255,2026-09-14 08:26:14.661372+01:00,30351d687d45d0309877d44041a4ea072bb4ec8a2bcba2a75a8a268bc5625298
4025,0.07347655539201613,2026-09-14 08:26:14.661372+01:00,ead849b7250cae054d2c8a17c72789e76cf4906f66b4f69bb2a1b2f26fa7110e
4026,0.10227527364677376,2026-09-14 08:26:14.661372+01:00,acf633398ea84cfb9c480c9893db747e76fec149fc06a17d197e918aa6073f99
4027,0.08217308756919538,2026-09-14 08:26:14.661372+01:00,4dee90f45a3725961c3169dd0009e869b8b9e768f312b282bee232e8caed28c6
4028,0.09560477417234063,2026-09-14 08:26:14.661372+01:00,0ea8861d59e810967bf29ed155a89923568ecf78a869583d4ce775dd37bcdf6a
4029,0.028961705544692275,2026-09-14 08:26:14.661372+01:00,261e9768cfdfbb5723818e97a6dd32a428d65c6efac6d1900beb6fe9fe80a62d
4030,0.059503092326164436,2026-09-14 08:26:14.661372+01:00,f76fe91e21e041c8e68d9d94ed5fd807a334d4c04b6806be25546e484bfcf1a3
4031,0.10883615363891096,2026-09-14 08:26:14.661372+01:00,0297985de79bf0e08f7f7a1977356dd7d2c8ea9e1cf99c3dbb2f63ebbd783ac9
4032,0.07663291036744112,2026-09-14 08:26:14.661372+01:00,dfac9c801908692396063768f1e1ec92e48562f0bd54250d75f3cdbb90432629
4033,0.07634002489329669,2026-09-14 08:26:14.665043+01:00,b5a29aafe472ad3746b5e29b74b02a2bfcb780aaab8ca7b7c6573f18025cb4af
4034,0.12074380872163959,2026-09-14 08:26:14.665043+01:00,af19cf828871dc9273f7e1439d331bfa54bc71b134eddec3fa192cc69889331f
4035,0.1153717090328814,2026-09-14 08:26:14.665043+01:00,df93c99ddbe79fb15e48d41b3966f33d709f5ef42093b6e7f2bf3175ffee1fef
4036,0.045556867157419974,2026-09-14 08:26:14.665043+01:00,dac077c846face711c8c2c4b2299b20d9c12f5294601ec5e868e7875956098fc
4037,0.06422644561803596,2026-09-14 08:26:14.665043+01:00,77562b6a74d510a955ab286f1159d19f10dc3d69f7712504d3ebdd21723339ed
4038,0.04332638424982508,2026-09-14 08:26:14.665043+01:00,68b0b7c98f808ab5e7f557ba19c45ec7b63baf11b206ce9f44a783024d5a3efa
4039,0.05044194369558361,2026-09-14 08:26:14.665043+01:00,fb85d40f40d477bf9ae5bc7506e1ba83ed0c0648f6ab94852a4d00883df470dc
4040,0.10151653874641756,2026-09-14 08:26:14.665043+01:00,09d0d5f45d1abd80d3492a63a442be7980f431f0f06a5fcef62bce4ced1aa90c
4041,0.03412280089408368,2026-09-14 08:26:14.665043+01:00,10e6ebc6b33e201f4ac51ac5b544923b911412f133b727fd463479f8214a0461
4042,0.0314851819969048,2026-09-14 08:26:14.665043+01:00,f36c973548a168c16d538a2cfc2a6385ec9f9330f9f3403f472b179dea1839f1
4043,0.10875969964671785,2026-09-14 08:26:14.665043+01:00,898e914c66b0d678f36f650acafb91e303e235273dcab40f565f9e097a15579d
4044,0.0316451948967363,2026-09-14 08:26:14.665043+01:00,e7e703530985266335ce17cc29eb4da6351b881f84492cca9890063ef5afcb77
4045,0.08385957386857648,2026-09-14 08:26:14.665043+01:00,e2c06cbf32a5d8d6acaebe2842d72968eb9f2092a66679565343864300d35637
4046,0.054828471219050115,2026-09-14 08:26:14.665043+01:00,9d8cbd02981d7129c5fd2c7e76d9c9daa2317b67dd54d95dd281496ffb971738
4047,0.02390993378793788,2026-09-14 08:26:14.665043+01:00,da0fb480f872fd39b28ca9ac897b7b4eff7c5b766437ac87e2f527542a4ddb80
4048,0.013865421574893105,2026-09-14 08:26:14.665043+01:00,d9c9d433c4e03f41e447652a993eb1c89398b9464da2c60741c43621bb2967f7
4049,0.04616860228203712,2026-09-14 08:26:14.677621+01:00,2df9f94f90b6307568e679f84b3d7dbf4ffc6d5369dd0eba1a620807c7ac8a6b
4050,0.16443380101823257,2026-09-14 08:26:14.677621+01:00,7a054dcab9770eb7915fd509df6a1580edd1a383b674ebb45a87e2c230f4a21c
4051,0.13675029706090586,2026-09-14 08:26:14.677621+01:00,01245e71a778c39d579cf6825e30964f3c1a4101aa3720c29eecfbc363b5a4e9
4052,0.09588267065754694,2026-09-14 08:26:14.677621+01:00,530e3b542fdc2ad50eb488ba45a5a00d193f8e2979813d630178b2d08c82466f
4053,0.050009407823755625,2026-09-14 08:26:14.677621+01:00,3f73a2ae6166f31dc5b584c784a3144e3d46a4a8f44c7a6786c88248f1f3ef50
4054,0.04472410027420112,2026-09-14 08:26:14.677621+01:00,e6c5f248d0863d4e853417931adb07d58c4db01760c53221d17103bd41dce2ef
4055,0.05822835132353354,2026-09-14 08:26:14.677621+01:00,3a1b7c4e5378b3ebab023e97095019ee60a5ff37088190b5513ac8e35afdc9b8
4056,0.07576294500174015,2026-09-14 08:26:14.677621+01:00,5c75d1aa315e1858663cbd06880cebd639d0b27f800a181de5709c3019e9c272
4057,0.024993269902717104,2026-09-14 08:26:14.677621+01:00,91f345e52c94d2cd08863d5bc354911a84aca00f1e7784a8637a54e2040232b6
4058,0.054314378154857665,2026-09-14 08:26:14.677621+01:00,35120b7965d47a28fea852b12184071e838c8206fdeff209a6e04dc0341ec9e1
4059,0.08689012489260321,2026-09-14 08:26:14.677621+01:00,33c637c0f536a1f656fc5d89f097d3d827b459f3b5c22fc046db3e0523d07b19
4060,0.021351453336339837,2026-09-14 08:26:14.677621+01:00,5ed6fa11bada858185dbaebd392884d5c57be306ab0a7264546507505a783f8c
4061,0.06188178601937619,2026-09-14 08:26:14.677621+01:00,a1057ef4c9d7128ab24ec059e323bab876cef776404783d0400a1d9c66a7bab7
4062,0.05853770975144948,2026-09-14 08:26:14.677621+01:00,79f842b4174cb18e576a20a858ba551cf17072aec11150b039acc65a06265a87
4063,0.012199615129349665,2026-09-14 08:26:14.677621+01:00,ebeac43c774db042945a7ab05831ff8f47e9830e8ae2dba2a4d1d088f855eb63
4064,0.007871487371353939,2026-09-14 08:26:14.677621+01:00,54c280951046be81535e665d9fa0dc4df5b3eeaa5666c7d26ecbefdfe991350e
4065,0.14943221160383421,2026-09-14 08:26:14.681573+01:00,3ec4ff40ac38ccbd9bf069a15b3e61de74185ac746f4812c1cb5b19b81fbf596
4066,0.11068579897819371,2026-09-14 08:26:14.681573+01:00,65633b91fed6af51b7eef30ac0426b7658266e78b714a8dabe9dda240dc5f722
4067,0.07061162681542928,2026-09-14 08:26:14.681573+01:00,8bc607dce462e787c7a801ff4bd9ce8965ee10d468baf1d34ff4312364ce1883
4068,0.06557664761271564,2026-09-14 08:26:14.681573+01:00,f66ca6918e219d3b106b9791d6ec5e9ffd1c7b8bb0dc39c3935aa8a2fbd55e33
4069,0.07826983243091963,2026-09-14 08:26:14.681573+01:00,f2617c1e7c4c4bf11f1811a001205f4a6fe4dda566dd8adea4293381c530a3d4
4070,0.148751396590807,2026-09-14 08:26:14.681573+01:00,f936abf1a6f1d343207a78b859ce429174830a125206efc3d09ad81a30cd2b42
4071,0.10184054734309242,2026-09-14 08:26:14.681573+01:00,6b059e467e743ed9e8e91098eb5be765134da7c9c1805e92fb489fd557f80164
4072,0.13080977304833705,2026-09-14 08:26:14.681573+01:00,37160d52dfeae4d8559d7bbc1cd3512cb9fb827c2728606d75b3c1943a9552aa
4073,0.06525607689867463,2026-09-14 08:26:14.681573+01:00,85058c95f440f16f17555cdfedba4b77556fe73ac90cb052c7ed15cff178c307
4074,0.07876608867799642,2026-09-14 08:26:14.681573+01:00,aa6a3a42cb1a9dd14560776d2a770eb5baf7b197917770fe1fc70d86540363b7
4075,0.12148798275911153,2026-09-14 08:26:14.693184+01:00,168dfba3deb7eece619b5affc26b624f388abf2973ae7d346d1c73e1f20283bb
4076,0.09313123290638499,2026-09-14 08:26:14.693184+01:00,5b86670e41dd2a9767af1cd6ef945a194e858c2af930c56d81b2a01d06922a94
4077,0.05911386363202284,2026-09-14 08:26:14.693184+01:00,6c2b5801f76f84bc6c5e934ea128f24515d35f8be3fad955eb4a5cfa82faf38f
4078,0.061312250523940265,2026-09-14 08:26:14.693184+01:00,bb8d1c900c9a98e59cf7ab41aaed0cae7cde1ad80c503f1bf9afa4d498c1a16c
4079,0.10186659150572351,2026-09-14 08:26:14.693184+01:00,417aa634e8d3ef62b272f68e7a51c1cf8550dbc89b16772827655dfe9ee6b3ff
4080,0.197142896261634,2026-09-14 08:26:14.693184+01:00,93c06e5dd46f498900da08de667dbd7b7a863ca3bf0949884645a0c5826461da
4081,0.10795592265928751,2026-09-14 08:26:14.693184+01:00,9a79689e21c05627296e874545116d9079017c24b0aa41fc16444caed45c4028
4082,0.10154590656833257,2026-09-14 08:26:14.693184+01:00,84b307905d8b45c49db8461cd4363427408b6e664916b7b609514c5a11f103e8
4083,0.06729847325931897,2026-09-14 08:26:14.693184+01:00,c838098c9a2ce58ff87e8670d18867029a3dadd18bbb52cf8ab0779c0485ce2c
4084,0.08914487992424375,2026-09-14 08:26:14.693184+01:00,a15c1d2b0a0b5405e26e4e8bad65222ade30d28b45dcd992bd96d48fa9347dc5
4085,0.07238398709348394,2026-09-14 08:26:14.696666+01:00,253ff2cf7682fe6d251d8cb1a66bd5f5fd7aa3bfe5616e485c03c1391201b5a6
4086,0.07341460503331597,2026-09-14 08:26:14.696666+01:00,0211ed719e16eb6e4993100ffefb884160f3cfc4ab248075141ab32148b056b2
4087,0.07336903085015449,2026-09-14 08:26:14.696666+01:00,9561a91426a5fa29f76465c9cd4e59ad70050f35b97f6d4a39bd567824a0134d
4088,0.041359519156027355,2026-09-14 08:26:14.696666+01:00,cd746b04cb1ede8983bf94ffde494bb1a3563668aaf8007b8569e3dd02f35d16
4089,0.034138262334082084,2026-09-14 08:26:14.696666+01:00,57c7265dff4a6ae76f3928fc1587e5635cceb8e4c865773253cdc8ef0b80aad4
4090,0.06792181348438245,2026-09-14 08:26:14.696666+01:00,36f362202f9fbf553df94aa1692b5068b8afc271f7c5b934d189568e9082bcd2
4091,0.07959479498551773,2026-09-14 08:26:14.696666+01:00,72fc103915bd50bbc764a8c51d5a195e7d5eeed2ea09c33374cfb776affbe0c0
4092,0.04463959928746563,2026-09-14 08:26:14.696666+01:00,c275bfacfd469a8f5f23063ea86b1e91e57708dabe8598b99dfd0c2c6509bc1c
4093,0.10499929045825242,2026-09-14 08:26:14.696666+01:00,d69df602d8493f6ea8e76104bf00814ce6ccad5fec2414034d7ab7b88d1146d0
4094,0.05433206721895829,2026-09-14 08:26:14.696666+01:00,17175568ad0f1049fdc0a156057d1af4ed2816439ff4474df136384a5777175f
4095,0.07133780840252871,2026-09-14 08:26:14.696666+01:00,8d88d154834bf62e94ed87c0ded985f36835b7cb239ead6f576ef20e65c03ae1
4096,0.07265560889259436,2026-09-14 08:26:14.696666+01:00,2c8a6a88c2b584d38cfb42c7e45190764890609b2c80789ea80d3bd57515bc67
4097,0.07258600661078589,2026-09-14 08:26:14.696666+01:00,9f21bd40aa10f98bb92dc9ceefc210c943e603e2725c1efb14feb77c73d9fa28
4098,0.13726760619245076,2026-09-14 08:26:14.696666+01:00,1567636d1d023763182fd3d88194055685892ca30a6631b1763ec593af4f99ea
4099,0.07889097560006632,2026-09-14 08:26:14.709252+01:00,acb76ddc3c4285d79ef0cf0a017b800d5eb49e9b43d5ede639c96b328afe1f3d
4100,0.061040834560970175,2026-09-14 08:26:14.709252+01:00,c3a0fc1295a225d86452f1c14c4ca9abe7f0876a2302f17965da9598f11034eb
4101,0.08343520673432467,2026-09-14 08:26:14.709252+01:00,b4c50b5016585fc803ec11fa27f54d9fcc0d1aefee1b3eba68d0b8a2d1a8d1cd
4102,0.037637129331116244,2026-09-14 08:26:14.709252+01:00,2a6a1aa372167d8289e81a8ed62f1ee228af495da5b6d97187a65bb6fd271e42
4103,0.03497046852379698,2026-09-14 08:26:14.709252+01:00,c603e4ad8f292bd86d97cff6aff876f93e7f0b4d31203e2d42b0f62259267b3d
4104,0.08748109879620375,2026-09-14 08:26:14.709252+01:00,4e8ad9e10d0de9aecd19f8302ebbf97c022e4ea3f80af701278b35ad3ae2fa19
4105,0.07443590150985907,2026-09-14 08:26:14.709252+01:00,131068c18349089e8eea106d1eb2df1dcc56e72da090526730f5875368999bae
4106,0.04302168223854587,2026-09-14 08:26:14.709252+01:00,3d639817d5c33e553199f493f6761adaa45758097264148c55038ce411220585
4107,0.09636097565755182,2026-09-14 08:26:14.709252+01:00,ebd6483b56c72dd26dcbdbaa206c8bcc276c3e7a0b1dd37e094ae9e104a0feed
4108,0.04647980079798777,2026-09-14 08:26:14.709252+01:00,ba7de06f518fae160eedc40bffeea38e7dc0605919e72a60ec6addf588eca378
4109,0.06587168552280269,2026-09-14 08:26:14.709252+01:00,1246ccf4c514d60b85d9832f14d6bc8cc4a06ddb3d7bd976c14d4d80f7df44f6
4110,0.08534460724162722,2026-09-14 08:26:14.709252+01:00,241c040dfa3133e94f6ef30d53d650b964f83008a809d854c29974ab1f08f339
4111,0.07708800840201284,2026-09-14 08:26:14.709252+01:00,e25b056b77c9cc0d169d0a1206685a7e9bde7ce61fa71bbd9b618777417f0c8d
4112,0.12794162508313447,2026-09-14 08:26:14.709252+01:00,61b2e549b1266e6e7faacc2fe29a6130e78c6ca89ee5914fd2a960a468cfe80b
4113,0.11012654216492643,2026-09-14 08:26:14.713227+01:00,3c8929887627686da0f8f5e842d59d35e4cc5034ba70a7f06dba68a4394b613e
4114,0.2685161878605008,2026-09-14 08:26:14.713227+01:00,ab7ba61bd822dc86661c300194287e581fed92d2dd5f7ee1806e9bc91ae5a30c
4115,0.09166136615249916,2026-09-14 08:26:14.713227+01:00,99b1cee81827d4edd3b0c19bfc721c54accb77f61ede86bf8f867c551eec9fe7
4116,0.027233307836919175,2026-09-14 08:26:14.713227+01:00,4182a5a48761854f254745bc0f6d95897399893575150c4147ec7c9c1dc6b004
4117,0.02706367742681716,2026-09-14 08:26:14.713227+01:00,796ec8508ae4119dfbac08dd1aa6d29ecf5947ed1234e992c679efbc25f933d6
4118,0.08903164310883252,2026-09-14 08:26:14.713227+01:00,751bceb713e497de1096baa82852427191e689b23efebdcb0c70c9571bf3aa4f
4119,0.06901440133911875,2026-09-14 08:26:14.713227+01:00,93945850ec28359618575e735e4e723dbd2fbe4c3aa2cef28417cb0e978f6018
4120,0.04552693925376792,2026-09-14 08:26:14.713227+01:00,5ab3918cb1415dbb6255f9b506c5f67fa9ca5d6043df99a151490e61204e9807
4121,0.05583680665134437,2026-09-14 08:26:14.713227+01:00,1bf1b39da569905044f6d767dff8504f457874e8c536e4674d253d4331afa4d5
4122,0.06556489033098863,2026-09-14 08:26:14.713227+01:00,8b6e030f07d069f0c5f8d67eb181aeb1784aa793f4281ad8a008eedd74db4227
4123,0.0654724750918787,2026-09-14 08:26:14.713227+01:00,3bf28cac0ddbbae500adf9eefd5c2784992064c8213dd76e1c24ddcae2818f88
4124,0.08495176278240626,2026-09-14 08:26:14.713227+01:00,83a069aee40d8769a1080e5ffb6baba23085a187980c8acc9a62c2fadbf6e9d7
4125,0.12985001321231154,2026-09-14 08:26:14.724710+01:00,e29ec6e5bb9a16c0f2094191a7d522b17df79593f9dc7528c4654949e965b2c8
4126,0.31644045533442344,2026-09-14 08:26:14.724710+01:00,8fc3d8543b14ddc368319b9948ae2a77b8c79b2320e1beb6fdc9577d380c69d1
4127,0.11149806444957691,2026-09-14 08:26:14.724710+01:00,fbefc67a075a490cd6231d48bb644da4e60b75968fa782beb0a3aea4b71d2f2c
4128,0.0358763012913012,2026-09-14 08:26:14.724710+01:00,765c1fdd08a85efddf1e8d98645e237d003d2b834c69b02ccc97446ceec6398a
4129,0.04599576989587521,2026-09-14 08:26:14.724710+01:00,4f70bf2c7641b1afd00da8909995811fe5389d9d4dd852b29c409e132a5f3d58
4130,0.06902167374479419,2026-09-14 08:26:14.724710+01:00,0eeb98f27d57020b72d4098e9298bed1de78afdc92297a8cbf40860e441a1c15
4131,0.03476404178841652,2026-09-14 08:26:14.724710+01:00,562edb5fc17337b5ee1bdb0cc1a184660d274fc316738adafeef107e555b1cbe
4132,0.03536553124473974,2026-09-14 08:26:14.724710+01:00,29f36dcc26a1eedac943df98d2bb2c2224fa870aa9c0a3ae35a53f6c2eee1ebf
4133,0.057296439645541646,2026-09-14 08:26:14.724710+01:00,10ab5ab9387ba3057b8fefb3d0e208e130b39141a87eda05d8ba713a16c07fc3
4134,0.04992732742636684,2026-09-14 08:26:14.724710+01:00,872aabd45262eb6aa2072927c1c26f8acd0f137a881a283243f398b13d6a1d5d
4135,0.07310451614966937,2026-09-14 08:26:14.724710+01:00,f7fe8563980b4ce24696a3d7284e672104be377c24e73201595e26c91fa3d0ad
4136,0.0408598658169836,2026-09-14 08:26:14.724710+01:00,02042cc11b98ac087fc4437ffd4e90d08de5689c812afd355f5ea4c80345ff75
4137,0.06698656067991433,2026-09-14 08:26:14.728181+01:00,0444d4548ac7c3fffcee056ac02183062311599775054b2926499aef24aa0824
4138,0.06797805212646062,2026-09-14 08:26:14.728181+01:00,f610dc71ca42dfe845b29728cdbabf8c7e0fa355509e7c07bd46b0bc2689cbce
4139,0.072895100500812,2026-09-14 08:26:14.728181+01:00,aeb48c55969916049a336d178f2d74bd95598865bc4ebbdb20e41cc0efd71c65
4140,0.20236515887638393,2026-09-14 08:26:14.728181+01:00,daa96a2c18524e7dfe7ef5282e0d0aa3d3a34a284269713c7658ddd0590a5416
4141,0.03753895957941622,2026-09-14 08:26:14.728181+01:00,38f05375c8a254b28e49ec4233860a579f69e505b66bf2169285bdd7e8dba985
4142,0.13780449688891588,2026-09-14 08:26:14.728181+01:00,017721d74bc6b7da2398c5be852b53bab26976ff7ec41e5529a6e121e3efe1dc
4143,0.1318471062076571,2026-09-14 08:26:14.728181+01:00,645471382ac304f293e1cd7b9c3290fce8024f87184eb33edb6536271e31f20f
4144,0.1223009499940956,2026-09-14 08:26:14.728181+01:00,9b45932ccb06fc8eb8f6b6961c2d6de8075166553a417a557a7b6521dbeba675
4145,0.16028361514634423,2026-09-14 08:26:14.728181+01:00,357ec4fcb87257d56a0f13e5797472e061011279cd6b1ce4f444f062b35845e5
4146,0.06737709623954537,2026-09-14 08:26:14.740045+01:00,17ffcc01dc59ce70eec7431dd004fce05dbbc3c3293d9ca006e1c221c188de1e
4147,0.06284606071216656,2026-09-14 08:26:14.740045+01:00,5167d90163af641cc924369ee0498b0c2c77682e4ee3a91707ff79a13fd4cab4
4148,0.15956792457813687,2026-09-14 08:26:14.740045+01:00,0a15650d862a103702b799065de80edca6ff616c0f8ada0ad4098f14cad5c8fc
4149,0.1925730621209333,2026-09-14 08:26:14.740045+01:00,dd26745ba1d256fef0ef8725e900b5c8790986de74cf50177e135da82a1225ca
4150,0.018459360410411546,2026-09-14 08:26:14.740045+01:00,1d38c7acbb163d48dd9abca405310155a18a48b9b6c82e7e7deac71d27a23186
4151,0.11261339057310336,2026-09-14 08:26:14.740045+01:00,28872407aecd51a7ef6fa8e1d8ddc50914e69eb8a6332a564d5edef691394f75
4152,0.12070641127173469,2026-09-14 08:26:14.740045+01:00,acf3dcd6258d6b535774851398ccdaa3ad06b20d45a64fa4ace4912f773def77
4153,0.11674616541987358,2026-09-14 08:26:14.740045+01:00,9ba09094c17220b9278fe06b648cf9ae405ccdff82599ceeb6383802832067d2
4154,0.1491105286740948,2026-09-14 08:26:14.740045+01:00,aca5d0633078fe9cc36f9b145c1c41a9c880d3538b023b5e7048c18ff146370a
4155,0.11494994417970977,2026-09-14 08:26:14.742609+01:00,7b312957200d2fc44f0c34262f0d833790ab3aa361f3979584361a8794e38eeb
4156,0.13489059224005176,2026-09-14 08:26:14.742609+01:00,d3450d947084b67c0ebe1c8402eaa0738547561d600952dd499dbd92e3236bf3
4157,0.18803073683743982,2026-09-14 08:26:14.742609+01:00,09f81263ee6deeaf0ca4238bb0523819520fe94b4dc8a0e5691afc38d1c2363c
4158,0.2582491170738182,2026-09-14 08:26:14.742609+01:00,b7638d09b5a0c4efecc32c896c522969fb71dc568d859449dedbab84bb48d466
4159,0.10426877970212338,2026-09-14 08:26:14.742609+01:00,1b108f1968fd2d283c2032b325028b545531c3d954c0cd46bf76f781b44c7232
4160,0.09822130610090588,2026-09-14 08:26:14.742609+01:00,4ed163abe6c50f15a68090901d6fa9307c8d17cf9a03c4bd16a62bcf99d6e294
4161,0.10138952386595115,2026-09-14 08:26:14.742609+01:00,1029891f34bbcc746444cf60414cda33ae2ec9df24b7f270ed180d787bfcaa8f
4162,0.2527327665237235,2026-09-14 08:26:14.753231+01:00,3bb380de21bc016f80842217d667e153d8d8668245202c04888edb0a0d929a79
4163,0.15823842240724512,2026-09-14 08:26:14.753231+01:00,a26bfeb9e97e823401cea07833be8d31f5f0ce762c7f2e3eba2d1acd699481ff
4164,0.2131706469951786,2026-09-14 08:26:14.753231+01:00,f95b5b92705cc09525427a3ef09cf242248287685bc0a182799af45474fb7ad3
4165,0.18600473493418845,2026-09-14 08:26:14.753231+01:00,50b79eb81d3a0e2c758cbbed0d4fa7a5b65f2be7680ed7fb8a79de25f7611fac
4166,0.0783240223178552,2026-09-14 08:26:14.753231+01:00,34f22a43b4c24ee34330da1c8d41e7c2c3b37284cd97cb2bbb60188bf0354f4a
4167,0.05628545778298304,2026-09-14 08:26:14.753231+01:00,4b08265fb535e290bd93b41b2563499eef8924c2ddc9eec76207173c78cc22ba
4168,0.05524394903882604,2026-09-14 08:26:14.753231+01:00,6cb9f25e15662b26a931909e4e014880d411b580bc37ef78646814ceea4f1fc8
4169,0.05512552941112762,2026-09-14 08:26:14.755451+01:00,ab059a6c5372e9b83fd98b450dd9fdfeb02b807ed94eb19f809b1c883f607341
4170,0.07315561459157861,2026-09-14 08:26:14.755451+01:00,5d719651422d113e7e49c9ffc2a3cab6ccf28bd2f0cfcd2a94e08be7e6c8410b
4171,0.034223183618219064,2026-09-14 08:26:14.755451+01:00,d0474d26de0352e7ec633cd75efc1156ad215395c7e3986f41aaaad48e0fda6a
4172,0.027450308323464276,2026-09-14 08:26:14.755451+01:00,950ed77efb2541ff88de78a811ac88e98a63c5737d37193d6a26cc39f3bb67b0
4173,0.11978164968537756,2026-09-14 08:26:14.755451+01:00,885a18b495c6ea77cf905412e9d50651ebc50cbaffdb40b6284ef5fe5977f8c7
4174,0.09682840926581454,2026-09-14 08:26:14.755451+01:00,29b3d0b4c2ef4252493c6ae93bd7a968fe6f76bc45faa1c521f5fa9f86bdb93a
4175,0.07323422518360237,2026-09-14 08:26:14.755451+01:00,1f9d592c6fb75a2a39c2c9d14ceee8aea8e0fd2a86a9027d528dda68c6765618
4176,0.07916817355384491,2026-09-14 08:26:14.755451+01:00,63c1200a273421bb2e826d28fe188e71b5c7b2c8f2bd5c2372bfa907ef90e29c
4177,0.09859704680216219,2026-09-14 08:26:14.755451+01:00,7dc1db866b109eb4756df4afcc7fbbfa375990705ff26f61fa31eab70f1c3886
4178,0.0763122821551745,2026-09-14 08:26:14.755451+01:00,38f129a5b59aa8e711449e15e1539072e402b9c5306310b888ad4f4f442f6946
4179,0.26612357740963444,2026-09-14 08:26:14.755451+01:00,ec7b8a5f5ac8c408e646438d51319c0b41234b449dec7d2071fc6c0ff36f16e9
4180,0.041380067698318826,2026-09-14 08:26:14.767187+01:00,cee1376c103bd6e8954ca2f63796a87de1b51a49896455af0271e99e4898cd7a
4181,0.07078550940954617,2026-09-14 08:26:14.767187+01:00,3ddcfe0ff3350be82687f790b4be6da61a04ab5b2dd734e105242de53a886412
4182,0.014931611416306386,2026-09-14 08:26:14.767187+01:00,5ba1599ec935d920aeaae0d183f90eb27c322d25b004f20cb99acc0c7a8d7bd5
4183,0.011307899044331486,2026-09-14 08:26:14.767187+01:00,395c3c00dc6c2d597693fe9e865a696b387f3be1061ca79b8ff766ad0eab793c
4184,0.11143126164921949,2026-09-14 08:26:14.767187+01:00,f074ae9d44b76d3e4b5c064491caf84b44ff3486888fb149a008d774759d137f
4185,0.10377414481231115,2026-09-14 08:26:14.767187+01:00,1352562ad42951755436c27a7ec09dc4887746719c3c78a52b8541a304e89a09
4186,0.011961245770478931,2026-09-14 08:26:14.767187+01:00,e96c1fa0957360a8a38eed04fe320d02632edf3cf50901d128c0ab1ca7bf9398
4187,0.13126303871874412,2026-09-14 08:26:14.767187+01:00,0d7e11291319562056f1d5ad6460049d7625ae334e9a2a91c386d24ff6e73eab
4188,0.1075451254923331,2026-09-14 08:26:14.767187+01:00,9bb2dac1f6bf4343204a4fe3ad53decefb5f13e99219ce4568115ab71af96239
4189,0.0817928309027752,2026-09-14 08:26:14.767187+01:00,fd43b6500c75db18956ad8277dac9a97e40880e33f81fb3533d4ae8a58041cf0
4190,0.3138272650856352,2026-09-14 08:26:14.767187+01:00,2963e8b24981034e359a26167976537239c2951ce4812ef687953e63f72e973e
4191,0.06995058839099524,2026-09-14 08:26:14.770776+01:00,049a0e54e8eb7b6c98ca589a3d0d0bd2dd67d446331f125701c3840e7fc1e42c
4192,0.07277073329827272,2026-09-14 08:26:14.770776+01:00,89167601493d1db6e64f9bb621dc1d7edb1158e96fea0cb445d466fd57aa962c
4193,0.07734731188083092,2026-09-14 08:26:14.770776+01:00,f0b0d71c066e7d8e38989cb2004df4ae2f1ba7e7f6bf659e9153b5f439cd3470
4194,0.07659633785533858,2026-09-14 08:26:14.770776+01:00,7d1eb34da3094e33bf80d089eacf65b44216435c5c6764c53c3cc28e948913dd
4195,0.0786447370731233,2026-09-14 08:26:14.770776+01:00,118c1895e10658a824ebe1a09ed0872a2436c48464cda5fb22d29f991241657b
4196,0.08057525687513398,2026-09-14 08:26:14.770776+01:00,ed6c19f2a3600a4c3d1d4b2036fc836a8941351e6735555dac1b658a40b5d054
4197,0.0876969318006392,2026-09-14 08:26:14.770776+01:00,214a8a7ce28cfa0c0f33712efacd267585a77b277a64ef663e427a8e0cd0c42b
4198,0.13160171885786248,2026-09-14 08:26:14.770776+01:00,60cb76ff745c3630dfb1299a17659f4bb3aec14dd979ae8b4cbc50032c47349f
4199,0.10169743148998354,2026-09-14 08:26:14.770776+01:00,9a6f92231b57d73a74b4033c095f08e9d56877939069ec8735dd4f70da0802ab
4200,0.08284474954811281,2026-09-14 08:26:14.770776+01:00,965fae11ed658e54fb21a6e54ea5c8fc4e40d4fe0007cae694c25da15206ea45
4201,0.07248445347624692,2026-09-14 08:26:14.770776+01:00,a9f5053b7e42b860682ee9f907b5f9046f1e60324ac7eb0e50f24f6a1518d4ed
4202,0.06778974945346025,2026-09-14 08:26:14.770776+01:00,cb2b44df64208cd343a25bcaf4c9477f27085dbbf4ca93355422e375e83ab1c2
4203,0.023556279314208832,2026-09-14 08:26:14.783516+01:00,424f5b8469903d25a783493398637389c0a57fc774a1dacc65555d5d3aa7ee45
4204,0.08737112796269379,2026-09-14 08:26:14.783516+01:00,0a7b1c60668f4d73e5c5ddeed88fba1d64b619221f763ede5c4e5eef6260a24a
4205,0.1360966344827571,2026-09-14 08:26:14.783516+01:00,85d68efe96295d546473c89f28e934a199bc75a463a20e4c0642e3330176f97d
4206,0.05506996172762444,2026-09-14 08:26:14.783516+01:00,8877fb4b773c1f2d52fb0f2691a7021937c2426fac78eb36f588c8891c376448
4207,0.029661214500433405,2026-09-14 08:26:14.783516+01:00,08b7b5c73508667b1641b43aa7c03d640831d071683f1d7520f9f8f331d1b026
4208,0.04651565191058075,2026-09-14 08:26:14.783516+01:00,dc6030555c56f067b766de0bdd4b505da30b6a9839d13676ffc30cf69380c907
4209,0.10360141024610024,2026-09-14 08:26:14.783516+01:00,16f2ffc2d53dd44c5feef743932b183cf1cd75051588bb6807479cf5b0fe6408
4210,0.21465007829823754,2026-09-14 08:26:14.783516+01:00,06cea2ee305303a559bcc90d8b6c7999a4227d64cba4baf602b7eda544467bd2
4211,0.17562564200002712,2026-09-14 08:26:14.783516+01:00,424b76b6b70e5695e11952594804f4cc8c47e7e2ad2d7c20be55248a2f0a379b
4212,0.06534751669484558,2026-09-14 08:26:14.783516+01:00,3ec897449446978b35908c72f9b6129e27fb14e35f63c85a6bfffe5495681c2a
4213,0.02536396013378054,2026-09-14 08:26:14.783516+01:00,18056c84e09e80fe7f2f9f14b31c3d7f948278c038aea9b9822f6543d225081b
4214,0.0371405227287106,2026-09-14 08:26:14.783516+01:00,a4fc81077b5ea45fa276cb658918b015a615621a12f543edfc93dab25e975851
4215,0.13612019615429377,2026-09-14 08:26:14.786730+01:00,79fef36842a6a7bdaffd2e250797ed1998826eecf21328c349099cefaa164a00
4216,0.11995854604180813,2026-09-14 08:26:14.786730+01:00,e5cfcf57fd63abcb83e144ae748dca1610f8bfbd990d6376da7364a03f61e80c
4217,0.11619265651959568,2026-09-14 08:26:14.786730+01:00,5f6e5c3e97c3c3484c2acedffa0d6c6245a89c510112d0168f1be103ea82610b
4218,0.08257646284129985,2026-09-14 08:26:14.786730+01:00,9dfe26187db0cd8718158d2123b8cbda13162d3a59563beee47872137f682326
4219,0.27345036132815165,2026-09-14 08:26:14.786730+01:00,69dc4205fbc4fcac695a26fcd5988d4cc5a3c618e3b4880893a8bf1a7b3412b3
4220,0.08634774709638414,2026-09-14 08:26:14.786730+01:00,fcfe442123b303a22dcfe3e129cab5b5ea5333ac026ebe486dac29f64ee76bf1
4221,0.18535403001846681,2026-09-14 08:26:14.786730+01:00,dd3051ef5ab3d03c2f6667ad26b4985758a1b398621f3c38fcab2afcf4256ab8
4222,0.09696625338952355,2026-09-14 08:26:14.797478+01:00,5b1cc3a0e16ca86d7077b29109881b182b39b3af1f5288759e582eed27b36ad6
4223,0.09941143028534301,2026-09-14 08:26:14.797478+01:00,1246146e771bfd0fe21046e38a9ad2eecd8a6aaac053fcde1c7c5a3a1d534db2
4224,0.10389493163193934,2026-09-14 08:26:14.797478+01:00,9380c54a741a2fe8637fa2412033c745b37ec4d259425a40238fdc08d4eb3731
4225,0.05313851741298241,2026-09-14 08:26:14.797478+01:00,63ba10480897aae507b6f6ec59a409e1c4e47ae75e8f81ca31bc6a0e35f13213
4226,0.28082871394625747,2026-09-14 08:26:14.797478+01:00,3ce765f7024423592d28281881fcca871c40aee6abbdf679c19046a460818189
4227,0.10424470011231875,2026-09-14 08:26:14.797478+01:00,61cd4f966e9b5cfd70f1d2620b0389e961cfbb2d1acce15d609d7d780f340966
4228,0.2615154532216354,2026-09-14 08:26:14.797478+01:00,ca0303e7bbed069fc9bdf5d38dfffa0cd701a9cd7cdb4505af685c1009e3460a
4229,0.04028681701527492,2026-09-14 08:26:14.803170+01:00,dc854f56aca37e4ec9af71fa6b2dc8bd8ae4d255c561d55c858c42b129d73b3b
4230,0.10017206116359821,2026-09-14 08:26:14.803170+01:00,3dde6e7342dadaa0db4d300b2bdca347b52b4da2f201d604f581ba26c75d1725
4231,0.06356802360288566,2026-09-14 08:26:14.803170+01:00,e0168a0bf4011061aae5a6ff3e04adde73b8398b580ac9dcda6e31630e03136f
4232,0.07998656369834964,2026-09-14 08:26:14.803170+01:00,532acc9e1b21e8e5d39e691d60ba49b39bad23a28b1639e70f274869d952b650
4233,0.04791242983427415,2026-09-14 08:26:14.803170+01:00,dc08d08ab39150f3f86585239e0de6556986abcd0ad6368816efb0381c674831
4234,0.054361411602147636,2026-09-14 08:26:14.803170+01:00,edcb8fb194da61f249af0983672f7bd7ea68b5138971924ada2934e02057db22
4235,0.07996603931996799,2026-09-14 08:26:14.803170+01:00,a38c196979fdf3925fdd49359f4cd0a1d42b6f924627a98a215acad86819e33e
4236,0.06149459347555946,2026-09-14 08:26:14.803170+01:00,101f0a361377f639dce682477c42ccb2e5c70fd699eed8fa94fb5884e59c4385
4237,0.08404709443398288,2026-09-14 08:26:14.803170+01:00,4f7a0938cb8371030b6858bb605af60163eb627d9fc5389a011f1df452b1a673
4238,0.09617530931509496,2026-09-14 08:26:14.803170+01:00,60b67d5642c08fb92c44e3d27cb82523d82558803665ca60b47506420c1c7500
4239,0.12674489512069567,2026-09-14 08:26:14.803170+01:00,eb4aa3d8ca54c74d163ab17246b40ea8bf7c1e85a1b71947fd69d71fb637772c
4240,0.07337635466699462,2026-09-14 08:26:14.803170+01:00,14302bc7f63eca64b98e80e4d4c75ed8729c77ba57e44633cc40741d38f0e421
4241,0.09190840675117412,2026-09-14 08:26:14.803170+01:00,d66a31bb8d397a52e853c961fdb072bd10ad6fd7a595a1ff2a49267d9cefaddc
4242,0.041645000313605685,2026-09-14 08:26:14.819492+01:00,171d50106c68fdc0b5f63d5411c0a8d798c94bb1d56cbcfcb4d9a30f43335a55
4243,0.09781856161410907,2026-09-14 08:26:14.819492+01:00,32756c2d620f6511c62ee5d2568a6e160477a81a713b1f493d36b6c9843aad89
4244,0.07493654459134647,2026-09-14 08:26:14.819492+01:00,0109465b5d1c4e3731a1c756a06b6429ddc2742284e4448bdc3b1650a5ad4ecc
4245,0.09286564887867381,2026-09-14 08:26:14.819492+01:00,d6a16e198781e055a04fcb8792d8cff2922fdf2688404356625112e67c4d8fbe
4246,0.03795549185619821,2026-09-14 08:26:14.819492+01:00,e0682a2d464b425ba5beda728bc2927daf321db044d678a8d146f0b1b62aa891
4247,0.049176314588342956,2026-09-14 08:26:14.819492+01:00,8d4b6444c52e7b42c9bf2d69a784a8a3c440d3778659b7f458a9cafc3af39bb2
4248,0.07507915326072163,2026-09-14 08:26:14.819492+01:00,384a70e569854b720943b10d42de6068a4c5cc198ffbbfa2d05002f6e04d3b3c
4249,0.036523960851575346,2026-09-14 08:26:14.819492+01:00,8a51ac4c2b6573733243e1b33aa87498ec460d26fa78cfe76cc6e4c2c0b1a515
4250,0.10482692087928883,2026-09-14 08:26:14.819492+01:00,f237c2f457020b971423b0f09ea2e5e67e694c57155b841e2739de5639b27d72
4251,0.08607971173640586,2026-09-14 08:26:14.819492+01:00,18dceb50fca40bc79812e2ba73d287d975301f6ba7e9b1f529c1f740b057d249
4252,0.06615356954385201,2026-09-14 08:26:14.819492+01:00,fdf2bb0a37bb4d9479a9485fa15f9764d89aef7caf295d6a8d268f10b1604c1e
4253,0.09601052986614303,2026-09-14 08:26:14.819492+01:00,415a5e623695709880678d25bd845e4210645d91b9f8581713b5c19ce1c884ef
4254,0.1409285920197372,2026-09-14 08:26:14.819492+01:00,4194410008b15038629451d4ce738461263bae1e749ca466e383b07601fae606
4255,0.0527512453282646,2026-09-14 08:26:14.826388+01:00,17928805f8b02145c0e25e252369b49ab22f69349de3bffc3cec2cd64f8e8d08
4256,0.04935312852767333,2026-09-14 08:26:14.826388+01:00,c9cdc305a1933bf8031d7b3636a40f99e21fceb739be86cd5fa302e12972ce20
4257,0.044952390509541085,2026-09-14 08:26:14.826388+01:00,7b901aa3b05d75170d3482da6aa44706c01ed4250126c3bb78887a2f7bf4bf15
4258,0.08012265504318085,2026-09-14 08:26:14.826388+01:00,1ffa80c954ee545fc225ae244a0a5b743ee31909d06cb5232e8d0d403b0fb7d8
4259,0.06017214693075971,2026-09-14 08:26:14.826388+01:00,132c20980fb31ffd805dc4658039d0442e6be89464b4a009ea30446c01a7e545
4260,0.11590557813398207,2026-09-14 08:26:14.826388+01:00,d35216d868a6978598e58c95d7fc48ed00a248faa1f5ec866b1a1372797aa5c9
4261,0.1068610966169182,2026-09-14 08:26:14.826388+01:00,4ba68128f9d63fa6dd1b87fb3fe64ca03a4c2ff3e6fc420f47a77ae62806023b
4262,0.08656422084773623,2026-09-14 08:26:14.826388+01:00,7acef396158f395a2674adf128a63e16d284be0a1ca6dfb8b99a116df5714721
4263,0.06534706803677516,2026-09-14 08:26:14.826388+01:00,27b5cb0d8bd67374346f6af88aeeae1be6e26d8a1048a57baf2e1c5dfe9dc53a
4264,0.12386500350521774,2026-09-14 08:26:14.826388+01:00,b4c4a028127ae7436784b809dcc603535c3c21b8aafc96e5b38d2f766a4f03d1
4265,0.12981361332097668,2026-09-14 08:26:14.826388+01:00,d90704b555feaec96c2f886f59f4250597b24d2707f55d4ae9076045194b3d58
4266,0.08429185319897438,2026-09-14 08:26:14.826388+01:00,d3cab8375ce15c6b316e2b776485b93d63ce6d54ac0456bf44cd89cf0781baea
4267,0.06361805887736603,2026-09-14 08:26:14.841388+01:00,2df597adc16cde7674fa4b9a5c85b0bfa7d35c08897ce0802d6281a025822e28
4268,0.03880722278266208,2026-09-14 08:26:14.841388+01:00,6f118b4a5ed5ee46642ac4b4e396a5f24fbda7f76192f4604104707878cd4737
4269,0.03797373699761424,2026-09-14 08:26:14.841388+01:00,67ea0ef430482ecf90d791704d91ed9ec3c1403dcb4468da1550ec556434cb55
4270,0.0626418774700472,2026-09-14 08:26:14.841388+01:00,e8bedd656de7907ead14ca8e4590d0195dde8a10d1328fe69f78e6983bac1243
4271,0.06530567725294292,2026-09-14 08:26:14.841388+01:00,b3460d970a42d767e30b45bcfb8e750961dd0810b6449468117a8ded8c0bedb1
4272,0.08720537891768432,2026-09-14 08:26:14.841388+01:00,eb6934dbaa4fe1ba6751a82fe1b85aed08550e36f8a159c85cbf1692519f8613
4273,0.17112909631532597,2026-09-14 08:26:14.841388+01:00,ef17ef15c3c207a4410cb69777e9d08fba04c16da609cc42bdd93b4de2998cbc
4274,0.09080968747355671,2026-09-14 08:26:14.841388+01:00,1f4cf32675be27f2506b3c8a92b265f3b12d7900ef82715a6dca7382230b5d7a
4275,0.037544541990426936,2026-09-14 08:26:14.841388+01:00,f8ce728664cb90c90d82e622552b7987d68ee4b804093e5983b32bd035153794
4276,0.13346868099038328,2026-09-14 08:26:14.841388+01:00,6af0c4046b9cc1c38d11e79b670ede9317e081d7872262599a7201873d432722
4277,0.12071461751660144,2026-09-14 08:26:14.841388+01:00,9fef3d467abb5bd12daf4454d64a5fa8b299e3ba205fd845adcb33e336708dfa
4278,0.09078142341538877,2026-09-14 08:26:14.841388+01:00,cb68c27962816fd17b06a86a1eeab7affea415b7b8f0a8836ec05ff8cd8b5d2e
4279,0.06302139933046824,2026-09-14 08:26:14.845974+01:00,df591eca4b3946dc47d87d79c62689ffe3b87ebe2da4d30f6302e0433e14b590
4280,0.08290657750660642,2026-09-14 08:26:14.845974+01:00,9005d2ca837f1c5bfd137270d80e941840a3f5c52a8168b87ed597f28c9a1431
4281,0.09531306722803395,2026-09-14 08:26:14.845974+01:00,2b13ca300e94c49401eb21b45095023c348f2e7938a2cd3a2b656dcdad001acf
4282,0.1301451895412616,2026-09-14 08:26:14.845974+01:00,5650ca43e6c5737b6e5f41e22eebbd36848677cfd1c0fc61a5d007f4224fc48a
4283,0.08310721275354527,2026-09-14 08:26:14.845974+01:00,f24a1d22c1beef7479209a73bb20eaadf9dad985f2f02c2e3fdd05bd6ca4b3bd
4284,0.1531347144622124,2026-09-14 08:26:14.845974+01:00,7f91281c3ef6e5778ac54cce1b9d76d48da10aaf3ed83d8a689e0969c1fa0f5e
4285,0.05984487338287865,2026-09-14 08:26:14.845974+01:00,40690d2c8ef2aca43608aa933c1e0b0005649378102bb6699fc834745795a488
4286,0.1443857640110641,2026-09-14 08:26:14.845974+01:00,50e531a4ef58a5bbb3c75bd54bf5a70c76fb7417fd254cb4c4ff7a346113c03c
4287,0.10696543847716113,2026-09-14 08:26:14.845974+01:00,78089c57937595246ab05b84392c266517ffe21295fb42ae3c24a467400b4da3
4288,0.08117576330676833,2026-09-14 08:26:14.845974+01:00,3bc70ce8865b4461111d2d9df474bcebab615e294334029f6c69496364853821
4289,0.07778562671229482,2026-09-14 08:26:14.857507+01:00,81936f8904c3d5f399a58a100c489ab158e33d1f6796e2751bceecf9b51ff88c
4290,0.04803715208400435,2026-09-14 08:26:14.857507+01:00,353c813fa05aaf85668f794cb33a2f4f633c50e2bbcc9e477524e89f44c17a40
4291,0.17254933121004845,2026-09-14 08:26:14.857507+01:00,4b384ab12d301dc1cd0e99c5864380ded47dae7ca7dd71aa064a10738417733c
4292,0.09088706212900984,2026-09-14 08:26:14.857507+01:00,26f2baf8d7aeb097c776780eb710ba16f6021fbb8cd458c3aa9a5b4004a5d79d
4293,0.07852033803251486,2026-09-14 08:26:14.857507+01:00,c8fc2de79c5fde9edb9d9765d0bc3f905f0977e4bdf3adce6f2ac0c8e46cb4be
4294,0.13280156779981456,2026-09-14 08:26:14.857507+01:00,8b662e7a1a8a16d4bde7400af02c55d6e4c42eac839d065393bb6e36ff74a236
4295,0.05037981157629968,2026-09-14 08:26:14.857507+01:00,02717c6f9e9c9d7cd57aa8a2dbd18e94b3017325dc8cfd2231c4eb0467f98229
4296,0.17908638979674363,2026-09-14 08:26:14.857507+01:00,eaef63ab179ea29b34dcad07c68e5d08e4fe9878161bcebe8534b0e52ab7d92a
4297,0.0996860156497955,2026-09-14 08:26:14.857507+01:00,8390937e6a50d3d84574ec03b7e0e0c0f11b3d8cb604022ad6ff3b5ac13555f3
4298,0.07026670500947434,2026-09-14 08:26:14.857507+01:00,d3cbd6ad6f9274f97bb98e14768171681fbaddfdcf1b825c1553ce962001cc75
4299,0.1663726007378822,2026-09-14 08:26:14.863487+01:00,4144902f19ed7d7fae3e967c1cf5487f14a51af256e0e760d231fd9b30138c59
4300,0.1358428921933025,2026-09-14 08:26:14.863487+01:00,c18d4dc877c0ba30b5eef7df067e265ce565a6872f68918a2aa3d2c5f035c6b6
4301,0.09311526400271623,2026-09-14 08:26:14.863487+01:00,347daee59c01da9b6f100a8004601b2710ca6b164661e2ede383014d6924754d
4302,0.0782779116433514,2026-09-14 08:26:14.863487+01:00,2ba94405aedaacef1dd04cf5bbf7bf161b0aea909e3439f050b7ae8a73dc72ea
4303,0.0704661974745789,2026-09-14 08:26:14.863487+01:00,4041f66eda5ed51f379176a57578e4e5bdc0d5b44b5038195578ce7d6ead61a3
4304,0.10082794053318149,2026-09-14 08:26:14.863487+01:00,f35692fae8ad54c54937497268f5c0b8b6d9e4a28f02d5a70d336d9241f61f0b
4305,0.040807757037154065,2026-09-14 08:26:14.863487+01:00,fbacc299121b3385d4da3350fe55f6fee3a8ec83b0fd907deba40452597a9fae
4306,0.16883445196789149,2026-09-14 08:26:14.863487+01:00,8cd365717ae8138b871d4b3399fd1b6f850c8dceba664b90fb4f4bb8b042076f
4307,0.14545498440994178,2026-09-14 08:26:14.863487+01:00,d8a15be923880aef7668fedd717eb0d0023a176fa3a814b2b7abc20faa97217b
4308,0.19330002013745612,2026-09-14 08:26:14.877974+01:00,7e8f56020e34f50b4d3d8e630dac6f7fd891252f5bf4f7d45104e4eb7d414f6c
4309,0.11028599213170234,2026-09-14 08:26:14.877974+01:00,c87ca4065a553dc6a02217b8a11d21e7f4a7d2d284c2beb21390fe09181249ec
4310,0.06541166133275848,2026-09-14 08:26:14.877974+01:00,e8c3f9b6576b0c0008b269cc9fc2becd42b295d7c3993128dee186af6e54bbc4
4311,0.1635710691182522,2026-09-14 08:26:14.877974+01:00,aea5a3d2f42544e4a24095f2dc041e069af3d37a6f808719bd3e597431cb42c0
4312,0.06319543029745844,2026-09-14 08:26:14.877974+01:00,a88bd3fddec78048fd22df2446da14c8b0df35df5adac722f6b42557ef4a5143
4313,0.10752120868861054,2026-09-14 08:26:14.877974+01:00,0c35a511c39193e4c943ebb5150e3d99b52d70bd4d911861ad8fd78efb09d011
4314,0.04000449643759905,2026-09-14 08:26:14.877974+01:00,95e08a11e5c5348f4f238226ef91cf11709eb4077fa34268e84dde02c3f25059
4315,0.19451001109510024,2026-09-14 08:26:14.877974+01:00,ed2b282364295b7e4d88a57233744433696af1cc3b29ab660ad1ff28cb31688e
4316,0.06220011076106251,2026-09-14 08:26:14.877974+01:00,63fb9439995e1c20ef4ad21698675893a0f804446c8b268b6b97fdd46c7a09b7
4318,0.04014799152745829,2026-09-15 08:34:43.732133+01:00,1be526ca931d0c358febfe82fa6b15461898d76c2f4cacedaf4a1819438026a2
4319,0.11529461156334275,2026-09-15 08:34:43.732133+01:00,146b081d53925ecfbcbb5b234815001897277ce2bbf75539d7a6b580b1a7a3f2
4320,0.1665245157073807,2026-09-15 08:34:43.732133+01:00,6fac8120c1cb85af83a03aeb5ac60e8021df67c87e2e80d16c890dd2811e0f35
4321,0.07191107422081082,2026-09-15 08:34:43.732133+01:00,45a6e7054c1068aef65be49127b8bbdaf43195f39d434c5392d71f04a034e377
4322,0.09695884557150787,2026-09-15 08:34:43.732133+01:00,014d79b709d43e386341bf137c22d6a282d045c8beb1ea6c1c071a94414d7a1b
4323,0.11273441586372646,2026-09-15 08:34:43.732133+01:00,b0eab1818ab8ea6f2887369b82bd5330f963a0ac2c014abd6e3d23c06e591df6
4324,0.10884671554575137,2026-09-15 08:34:43.732133+01:00,2f824670f14b760824a5802909393ce972a340938dd41164d7e0739ca342d0af
4325,0.08202994009411912,2026-09-15 08:34:43.732133+01:00,5a8f0192db07080999b011c2dbb01dd57753534bb708a03d98a11e5925e50e32
4326,0.028397783194288498,2026-09-15 08:34:43.732133+01:00,a73d87948c592ab0f69d3230d388446531bc0769cdb44e711e0d87cfcec5f5f3
4327,0.06302597464934817,2026-09-15 08:34:43.732133+01:00,09e8cff4f003f0660815be2e968d4210a8a85e14da932bf6cd2679b377c58a91
4328,0.03999037307446369,2026-09-15 08:34:43.732133+01:00,baf3f2a1541b568ced94fd41f9337cb082e427be5041a0157c8d9a4f3eff0a8c
4329,0.07413775898780227,2026-09-15 08:34:43.732133+01:00,ab49b8c36cd29649bbc332babd2ba053e8907b6d5a41e80fa09451d1db37192f
4330,0.036824525560680665,2026-09-15 08:34:43.794394+01:00,945ff869b65a0637e8ed1b89bcb25538d30a82532ce86d2a3717bbfd21a21c8a
4331,0.10698507855027989,2026-09-15 08:34:43.794394+01:00,8a1071c99c9f5895034abf43ec6983dafa2acc67d086cf3ce629543fa31d15e3
4332,0.05737388489211018,2026-09-15 08:34:43.794394+01:00,43762c069f8d7960712d93fe8caa45256ab11fb2c51b40de7c4359e24ed2e895
4333,0.0770567009698472,2026-09-15 08:34:43.794394+01:00,ddfa414b984015c9ea0281176a0d2923e726590e6670981532d09c94659d1a8a
4334,0.13455002906044533,2026-09-15 08:34:43.794394+01:00,5984e3b035d15118c310128597e7e7daf301bc4e80cf9de9c3d0f2c7607bf71e
4335,0.15073069074931594,2026-09-15 08:34:43.794394+01:00,0fc8fb7b93293bd0326331d56e162778886559364b13c6e713a4feb204148177
4336,0.10101569769435674,2026-09-15 08:34:43.794394+01:00,a615008fbb9d9885e8bc1e3279adbdf65418156cb09d11a011c35b23ad47a323
4337,0.09807352403789085,2026-09-15 08:34:43.794394+01:00,ef54d080e47bbb9dc72818248020e5d7ecf56c5999d88f1b654ee104b2ac7dc4
4338,0.021609784977067507,2026-09-15 08:34:43.794394+01:00,d415ce2931183a99dd7873f76ebe6e804add018a74a0642387d6b95bfeb5260c
4339,0.07981443859432856,2026-09-15 08:34:43.794394+01:00,44df217682a0ec4aa797e1d08fc26f5649022e83b274a2b535768ad878a562c2
4340,0.040216587854177685,2026-09-15 08:34:43.794394+01:00,57a1e1e3c761600e429978795b6862411f2cbd474a206829db8219bf22fc5b97
4341,0.09574905705949935,2026-09-15 08:34:43.794394+01:00,cbbd7f0f4c16207fac1b39d802c2d307305d89b3f123926a6ef9880afe9ba114
4342,0.08123996400331161,2026-09-15 08:34:43.798885+01:00,ed7ae193a1189724e8625ac3e44c237450dc95d5c153785a4b4e8e2d990f0f46
4343,0.13421529716991562,2026-09-15 08:34:43.798885+01:00,100faaabb0468f89ce644584a15e274dacbc8b39731b8b7d20f33681e1396cf7
4344,0.061658388793369455,2026-09-15 08:34:43.798885+01:00,aa8816521f5a1a64e6ed199964def797336737849ea6c8829cec83bafa4796ff
4345,0.041449083524466294,2026-09-15 08:34:43.798885+01:00,7e1c76ea021cf16683688ff3973b40e31b654c7a729ed91f21c59cd693bd8a39
4346,0.06595668317086041,2026-09-15 08:34:43.798885+01:00,ad2ffc5aca5c316dc9b7c1b2259c0645cfeaaa4a0211314e6e36cd343a61e971
4347,0.08151386166321162,2026-09-15 08:34:43.798885+01:00,63ce7803d2ab2730444d12decf06474b464aa12d9a4dd80ca77220c3667c0559
4348,0.08267040005202003,2026-09-15 08:34:43.798885+01:00,3d2c7d5b0e103f52b130cc907b3a1a8a542bc0871af04a084ae0e801ebdb5bc2
4349,0.057746259524438924,2026-09-15 08:34:43.798885+01:00,8fbd5fbd03c6af9b35922e277e4683dc54e1a11df524b243b9d7a8888c20c629
4350,0.05845136212155275,2026-09-15 08:34:43.798885+01:00,63bf02ef60fe483f0c307ef49973fdecb26a8d83e2b6d0a27ddcd6802728c406
4351,0.12378508212166295,2026-09-15 08:34:43.798885+01:00,0cbd09217053448bf1be071bf3a12b53444f28cfd76dceabcdb615e5107c6d35
4352,0.16304614338370418,2026-09-15 08:34:43.798885+01:00,82a06bf6dfe19b713051a74deb99ee97b0453117fb4cffe586d6b6bb34eb9512
4353,0.048267474471486244,2026-09-15 08:34:43.798885+01:00,d4c08101a4e04493007dee1538e4094505b119c6c7c4056240068add6a69097f
4354,0.08845722593660535,2026-09-15 08:34:43.820652+01:00,f982d4bf06d32ca1b42116ba86767da4e3b53debf159e1cc3d0fe6d4a31d206b
4355,0.10871173504172212,2026-09-15 08:34:43.820652+01:00,4d982b9cc13e7982ecc146f8d8cad83b4cef42dfdd5f17458b7afde959000a28
4356,0.08021534001840928,2026-09-15 08:34:43.820652+01:00,7ceedbd5c2068fd73fdf44173fef61707e331451ccf5b66f9683661624657bc7
4357,0.02839853861948878,2026-09-15 08:34:43.820652+01:00,b16e775a051cbe5634f96c1ff6789bb767ce9f47fd0a84f2e834e9195f1cb7a2
4358,0.07031928103548747,2026-09-15 08:34:43.820652+01:00,ecfac01ca6a8442e8ebfdaded5f660f2dd2bed23ebe5175cda3a0e7bd8c32b78
4359,0.11806468178574818,2026-09-15 08:34:43.820652+01:00,58fe6563ddddbd723a889630f7fa06180bdbb2cf14b734c108963d78bc4f5fde
4360,0.08027852516987082,2026-09-15 08:34:43.820652+01:00,e8b27c84e6d8a244b65c63e8ca7b9af4ef706cfcc2cc13f1a142f3de63ce1681
4361,0.07441386981315601,2026-09-15 08:34:43.820652+01:00,d2ab12e370f6e0ab561a1c1506e39f4c628d4ee0017acffc4d9b623127f3051c
4362,0.06038565316532136,2026-09-15 08:34:43.820652+01:00,b77cab721a6d638700531ebb11fcd4d6f20f0d827f63601aee2e2e59d70f4fed
4363,0.10008684377513198,2026-09-15 08:34:43.820652+01:00,3e6fff2cc6811f9b364d13a19c89c204328051b2a0c1536d644a1bf32a3c5310
4364,0.16350048227878955,2026-09-15 08:34:43.820652+01:00,3aa4a5de8ec9d109c0de4e0f5fde0b0c36ae47d50b287f23465007cab24c046a
4365,0.0271678233602691,2026-09-15 08:34:43.820652+01:00,0c2a868d32c0e84dd8ffdaf8fd6e81f8f98e1f5b0d72620d7ad225278f6a3ad7
4366,0.07929512634772187,2026-09-15 08:34:43.825834+01:00,a42b475ee4afa5f9baac12c8f1e8e964ce0579b3dd542d0b25a146a3166d1380
4367,0.10290644180352136,2026-09-15 08:34:43.825834+01:00,beff81790115edc9b2c19860304201b0b70ba5dc7632c605d546e917f3857efc
4368,0.06689150375769215,2026-09-15 08:34:43.825834+01:00,1e574c08cf463a798ee543e6c3714fbf137991500ff3f96731856a8d5ac1175b
4369,0.13485910170955015,2026-09-15 08:34:43.825834+01:00,9850936f730c0661056edd6bb84c804799d55cb88f42585dd2b95e1a43769d05
4370,0.10885893528921378,2026-09-15 08:34:43.825834+01:00,c6eecab6293387fcc192beb41be7a9eaf2089869953eafc41e14aa85dfb3f5e3
4371,0.1387017980638205,2026-09-15 08:34:43.825834+01:00,e2c60ca078c4ff694dc63465dba3a1d9f69ec6998baea0b32dd23ce79e88a32a
4372,0.055154369467024865,2026-09-15 08:34:43.825834+01:00,4100bf541989fb6fa6df6d49b90551bfbf51a5cf10e8e9dc573b2361f69cce55
4373,0.030752717973233368,2026-09-15 08:34:43.825834+01:00,5bf0f60a1b5eff8f968da2e48d0408720f4557d7ef6000ea7142a9d9e6984b78
4374,0.09522341680005708,2026-09-15 08:34:43.825834+01:00,bc7105516d257e9aa73041d0314edfa31eaca79eaa439ea66de8068c27df1878
4375,0.09014336500607535,2026-09-15 08:34:43.825834+01:00,5e0eba1d7bbe44294539bec5aabe04c7c9c2be3fb86b561dd6fceed9644002c8
4376,0.09721322378208966,2026-09-15 08:34:43.825834+01:00,f43f7b5ed7e4fa19479df4465b54813456fcbbe02b15e0a77a98363b8192f38c
4377,0.06492878481511127,2026-09-15 08:34:43.844378+01:00,720ed8989c539082673c6bb8035170b63eac0f50a124e933b153720ab06e8d4c
4378,0.12707524148559945,2026-09-15 08:34:43.844378+01:00,c877c7e30db3adfc41a17f9d0721f5069522b51bd8bb52130f8e5fb7e446b0a1
4379,0.08335135072601423,2026-09-15 08:34:43.844378+01:00,16f0761dd568ee522796ad8584cacd58c513966399ee62d86664ee60a5df0442
4380,0.0928769180074435,2026-09-15 08:34:43.844378+01:00,5549a9d5a3ca0b2aab0df19f0a7ae395e9f6603fd017b8b40a2019d49179f7cd
4381,0.07925900005996332,2026-09-15 08:34:43.844378+01:00,55ec28bf16bfe749e28c6571c33ea94216fb54940af1ccecbe24b6b8712b1f25
4382,0.17584535541502674,2026-09-15 08:34:43.844378+01:00,4a28b730d072e67bc16f975cadbb73cc58b44b49e8f490f8855d2558f24421ee
4383,0.06634639610007588,2026-09-15 08:34:43.844378+01:00,06b1e66eff123a2ef3bbf57c786c4f6fe2abc0f7ecef9769938fc3fb3e1fd0ab
4384,0.015910564990391472,2026-09-15 08:34:43.844378+01:00,f94694ef880ccce1c94bc3d39144892ed9516bd4a586ef06e9ca83919eb95d1d
4385,0.09909264476309108,2026-09-15 08:34:43.844378+01:00,6b38a0cff137fd55d0c39d7216c4391246823fc720c5077e58c8efe7ae15e337
4386,0.07105610427173532,2026-09-15 08:34:43.844378+01:00,c4d71256649e00abbd1e702e359b4c15a5e7343d624d113d6514d46242345df3
4387,0.12425763936554766,2026-09-15 08:34:43.844378+01:00,4e19a5517324c56c5da1f1d2c5684d3df7fdaa5b64e7d2bd70afbc8b35d58deb
4388,0.13524147708476786,2026-09-15 08:34:43.848382+01:00,246dbfa7976d822155d80827a6fb0e6af970f15fae4fad7c2c48b35fc3480ffd
4389,0.16017186182803236,2026-09-15 08:34:43.848382+01:00,ddf38a76722a83b15531f18a3093dc0e74108e30e88ec48e6851dad41fb839f9
4390,0.20505451531824823,2026-09-15 08:34:43.848382+01:00,2b1dc59f0edc1c69682d1136c06c714d0e689af2d1a8d8747e2b5533e9e535ac
4391,0.09584152963571323,2026-09-15 08:34:43.848382+01:00,7f792a23c7629b2c636ac78af372c99bf23acf99f6a730fad909227d05332940
4392,0.12763332547653627,2026-09-15 08:34:43.848382+01:00,410af755e4da7d36c0c6529a3032721b032f1ff78753372cde4458cb70950fa6
4393,0.13802497597900054,2026-09-15 08:34:43.848382+01:00,6a88c0c9f121a4a0e594331da8ed8601d4e32bbad7376c6b6c7aa15f74652bbc
4394,0.13803231467770163,2026-09-15 08:34:43.848382+01:00,13232ef415723d770abfc35edcbf164d7ed10ee6767a79a970c47a422bd9a25e
4395,0.021852043822683343,2026-09-15 08:34:43.866542+01:00,aedbe2d31c4d9ec7c16376b59ed177455550e2fc07f68604699d75b75166eb90
4396,0.19719680252428218,2026-09-15 08:34:43.866542+01:00,5ad843c509c0428f19fa7bcb064bf75298ebe1e6be66d4a29f9ba935e23c07b8
4397,0.10722786282655848,2026-09-15 08:34:43.866542+01:00,e421f8dd4d1b2420550e330bbc46bffcdd31a2a4a1ef0b69fe6538f19ac48bcb
4398,0.12162688612564936,2026-09-15 08:34:43.866542+01:00,eb01305b94fa4349bfc987c485a7ce770c9f2211923f3dbaac899dd77af99b54
4399,0.14432084054090727,2026-09-15 08:34:43.866542+01:00,3766784ba1c2efa26880df30e9ff2a894b0163de9e72131cd3489573f643f07b
4400,0.38287291265591195,2026-09-15 08:34:43.866542+01:00,b2f3b43ecc013f4f2b3c40bd71de58d47fc852f61ea4031bf7839bce16720d96
4401,0.024902651504007334,2026-09-15 08:34:43.866542+01:00,9c28e39a83e76bf44162c9f697f47ae1581713af65ca3d7d044fd93510466553
4402,0.09207541701152613,2026-09-15 08:34:43.870661+01:00,8e5dba2c36ef8c7e666374845aa1d4f0bb78d9336c860731161aa9842d1ac53a
4403,0.14163630209781994,2026-09-15 08:34:43.870661+01:00,b67ef4145837ce266fb908c3e3f05903c93467659752dfa001e8acdd25b81f8b
4404,0.1136773046927957,2026-09-15 08:34:43.870661+01:00,d1d2582cec8296cb973805b36f71b1182b5e4675cebeaaa0432d73f587c5f721
4405,0.08158549981989215,2026-09-15 08:34:43.870661+01:00,04cb824b5f084a63ce2d4ee53c4db458900671f444adba8c819697bfddb2a1c5
4406,0.1977293273249575,2026-09-15 08:34:43.870661+01:00,7e0d99dcad2249ba8097a82ab565ef1f0d523172f2a0e08d25bd4f5731265241
4407,0.06042275863607113,2026-09-15 08:34:43.870661+01:00,5f503b4950f473272b0fd2af08031991cbb07191336c4088e93165be797ca1df
4408,0.20080567047735937,2026-09-15 08:34:43.870661+01:00,b76b35da2736bd7dfc3b6420d71b8c086d3c44051a8673b07ea6085a19440491
4409,0.11206771993957808,2026-09-15 08:34:43.870661+01:00,02cd06b929d6846ecd3e2c65c9db9eea422ca16480837944ff53eeb79dd6eaf7
4410,0.07168887137475155,2026-09-15 08:34:43.886861+01:00,40b37dda115df8c7ef7131e0445f4ef367022f24a298f05061216a2e3b1d36df
4411,0.11157335411407734,2026-09-15 08:34:43.886861+01:00,42a36aef94fa7dd38b80854a2eb4605ea62f7aef1cb8d9f391cbec4368421544
4412,0.1343529476734507,2026-09-15 08:34:43.886861+01:00,4290bd2bc3e2122dda1ed8401f986f5f40e427a0970bdf8808d54e4b8f07bd0c
4413,0.033504801400869526,2026-09-15 08:34:43.886861+01:00,fb68d788b4e73270d706aaa4be968da2d725712495a8053c9d7192d014b10138
4414,0.21050570443809616,2026-09-15 08:34:43.886861+01:00,1d05b858d2863fbc500750501a704f0fdb269ed97cbce11a9d69c5665ffb2020
4415,0.06040001661732932,2026-09-15 08:34:43.886861+01:00,a3a10c99847cf024858b0df03a441b1bb5cfe32c191cc1585c134a6f727d8e8e
4416,0.24150365068712795,2026-09-15 08:34:43.886861+01:00,d5f7aa0b7162a0d7ddb569b699f1df3acd9280407d10e4d902ffdc1c468deef8
4417,0.13647065369429742,2026-09-15 08:34:43.886861+01:00,00053c36a2b302c5fa6b406f7c924c9f2d6b9730d9c36c38f85b505b55e6e893
4418,0.1936868675501065,2026-09-15 08:34:43.890137+01:00,8dc6d4a580855b5e3dc895eba514f27502d27800b33d08fcfc50b8a0cbd48c4e
4419,0.06194038734128285,2026-09-15 08:34:43.890137+01:00,4c53ec9eefa87c4f8c87b3e04d0fefebaec6757547f741f6f98a3e7169215e2c
4420,0.26121976723413454,2026-09-15 08:34:43.890137+01:00,8910684f48714ff6a99bfc7e3c69b4e475ffa70eaf3a20ffe8cf5a093b106dac
4421,0.1532059744617438,2026-09-15 08:34:43.890137+01:00,efa0be028bb062b6265e5834d65c23ddb24845a5d315a17cae94bf2f2bfd7cfb
4422,0.08653426713994951,2026-09-15 08:34:43.890137+01:00,4cb781709b1d44816d322fb66a7c5492d544ad1ef06785cfc4497437b7e7ed30
4423,0.24341273627278281,2026-09-15 08:34:43.890137+01:00,6ef9d4a38052d008ddee4a1c73a7318c5edafe882005799634dc248e63fc72b6
4424,0.19298959464085208,2026-09-15 08:34:43.907124+01:00,deed4a8c037caea8fd896f9aef3e84a5f746c6a39231d95e6354ffa0e992a6b7
4425,0.14130011877142626,2026-09-15 08:34:43.907124+01:00,1a3f61ed99f41f551f03f6b74426632f60a019d8be12003e522e5c784e2c16fd
4426,0.22602687116231737,2026-09-15 08:34:43.907124+01:00,52901a1ddd95c536ef4af729c87f68fda25ead31da2f3caa18bc9888daebc3a4
4427,0.08138723196893005,2026-09-15 08:34:43.907124+01:00,c3eac1eb0670c37593655a8d85c32d9fa3b0f8bb4490f17621603c96095b9384
4428,0.07277106497969815,2026-09-15 08:34:43.907124+01:00,dd3b7474469ab605b3ab893e3e089de32afd6cc110e8c0d66d429769e38a4acc
4429,0.28552511847677614,2026-09-15 08:34:43.907124+01:00,b35043a1834904c879ce6ed2c74675e175f3b9967089dc8457b4cf9883bc15ed
4430,0.20732296812880352,2026-09-15 08:34:43.909923+01:00,8cb2017fc117fe22ad63590527a1584dbc1cdd0ea84ac28b2d36fff0c1fc2bba
4431,0.11362603117729457,2026-09-15 08:34:43.909923+01:00,5b4cd5bdd899d0a4808fa938935bc52b7c52dc769ef7ba88ea647114f1dde0fa
4432,0.04650161251251047,2026-09-15 08:34:43.909923+01:00,eaa8f6639344b4dd69cf3f7ad66f698fc7060b342d12dcf5a9e145015dca5cfc
4433,0.1176586253514685,2026-09-15 08:34:43.909923+01:00,edd05daa68c20f379a81db01d24dd2897b185e169c1c0698b71df1384c862b23
4434,0.15893898369500611,2026-09-15 08:34:43.909923+01:00,601b902ef71ba784f2efd275c5fc888e02483aff9e2b193cc3610bf5631a5e31
4435,0.11789362578640225,2026-09-15 08:34:43.909923+01:00,c781ae5d41ac67eef72de3f788d007246ab788c1a001525c453a61b2f45334dc
4436,0.11920082582973349,2026-09-15 08:34:43.909923+01:00,6f18986c3afcd533ecfc980fca1e9b5ce32b0d7c7baf1e586069e3d36e32e317
4437,0.11885732751878106,2026-09-15 08:34:43.909923+01:00,d5450cf5ed74e804380be759f41cfcb69c18203585efb6d28fa2346eb4152d58
4438,0.1600564164597868,2026-09-15 08:34:43.926514+01:00,cca4061ad10e816336e09901c530e6229b60e3ec566ccf4c2f174d57e4941dc8
4439,0.028569219173564885,2026-09-15 08:34:43.926514+01:00,20f10844885e613da2ea5530703ab0d90e890230310dcfd2eaa7f1f2ead2a306
4440,0.013020760622088826,2026-09-15 08:34:43.926514+01:00,ff99a00d8a1aae29c47d848dad3bc4d71513be1706fad9cb49db51e8d97957b9
4441,0.26804087389643966,2026-09-15 08:34:43.926514+01:00,a301d8104356ef3c05808ecc732e0bc161cc4897821313ce3d9856f565117a8b
4442,0.23188014351855496,2026-09-15 08:34:43.926514+01:00,973c90287c7c894f6c8bae108a7e6af6a3cadd21251c635175fd8c633eff55fc
4443,0.10710485801376944,2026-09-15 08:34:43.926514+01:00,5f8a46566ca14807cf8fbc5b5c02f7bb66d1b64e4a8ec41c895f1e724db8552c
4444,0.16012205655795644,2026-09-15 08:34:43.926514+01:00,b9a00284332502811d7087068362e8ef659ea8e156e30b04ba4371fcf79bf56f
4445,0.031205671757839105,2026-09-15 08:34:43.926514+01:00,1b33b00715db4f51b57cb39775efcad31fb65bb0ccef5689bca42f58b4431622
4446,0.1309000258714951,2026-09-15 08:34:43.929658+01:00,31c01bd8d8d51c2cca62c27a7060987472d66bbffa7d1fcfe351109e5b166c2e
4447,0.3199640986291134,2026-09-15 08:34:43.929658+01:00,9624bd25d612d07a43d1bc4a9899b20847961e2e99904b0c7fdda40275a4ac2f
4448,0.12904964121033638,2026-09-15 08:34:43.929658+01:00,2327629721e991d782ebeb4781c1470bcff9bfb99f330ebec0bd576206d238f9
4449,0.1266524959219199,2026-09-15 08:34:43.929658+01:00,2016b2197615986e2a2e37ab8fa66248e4e7c0cbb9f511e866dad7f23825eb9c
4450,0.12796787327655018,2026-09-15 08:34:43.929658+01:00,4d4cbb89899671389e315b152b7bcf5bc0d206e414c378050e215ceba9122658
4451,0.09146663829159475,2026-09-15 08:34:43.929658+01:00,381e92ac2dd5b58d7af3a18c36ab53a02661c0590868c710d1ce606d754f711a
4452,0.07399922679899035,2026-09-15 08:34:43.929658+01:00,794c80a75a8a8cdfe5c844ecf3933225f9735a7404c1064442183238704a1cf1
4453,0.2518682574278919,2026-09-15 08:34:43.948493+01:00,d969ecc863b74c5276947074cb10f69c919a46a1f8a4d93c71669cf7d9fcc8e7
4454,0.3026281821522947,2026-09-15 08:34:43.948493+01:00,e0f2a029d21525878c0b9b1fcf84c98c48a2053642ce671470b635f3575405b0
4455,0.13647495814415705,2026-09-15 08:34:43.948493+01:00,b90bd576a15e778ca15aba7291e2c4dacc46aa03f8f8e69dab1a546530615e2a
4456,0.10062301371931863,2026-09-15 08:34:43.948493+01:00,3ba3ecf437395b64e096a115a4c8b8ce8406dd3b1d30ceae3515d4a93102ca8a
4457,0.11721514757755053,2026-09-15 08:34:43.948493+01:00,819b6a11428836a8aae785fcf8a1d1186b0e138f8a95c7fd6386950492b892fb
4458,0.03004662161490779,2026-09-15 08:34:43.948493+01:00,ec79e57c9f373af9a9bdc9848af57dd12ef1b24cd5c3d4c6ad22eb52a04922ad
4459,0.06114381936387941,2026-09-15 08:34:43.948493+01:00,57ef8bcc2ba6c91a390ed1c9ce76184a4e74c129701f6b4d855e44ab747df7ca
4460,0.09405500741019683,2026-09-15 08:34:43.952138+01:00,92b9d3a52f693e1d664541c7e3fa402df79cbdcd193a875b7231748f34e74465
4461,0.1086392966591596,2026-09-15 08:34:43.952138+01:00,91b8a60c77753960d361833b811484a139608bb31345a1efacfe16996aa63360
4462,0.15772649162104713,2026-09-15 08:34:43.952138+01:00,61d7fec40cd9c129faf4cf659597d5920a90c080b3579e801e8217c6e8746280
4463,0.10723507374113421,2026-09-15 08:34:43.952138+01:00,caaae2c57f2da001385af36c55b09449e40cb3e5b5e2d8775e07affeab90921c
4464,0.10453039878744433,2026-09-15 08:34:43.952138+01:00,71ac28121eec965aa3b0a79ee56fce9af693050ec779b0a45da8c987f278f978
4465,0.10453406558631796,2026-09-15 08:34:43.952138+01:00,c7a9e48f85a2b982c27ea1ddf38034703b695dee18bd7836424743b01082fbfb
4466,0.11720434437244914,2026-09-15 08:34:43.952138+01:00,eb8548adee88bcdc3e586a064edfa18bf254941bdc2229bb67e7a59ebbbd12b5
4467,0.10586188763952042,2026-09-15 08:34:43.952138+01:00,8a12b3215cb1e8ffd6a69222ef2a6f9116fa01fab4f9cdc21f4108c293c78138
4468,0.10021343418273038,2026-09-15 08:34:43.952138+01:00,62bcdff5ea457df40017a65d0a26fb7b3d671922792767f877f4f0a147601d17
4469,0.0719881143271491,2026-09-15 08:34:43.971591+01:00,4740e6b65d0ee44aac14b5f81fa7c504d4122401a5b563da13b75d9f85add922
4470,0.1280191467784153,2026-09-15 08:34:43.971591+01:00,0372b377d995bc2efdf3f9f25fc8095f0c5ec2a07ebfd89726b117c2008bdb90
4471,0.2726299894058754,2026-09-15 08:34:43.971591+01:00,787413bb9a2873e5c402a94302f56648de77eb88547a7fbf062de8ae7f46250b
4472,0.05950055995238712,2026-09-15 08:34:43.971591+01:00,0218749db6a75018a6a344be208c7a6c5364c5c637f4aebda7329f5ada9ee151
4473,0.09561291045872654,2026-09-15 08:34:43.971591+01:00,da63072f64a3370f7a2593d8f49942f3b8931b0119d65f3d2630931fa427e931
4474,0.05250805391655931,2026-09-15 08:34:43.971591+01:00,ddcf5dce45d46bc0f0b6b24950c746af90303eaff5faaf4f2f28901a567b804c
4475,0.14574881820867525,2026-09-15 08:34:43.971591+01:00,95b84263665777a1864516cc3d114fe1dcbbacf38bf990b1822e210ecd79e373
4476,0.045568315709475296,2026-09-15 08:34:43.971591+01:00,caa9b3fa51a0271c8e8668591e0ffcd2b58c97db45a0a1b340e27fc94c187b35
4477,0.12842409124273677,2026-09-15 08:34:43.971591+01:00,627cc0b01ca8245662cdd6a9446314568e4a6697a4bb9b4413a8ecb43334f70b
4478,0.12224811491854075,2026-09-15 08:34:43.975166+01:00,e6be82db2fc0378e5cd02f409d199b3b4d453a615b819be765bada0c17d635df
4479,0.09675417320904155,2026-09-15 08:34:43.975166+01:00,ddac279f3f09a41e7b2fe92cbd952a26d18de27372a871b7df282495f76f5dfc
4480,0.21896765943140287,2026-09-15 08:34:43.975166+01:00,63c972b2a49f0b406f3ef4a84f67363f3a83a65663a0250eb33b925145893c30
4481,0.05829794652389519,2026-09-15 08:34:43.975166+01:00,918d4398e45e41c9661d38bc0d52c3b0933261ff9bbff06d7878cf34a79a3fc4
4482,0.059322367879546666,2026-09-15 08:34:43.975166+01:00,57c37aa8df4e61509832e2610be4e6cf37219351c16f2db6ef5d23bfaf8085ed
4483,0.04356576546701077,2026-09-15 08:34:43.975166+01:00,df2f4a39a9fede589f2674dd0cdc0a3c7821a0ed6a4613927c86824300c137eb
4484,0.05341846985453859,2026-09-15 08:34:43.975166+01:00,7423a78003ff53600bb4a3096425da6ddcc5e9aec61854542851d82fc3eb3d28
4485,0.1438784215737686,2026-09-15 08:34:43.975166+01:00,bde5ee5537ef6de410bdc30e745eafa8b3a40ae81646f95abb41181d231b5abd
4486,0.07803031090417624,2026-09-15 08:34:43.975166+01:00,ccb812228c61f8dc474ded2db6b64f4ff768dc100190b207893e59a4e9a0a307
4487,0.12551677023807872,2026-09-15 08:34:43.975166+01:00,e4da0dea8fcb3235ebdb3f7a36d9fd73047658aa684c795e1315f8c27a2c44f9
4488,0.17841939083712538,2026-09-15 08:34:43.993676+01:00,51259fb17e11dc0473c3d604c381e76b1c91a3ee1781b45d829b154be89acc6a
4489,0.0808580838009955,2026-09-15 08:34:43.993676+01:00,ae5591620949ac4de29d1a7b3bbb95498d06ac601733d035bffc63b95eb2498d
4490,0.32979514199686405,2026-09-15 08:34:43.993676+01:00,1790786847b4b344caa2230ea1e97ee140da37b2416a45736be2da4078d91aa3
4491,0.03437736057246512,2026-09-15 08:34:43.993676+01:00,d618fb9d82fa19558325db6b5efae8e607485b6a0b34557af33add4f9a1fb2eb
4492,0.03204465238874574,2026-09-15 08:34:43.993676+01:00,e8913dd316e9ab5a392472e0223bf3546077f82db72360c894101824b0858e17
4493,0.008285268027569277,2026-09-15 08:34:43.993676+01:00,2615e3f49cde53827a64108ff781f77209092cab4600c35b0a41bc53101b43a0
4494,0.0513823398181667,2026-09-15 08:34:43.993676+01:00,b0150e1c35ba93cb2358c00898655cb5f635310ef99f51230f45529debad4bd3
4495,0.14828760046418885,2026-09-15 08:34:43.993676+01:00,9d36252b94203ca716d0298513226875fdc16ee7844e937fed3795c8dc3580ec
4496,0.08812717653901322,2026-09-15 08:34:43.993676+01:00,1182f13e5339d1af5f66a66d6b844e754740b61c9f26ad5201fe6b1aadb2c11b
4497,0.04842298555486614,2026-09-15 08:34:43.993676+01:00,3968af2205a5ce734a4a8125c9b8ce6bf777f17dcff882f5be0fce955fd5b1da
4498,0.0678085373860742,2026-09-15 08:34:43.997540+01:00,95ba1292f05da65e0f7a9be369c58d9cba719be81553fa576a1a0de47f2aa8e1
4499,0.03670985086664299,2026-09-15 08:34:43.997540+01:00,c7b9bab8473f4d9acc94fc3d80c3209fbc6af6260a317279b63a553e509f4291
4500,0.04518505885664746,2026-09-15 08:34:43.997540+01:00,1f8e65ab08722bbe4eb80b02c9061b10aef41c48baffa0f0aa244ab847273571
4501,0.0739230556792751,2026-09-15 08:34:43.997540+01:00,ef6fd3835f88570ba8f784389be9075c13bcf3209844e7e31e0846e4e86248b8
4502,0.1644287188094606,2026-09-15 08:34:43.997540+01:00,937339da7405167a978e39d341befa0eb0335b03b87f15fafae2acc1d441dd93
4503,0.11682485053023524,2026-09-15 08:34:43.997540+01:00,380c82c3df9e36406a1c283923ec2e0a858d85d80aaba922790aef74583464f6
4504,0.10307841521197819,2026-09-15 08:34:43.997540+01:00,b138f0dd761dd81687b7cfa0541ac73f85b1b12e464537b6b8ba5d671c6b7dc9
4505,0.12878749461922895,2026-09-15 08:34:43.997540+01:00,17bb87ad31eb9892f1bb878bc7ab02fc9219efc335644ceac3d154270a032ce4
4506,0.06607625125656567,2026-09-15 08:34:43.997540+01:00,693b3f27d33c1e95ad1791c075d07bb25d1440ed8d4600ebe4e4ecf484f7a1dc
4507,0.07665912196724724,2026-09-15 08:34:43.997540+01:00,ff40f63d3ea985ba9896faa1392a1b5150e21b00433ffa70eb0c427e2bff192b
4508,0.08532538052186137,2026-09-15 08:34:43.997540+01:00,cad4865acde2518510582e5a757cba0ec2b3f8d53d010283bb8bec379d02d952
4509,0.03519326429478292,2026-09-15 08:34:43.997540+01:00,e7953b6680f28ab65d0c59e61c173e16022cd47d91fabf3b73cff85f1bb456d1
4510,0.0705919785032646,2026-09-15 08:34:44.015178+01:00,572f432fdf4a69c40c19d6c0c5fc8bbe89b320cf6cdff57c253a6cc8ac7569fe
4511,0.011369338588363816,2026-09-15 08:34:44.015178+01:00,148e48e1a17f4c44dcd9063823510f19268f230029e54e96bd6c0511114bd03d
4512,0.03368833162268426,2026-09-15 08:34:44.015178+01:00,d379b7f176313d1d73d38e05af98780c0ec888d0768524dd96ddd8967c6fe562
4513,0.09175612488878464,2026-09-15 08:34:44.015178+01:00,4f728c21e34482278a2d33ba32fb13e8a09f477143e01964053d9a2a9ed7045d
4514,0.17627897303070833,2026-09-15 08:34:44.015178+01:00,0b994867a62c981cdbfb5819c08295bcae0eab87fdd9801a8928d2d7fe477728
4515,0.08398634510684169,2026-09-15 08:34:44.015178+01:00,d43d6fc58fb65caf736297b50d2c4859f0f79da0bf12c1697fbf33ba2b84ff06
4516,0.09017697527461802,2026-09-15 08:34:44.015178+01:00,568645729a05f5f7e8a9e21e8d943672dde4344ce47ef73d3a446d956e241104
4517,0.13901825558240719,2026-09-15 08:34:44.015178+01:00,cf286ccf9faaec4bd2496e4c60defd8a19f908891713f6004cf046e481a57162
4518,0.056224594997462005,2026-09-15 08:34:44.015178+01:00,7ce66989a13b4a13b537b5419e0bc9b0de11747e49ec6d77525a192a80dde7d7
4519,0.0835291941585155,2026-09-15 08:34:44.015178+01:00,5066d13373f3f212f89457e412a791c5e34273b24e185ed466fcb923d793c0b3
4520,0.14883571328782574,2026-09-15 08:34:44.015178+01:00,feb7f57acfa052ceb447758e9334f2056eb7ff80e5eb88f507bcdf88ac129cc8
4521,0.014544174958523962,2026-09-15 08:34:44.015178+01:00,6553e32cc648b580404f6862b2fdcc0a2fdfd770230302de06fb22d594f62303
4522,0.06766052812142843,2026-09-15 08:34:44.019029+01:00,9a2d5a8e264831971c4fa5f0b41ae097499050ba864010e458fcedb909596857
4523,0.0872911527262687,2026-09-15 08:34:44.019029+01:00,42a3b522bf9288095d5e7450fce0646b9e090b79a8818f40267f4e128edb725b
4524,0.06587464837305121,2026-09-15 08:34:44.019029+01:00,8adc15a61b7a55099670651fad411e09fef7e37bc3b27a494a38ff106aae5351
4525,0.1778815721532892,2026-09-15 08:34:44.019029+01:00,717c2976ef03f730154db019ae6459c6db0c44ac93bfed04c7ceab0a5be28f31
4526,0.07027499084112941,2026-09-15 08:34:44.019029+01:00,50a3f9c312d65d38d2824b230a8275c5af392e66b6c838cec635d15e71b1c2a2
4527,0.07367171189476489,2026-09-15 08:34:44.019029+01:00,d7bea837199ecfe8c0f7484684a3ecbee9e0c16cda5dab387f73af8970dbdb69
4528,0.04249750279877409,2026-09-15 08:34:44.019029+01:00,2fc219d4d7726c1e6b456dd7c217003fd89d0cf676d301d84ccfeafb8dd9bf48
4529,0.1088901512366428,2026-09-15 08:34:44.019029+01:00,20a9453dcced11a8d56991be3f22a6d004f244976092519976d3f89b553b99ca
4530,0.07042007131962104,2026-09-15 08:34:44.019029+01:00,5b980f1eb73da71d9feabdfb7539f5162aa1cdaa444cc654587c1035c907c178
4531,0.07100152387394455,2026-09-15 08:34:44.019029+01:00,08b57fd0f4fb6fae3c40806da58d2f653cf66e1b19c275bac080c2b3f44d574e
4532,0.05424958835524871,2026-09-15 08:34:44.019029+01:00,c4f85ebe245bf16369577aaae9d6f63c4ce033600519a91ae8c0b95abed3b0de
4533,0.02654146747366368,2026-09-15 08:34:44.019029+01:00,eb4202b6ee56ae18afbcba792593b74a0a2028c406ed66e8d4de8243d279e40a
4534,0.08374509083217327,2026-09-15 08:34:44.019029+01:00,8fef07cdf03b4b8e6d7299a43c55403babc30cc9957af01011353b42dd2cee69
4535,0.05099533855758445,2026-09-15 08:34:44.038065+01:00,8d5e9a7147078750e0faea319d7dd3e69c8d5bed76989cafccbb143a2d7ce05d
4536,0.16210193025015818,2026-09-15 08:34:44.038065+01:00,de5481c85f1892b552aa9656034fff9a0b66c40c59612e7068267f05a55e6d3c
4537,0.04913251605372274,2026-09-15 08:34:44.038065+01:00,048d4063b621c7f8777c50e4b7074043171d2fa8832fb790b31cd35a59948277
4538,0.08919384427832656,2026-09-15 08:34:44.038065+01:00,a286d13c9d53f3b1ca49c3bf53d538e3eca1f107e588829292ce4b9cb2e3a0bb
4539,0.06497757996052195,2026-09-15 08:34:44.038065+01:00,8323497b9e9a83def140124f71e0be838fa13a23debe95a0a1357ab37112ae1c
4540,0.14780076887038532,2026-09-15 08:34:44.038065+01:00,680e06ed73b278cf9dc9863329860ef1a13179ab6802c2e36d1f3afbe5f597d3
4541,0.011566665361199147,2026-09-15 08:34:44.038065+01:00,3052f889eb37c0d900675e7b47ada9678f871409da9d8bcaee6c8b308f736679
4542,0.1220591646687315,2026-09-15 08:34:44.038065+01:00,2b7d153884ace6b1cee7d79dbccac1ecaa03db3348217fadecd349f951f7aa9b
4543,0.046402202833209776,2026-09-15 08:34:44.038065+01:00,e2345930c59592a64400839619e1a122069e435942c699b50e9408c6d04b050e
4544,0.08880502107289381,2026-09-15 08:34:44.038065+01:00,cef8490c70dd0cb84863425d8da8635d245f03438e6a1cd18ffda16d2f8d7f59
4545,0.050998926084811366,2026-09-15 08:34:44.038065+01:00,6e6295568a4b66c3c6de80a3e03c2e3e9de467c1f6b15a68ddc8b086ea9f65a4
4546,0.024399097388415645,2026-09-15 08:34:44.038065+01:00,3da6eb3af7bddbd19af062398e973220ba9ff4e2490f6fd46d5f14c0f70aef09
4547,0.0915669446200396,2026-09-15 08:34:44.038065+01:00,eeee5b647d5f9a6c9c0cc48f53e2e55efbaf8c68c8587389886843b1a5c8c046
4548,0.1169373554005694,2026-09-15 08:34:44.042259+01:00,9692e73f9c0d8d956438fce7e5ff8cdc1d1717a8d07528cc5b5b5ec7b57f66ce
4549,0.07249718033345866,2026-09-15 08:34:44.042259+01:00,47c4f04fa3589ea1bdb3f2f95d5ceedbb23cf68a014c7a437efa7250a1bee72b
4550,0.04602688175477685,2026-09-15 08:34:44.042259+01:00,82b7c4bcd31e6209b6d0a6bbd41b9eccaac442c5de60aad01e1c3b7bb3451cc9
4551,0.06802713843902128,2026-09-15 08:34:44.042259+01:00,0714bd861ae7f9f4fc2f7d7ed41cf4028ebd545e778565d5efb17fc36b469778
4552,0.051247967947014035,2026-09-15 08:34:44.042259+01:00,6479a24158466939b4c82b1e0ed1b4fd1e1ea5d959d1ffd7c88377024e08803e
4553,0.09523373473194506,2026-09-15 08:34:44.042259+01:00,dba8a89046d035084109cb4d998ece27a8e0f1fc394fccde620c3f50d4a72042
4554,0.1321884704387335,2026-09-15 08:34:44.042259+01:00,61e673705a997a3b2756156b3bda2660b026f6bf37996c1649e4480560b9aba2
4555,0.07618173680357775,2026-09-15 08:34:44.042259+01:00,9052c748a9848cbe28d832a132454f759b4fe6b2cd359f66c0a44d9149c6910c
4556,0.055845171421323066,2026-09-15 08:34:44.042259+01:00,506081a113877a288f96974aeb477802bb42e3c58da89acdfb7a7243c056a3e3
4557,0.09704091910336746,2026-09-15 08:34:44.042259+01:00,c4176c90e3bcd94462c8e587a35a345fc91c1f0b2c96794c20a006451ccc3934
4558,0.09590688798796446,2026-09-15 08:34:44.042259+01:00,32feec4594bcbfd6f36a4c8f3a431225af1e09fe6c1b34b85ec0c37714fd27bd
4559,0.09286655563824857,2026-09-15 08:34:44.042259+01:00,4542947e06b8b47824e90af08b4b3b2cb5ae8e016bbd430a3d2b16623f64f012
4560,0.19417560943476514,2026-09-15 08:34:44.061214+01:00,9efbe11229bb68f9b6332248bc0d360ef9b61aabeb5ff5b119bff2762ac2414d
4561,0.05764906800592566,2026-09-15 08:34:44.061214+01:00,495e10cebcbe3abba14d1a7c60d1cfa3de1fa7a065b70db5b49fa70b85cbb562
4562,0.042314672230069246,2026-09-15 08:34:44.061214+01:00,c4591032a6834f2916d209f8e7560b0797b829e08adb02e889d9d0b07bf96a62
4563,0.04364701479799765,2026-09-15 08:34:44.061214+01:00,dc1a6e1114c1afc72d87fc8b796042045840dbd22662605cb298fe3cba8467f7
4564,0.0497162452386051,2026-09-15 08:34:44.061214+01:00,ac7754d2d81c47d99d76c88607bd5b4bbea31f69160bb5dcb10bfc9bd6e36a7f
4565,0.07802560738325894,2026-09-15 08:34:44.061214+01:00,0e2b1870ff332fc0dcf700348e1550a12aebcca9c0a6c9a33294d09c960fbb30
4566,0.08614832034809754,2026-09-15 08:34:44.061214+01:00,d57298e960d8232d672a68b8a4020d322e77dd7b6c127fafaaa068c76e57b8bc
4567,0.09200921626714527,2026-09-15 08:34:44.061214+01:00,8b8a46d018b42fe5fb91cbc89bce3e052a77b12eaacb5182bf8dc15dc96d3975
4568,0.03116201002192723,2026-09-15 08:34:44.061214+01:00,0071c64a3c9dfe278a9e5917be0d2976058953ead89e61ac289a8f09c224fe80
4569,0.13669679157437178,2026-09-15 08:34:44.061214+01:00,8f60694e0fe92961383a1781391f599946d56241ecacabb3e4f60298e4c14f14
4570,0.09613741688481667,2026-09-15 08:34:44.061214+01:00,6ee71b3a44e9853e521469b6cc943e1d7e630d07695dcaf6ae0baf8883ae4024
4571,0.0923180278130198,2026-09-15 08:34:44.061214+01:00,b141a1332782b9757f54c2df82a5efa2561ce04f4d07ca6ee67c6a14a3cdd804
4572,0.11587097854287708,2026-09-15 08:34:44.065912+01:00,b1a6bda2492e5742017299e50d1a209ed1a390a5ef165c1fc2d1fd4239acba03
4573,0.08054405437408518,2026-09-15 08:34:44.065912+01:00,58853901905acb76a266b3a43569c00b6fff9f504657b0aa6898b979e4f466b1
4574,0.05188738272800431,2026-09-15 08:34:44.065912+01:00,38d285a671d597c21adc4236e2d59996ebc37a0ee8ce1e457632629303c5c7f5
4575,0.21848264619798158,2026-09-15 08:34:44.065912+01:00,8524540a9e1d5125a62ea1642bbb3e53a663f61e04cafd7895fe6713b2aeced1
4576,0.041745036878491106,2026-09-15 08:34:44.065912+01:00,8b48782bb23a747c451f6d007a4c82d83c6902f527f5214293dd2ea58b3f38bc
4577,0.07257395881627327,2026-09-15 08:34:44.065912+01:00,4b50700eb611406d4f2906e5aa9afabd699f8d5852bdd5b40585aaf800853cab
4578,0.025210828895956782,2026-09-15 08:34:44.065912+01:00,9e41be7f0b427c1de238e0d9bf04501b11b4efe0728d9f5db278ae67a23c18f9
4579,0.0451223818905239,2026-09-15 08:34:44.065912+01:00,27512c75a1ee4f7930d557a511c97651fc4c1491afd276eace6b7b6e4771633e
4580,0.06364762761667632,2026-09-15 08:34:44.065912+01:00,5d659bd72c050c2384ec310ae1d8bc04121b375f2875b96ef22a9253e9b8d1ed
4581,0.09983602860361895,2026-09-15 08:34:44.065912+01:00,228f109e36a946845fdfd77cedb96bbb2f714947ea2b88e9fef68d3919c98345
4582,0.04888036823543912,2026-09-15 08:34:44.065912+01:00,389a6132c009b7ddeb0f2bcf570de9683b90022119432067a02b63299f391c30
4583,0.099792175614696,2026-09-15 08:34:44.065912+01:00,52f01ea6e935d2dfb6cd836a52dc461161b9f6e42bc0af012011d09b3ae9b509
4584,0.03640653160537667,2026-09-15 08:34:44.065912+01:00,61c6de14d005364e088a9baf381bc2a2bb95067712690d87dbc773d949c35c75
4585,0.08366614047692103,2026-09-15 08:34:44.085562+01:00,a752930d7878547dc48cc384bba10538a86aa52d024f467ab7b1b3af3a11530a
4586,0.06764781916386355,2026-09-15 08:34:44.085562+01:00,4aa5aed759f90d9175c9875f9bc25bb98ebf2e3c4e3d87a82332230872eeb245
4587,0.057841331357158604,2026-09-15 08:34:44.085562+01:00,9c8d0beb6a6f7b6b8071f54788dd79b0f652279011cbcc46072d1fec5d37adb8
4588,0.29561720596152313,2026-09-15 08:34:44.085562+01:00,03dd86c5d9b1fd3e69b91bd7f49546a0422a1aa0365baa15defeaa29088b69f6
4589,0.04058928689096192,2026-09-15 08:34:44.085562+01:00,7d10de54902f7e1be96023035fb482facfa14524186bbc1a9923964e841bff6b
4590,0.07238905500936399,2026-09-15 08:34:44.085562+01:00,ab9e2b880181593e200a084f6f211d459f1baff3ea1704afe78f84798064b536
4591,0.02276167352117797,2026-09-15 08:34:44.085562+01:00,2e301fd006b6c27687e4c7f30e53e7845075c4075b485cc5d7e68d2abe351871
4592,0.032567455110360535,2026-09-15 08:34:44.085562+01:00,7740550adaf07b36db0acf47b1ff08e0e94deab1ac3a9ea09a4a9f8a979d6b1d
4593,0.06287142029981047,2026-09-15 08:34:44.085562+01:00,fedae41fc4f929efd9204855f20c3939414a942b0e5a674bb4fdeba9372a462f
4594,0.13286008987572445,2026-09-15 08:34:44.085562+01:00,8a44e75b09835c9f54b8437cea82c2b7a694946bab769e8cdf8342d878dd4598
4595,0.0340647550151895,2026-09-15 08:34:44.085562+01:00,a3932ef30243cd2bb7423f2b49383b0e2d62af70d164f50922d94efa86fcde49
4596,0.07368716631480514,2026-09-15 08:34:44.085562+01:00,7cc24c334a474c9043e520abc5d2cd02451b05676775a6aa5a7daba1a2c0cd99
4597,0.023436601003139608,2026-09-15 08:34:44.085562+01:00,ad0f48c1b5950b763e1ea4c6f0d4473801ca100524e8d1c83649da2645bbdfb7
4598,0.07449050196273296,2026-09-15 08:34:44.089783+01:00,60e46eabd6cb6b6e9a613221b1d98b7c9ddb55da0da40f04e5c6538c3db416ed
4599,0.0702411200693629,2026-09-15 08:34:44.089783+01:00,956bb8555f44e61b87a12b6a4e04ea6ab10017c0b8de63db6495e08da6b22ef1
4600,0.12540324315951643,2026-09-15 08:34:44.089783+01:00,97d5e736d447c2584f29cbd2c124720823f033bbf8465018dce2fd761dd4ffaf
4601,0.08926506829888317,2026-09-15 08:34:44.089783+01:00,81052664fe3b971d21582601de3f158f9def542a82c67abae329649c42956a66
4602,0.04637084169174397,2026-09-15 08:34:44.089783+01:00,ff19de5b8c134bae4660387cfce2cdfe6d79119cbdd2c6079576d5877c9acec4
4603,0.14621805445473712,2026-09-15 08:34:44.089783+01:00,081d6de4d26f0a562ede319e6c95b7d3ac7c45c38ca0f790568c22205d7a690c
4604,0.11670379386860756,2026-09-15 08:34:44.089783+01:00,25b707c5f3c31182d344eff8942f8b6cc8654e708f2d3d929b623190656325d1
4605,0.046659693123799424,2026-09-15 08:34:44.089783+01:00,292f6e237e30c2178620ee2967c566cde06c86d32b5910846ffabfc76deddba3
4606,0.08837200925346793,2026-09-15 08:34:44.089783+01:00,afddbecfe8d266de71d68d23832bf6e85883732dfd8e622fc9f8462bc3be9962
4607,0.07566007783300085,2026-09-15 08:34:44.089783+01:00,bdf80ff5e71b6008b102f13ac5ea9e59e5da4c90a7f1952594facf4a1ad51d3d
4608,0.05685230181018075,2026-09-15 08:34:44.089783+01:00,9ffe4f6209f600bba2e58b6ad45f4384fecfdb74653f90a75fbf6153f536235d
4609,0.06376329447396699,2026-09-15 08:34:44.089783+01:00,7aea3ae01ea3b07b2b647111f423c8b064ee66d3a48c13cfeb304c2c5eaf49d0
4610,0.14713594837573266,2026-09-15 08:34:44.107518+01:00,d78b49c5315bc3232a91466bdffbce39f3a436df1fe1d17327edc8e2f3c17004
4611,0.06902781529466177,2026-09-15 08:34:44.107518+01:00,1244cee3acbe712b82ec11ede2eee57807617ac965deaa0fbc835d2c5f01bfa1
4612,0.1030261239722678,2026-09-15 08:34:44.107518+01:00,478e6f5c6b4a98e6f71e100e35d85c3a47907c9ee74c83b36f9f4cfdf50c3ec2
4613,0.07485488246701105,2026-09-15 08:34:44.107518+01:00,8caed07f2dcc29004a6fd530fe29b57114419e0ffce9eb3aeb43efad1ceb9701
4614,0.06038529489108976,2026-09-15 08:34:44.107518+01:00,4787f585b1dbd88daefd9c67f79b8d56de42cc63ccd69eeea890bf1c2c34d3d5
4615,0.12941543400382743,2026-09-15 08:34:44.107518+01:00,e24d735c0b3818efce747950a745bfea362f0a4d143b7d55d9e03da836046707
4616,0.1046498289524126,2026-09-15 08:34:44.107518+01:00,f873ebc6ca55e77f0a0fae6e22bddd60f0c5dc44353fd7eecfcb887c4538db17
4617,0.04479038873204449,2026-09-15 08:34:44.107518+01:00,84548fff3a19f111e17900f8f3c116dc088580a0f2a083ec61c52fbdbaa9d69d
4618,0.09365292711750309,2026-09-15 08:34:44.107518+01:00,b2cd8ecd8df50da2d574cfdf1f2c2a17b2050b72b3bf90b75b23cfb47f907bde
4619,0.05461641668255924,2026-09-15 08:34:44.107518+01:00,12a7bd54dc014ec364ff0d9f114a51f52f4686f5243623bc270bbcf34cbdbf4b
4620,0.06227879422578145,2026-09-15 08:34:44.107518+01:00,c6cc05fe67cab765c5d4bb50a952b247a46b5b02862cb51b26491dfb4737323b
4621,0.05616614528510861,2026-09-15 08:34:44.107518+01:00,df9d0936bdd927c2bf86ce9582e6ead3b251c4fc3d27a622def6ec458514fe13
4622,0.05072652893924813,2026-09-15 08:34:44.111466+01:00,4d0e5ca39c03d20ec3647110c3982d5554f82ece8a68a6956f7a8b6b333f832a
4623,0.045804612771670555,2026-09-15 08:34:44.111466+01:00,5e8979c6e0f250c9d25614532f89a74283f9cd699ed52b9749cc49908ee73108
4624,0.12649489812714196,2026-09-15 08:34:44.111466+01:00,f5c7d3c09ad6484c279d58af3df54f2e5fea9d86a73ad5d2924eaf79e4fdfef2
4625,0.13656559772932245,2026-09-15 08:34:44.111466+01:00,e31418a613ba4ecdc8f4d32166b69e284980418fcf27e62ea0288774f14f21b9
4626,0.18812700052743447,2026-09-15 08:34:44.111466+01:00,870bfe0041346c2769ba3b137d189d8c7b0253e7990332ab8c1a45c537efce4c
4627,0.2716671593780773,2026-09-15 08:34:44.111466+01:00,4d975726b8d38681705379357b684635fadb09878840e5a639cc8e728962f714
4628,0.024172282153470784,2026-09-15 08:34:44.111466+01:00,fc6f254f53b61a51daaefcb43afb8f0bd6b9350c9a00837b9fd228ebed999e60
4629,0.1564419203736342,2026-09-15 08:34:44.111466+01:00,76656ca23dd188c8d710306977a0b059eb59eaf1b68bf8961a3d7c070cec09c6
4630,0.056831624014112,2026-09-15 08:34:44.129720+01:00,b3a1c3dc681a5cbd113e5cdb916027379a695667f3c07260563b182c32ce79b5
4631,0.07400240708279245,2026-09-15 08:34:44.129720+01:00,802a4274d366f9a4a630616ed4854185c7a86e73819cb2f19ad170bad5420c23
4632,0.10736672221168284,2026-09-15 08:34:44.129720+01:00,24802b2e6da6b63ce22edbc38a9d9204e140df82df53fb52a02c4f1c871a650c
4633,0.15956799062415034,2026-09-15 08:34:44.129720+01:00,7b84314bb9ffaee4e4f931fae96ac49f76d674e2a5bd18cb5cd7d90f457c3007
4634,0.17045507494434434,2026-09-15 08:34:44.129720+01:00,7acbba9c2ccedce224a445cdc535f986d87d6d22ce3f916d5b3ea26e9353a4bf
4635,0.15795379346575603,2026-09-15 08:34:44.129720+01:00,ca31a7edd2d187ffb9f995bee948f5be45de02244e3e4f5578fa0cb3549bbe08
4636,0.015199189253656951,2026-09-15 08:34:44.129720+01:00,29a60580b8fae426873e00f1ffb28586f0700b56c98bae6b00738ca9b53abe98
4637,0.25862319840350506,2026-09-15 08:34:44.129720+01:00,236eb968998d3b557f76767f1da239eac0dc20d9f0368ba1829a43af35a758c1
4638,0.1290219359366297,2026-09-15 08:34:44.132950+01:00,b20a79e867f6bd1eb68d1b58d9af04a018746f7a0df280806c035794d25b400e
4639,0.10630063853480573,2026-09-15 08:34:44.132950+01:00,07628308ea87575cdf30a41eff58e6e7cb97e3cce95e6313a79c97bd2dcb93de
4640,0.0889171537118533,2026-09-15 08:34:44.132950+01:00,5bc32fd0aabd5bae17e8828cea7d0045c3b653cc73c90ae24cd08daed7e721e9
4641,0.05586666871184273,2026-09-15 08:34:44.132950+01:00,b2080d60f1b2d225a92347d56f4f6a0d45fa333948fd277c3ebf6eec014a232a
4642,0.08932265585876567,2026-09-15 08:34:44.132950+01:00,5b47e88c7a1f466451aa2cfd7d5f305a0ec438bea9e80f95e19ce725c54b554d
4643,0.0638342810984823,2026-09-15 08:34:44.132950+01:00,d1ef838d3e8bab05ecfe19c73294086d95b812b5b0fdfff87b5a2aca87503b3b
4644,0.09583415740270017,2026-09-15 08:34:44.132950+01:00,d207c66f17d5e76b4394f81265ab77406c33f7128ffe969181afc04505f8cde9
4645,0.0874725071241615,2026-09-15 08:34:44.132950+01:00,04851f5b80ee0eb328edb6fa7f46346da44246c0219f8552b4633b2635acb811
4646,0.03954973391099642,2026-09-15 08:34:44.132950+01:00,19b7ab22cf05e84284630acfe5c22d2c8b19b8e8752c3d1727697f4dbc1ac4d0
4647,0.13108068602742695,2026-09-15 08:34:44.132950+01:00,ac6cc0dea58eb23de146a8fb9fecf9980a0045f13fc99c58df39b57e6d7f3d36
4648,0.11279958168233564,2026-09-15 08:34:44.132950+01:00,20ea882d8b64c7f2a72a6f98a2e7116cba17fee8eaaabfa5d7e23092b85c9503
4649,0.15890046385944392,2026-09-15 08:34:44.151547+01:00,0f1fed5a515d2a5a0d83d7b1a03826fb9daa5d9c51be343149c1236edee4d0fb
4650,0.06131858911960651,2026-09-15 08:34:44.151547+01:00,45c853393568f494c088ede43ce23c752963815f4d61792d0466cf492bad3a2c
4651,0.08798502806165291,2026-09-15 08:34:44.151547+01:00,e758b2ea78287a30c55a604e1a654a9dd9ab2333c516579c1bc802bd3d74ef1a
4652,0.03732179883373362,2026-09-15 08:34:44.151547+01:00,fc6db12e8e1fe9703107b598b6ef9d1b462c279564ca6da034f83395c8648bc2
4653,0.09421438956897667,2026-09-15 08:34:44.151547+01:00,b9cb523c428e62ae59d7575216a2e470c645e0af23a3fbdcb63d7d72565c691f
4654,0.059743702125116774,2026-09-15 08:34:44.151547+01:00,a3e290ab73dc87232529d8bf45906ab24e1ea8da255c770ed934eb4d07c6367b
4655,0.14655795301287017,2026-09-15 08:34:44.151547+01:00,92f335b12d3ed4fc33e9cee8b9de0a1030ee2b83636e1931de6a4d06f698e894
4656,0.05498251299945581,2026-09-15 08:34:44.151547+01:00,00245b453c35679f9062f8dbf9b6ca54f08d350b76d7a76011663d7fea13130c
4657,0.021880308047841315,2026-09-15 08:34:44.151547+01:00,bdd806c3c2018fe6657d72525125e38ddc060a0d85464abbc072b18ea56cc285
4658,0.17534285877977618,2026-09-15 08:34:44.151547+01:00,8dfcf768174df1efad731a851ada721039297101ea7ae1347b565b215585218c
4659,0.10175239559152614,2026-09-15 08:34:44.151547+01:00,0428964e23e8e7e2d807df28ebd72b2d9f986c3d22b3e5f4e42adac14f26d6e9
4660,0.09518840311885177,2026-09-15 08:34:44.156624+01:00,af4fae75b48f4f95b48459000d9ed1b6cf09ec62d01fef68787d28f685a485e0
4661,0.09712979264338488,2026-09-15 08:34:44.156624+01:00,aca17a213c368c2d542889675ad8530a47cbe1d7790df5ba3b190cc839ec8d57
4662,0.0874449511559541,2026-09-15 08:34:44.156624+01:00,6a3ad7d5714ce6f4c433b497263eafd0b7c77d64952a9ad3374e28d11bb8f760
4663,0.10001740891711923,2026-09-15 08:34:44.156624+01:00,e5fe9c0dbd1dcc6e54459da75517dd734a9dbbc5a7c184ab78c7b118ff50641a
4664,0.13116655278183983,2026-09-15 08:34:44.156624+01:00,38ebd613ff1fcc55c48b04972d993b71282a7d8d1320462020f12162136c2469
4665,0.1012527050952547,2026-09-15 08:34:44.156624+01:00,c43f42e633d9f6cc175a44117848a0c10c062740870b5deaa1a5adab7c31756f
4666,0.0888871402832741,2026-09-15 08:34:44.156624+01:00,6a5c976359751dc758cef028a9fb23a2895ae10f442b8ba9e44fd47cefe54ae0
4667,0.13864848729759582,2026-09-15 08:34:44.156624+01:00,7064b4c5f6bf82d51a6f7c33d0968a4b84fe12f861047a2d61bbdcfd879d05e1
4668,0.16026455870672573,2026-09-15 08:34:44.156624+01:00,eada84a88c07b8ee48a17ca117a9f2f5960ae07c96a4ff77274e77e1d9a25d14
4669,0.06122341252574153,2026-09-15 08:34:44.174423+01:00,ca661048fd6ac21c0fc6201de1fac9840d5a631158bfde6542a9a9475ac04111
4670,0.15755630872144794,2026-09-15 08:34:44.174423+01:00,5970c0575234fa0f5dbd633123acd98567a75b7235cb3955ea3fb87b531b70d7
4671,0.14168127097087083,2026-09-15 08:34:44.174423+01:00,80e12aa0e41f9f5a10045a60aa76ad3cb6be9ab4ac3a49f1bff6f6290681ff19
4672,0.09235058987757323,2026-09-15 08:34:44.174423+01:00,a19d8e44c70d0e10716f80020576b427887008badb5b0f9986029af8baddd31e
4673,0.09125354199682244,2026-09-15 08:34:44.174423+01:00,7ebfdb6968e6c4d79f64c368796d83bb4976a2072c9326358a5dfff54b975ec7
4674,0.0871525589167835,2026-09-15 08:34:44.174423+01:00,c552cf4c6ba05d65327457857df4e6b06be617bd9c3071d63762d03eacaa5e8e
4675,0.11625941055522424,2026-09-15 08:34:44.174423+01:00,8290d4637605702dee3b806e609d57c7c26183bb88284a11e8a6acc42c35b4f5
4676,0.10610167468705828,2026-09-15 08:34:44.174423+01:00,70da9a809778fe2e691d0a11b86c92580af4df147f7af146adb97f8edb54357a
4677,0.1464212317484781,2026-09-15 08:34:44.174423+01:00,760cef4300598d9f42222bf1b83283f3b1b4af0ff7ee8469ff2b33e63a15ff58
4678,0.03840986367751437,2026-09-15 08:34:44.177610+01:00,198474f78aee623e2385e2ca715564f3b8f6b6c210dab918f01037a9b731fb6c
4679,0.10122666940776319,2026-09-15 08:34:44.177610+01:00,98fea44d76e4290f56e8aaab555362ae99c3aa4a9e18c85a75d0033d2b2bff7f
4680,0.06454071616601223,2026-09-15 08:34:44.177610+01:00,34fb823ff3a523393a93744b5c76f5c42bccd66c1522dc040dbe812d7afb14c3
4681,0.09852022951561988,2026-09-15 08:34:44.177610+01:00,ce42790e805aa25d34ad342e91fa9e57ba0a8dffa8d1ed833279eb31c4303698
4682,0.22964915868294672,2026-09-15 08:34:44.177610+01:00,4261b01ca5060ac1b2c6264ead22092075d5fee2f7ebd8592e1a7c6c3b924708
4683,0.3241637618434173,2026-09-15 08:34:44.177610+01:00,4a8423cd8505f73ef72f44baf8b6aa96f8201f4ea4ac531e343952e099fad3bc
4684,0.06355327267757425,2026-09-15 08:34:44.177610+01:00,e12ba18d0890d713290b5779b2fa163c8e12e0638e76761055416555ebd062a4
4685,0.07993632802915197,2026-09-15 08:34:44.177610+01:00,639020f050461abe8ebf5b162b94aae059f11f29bdfdb68d9298e145a757c1b7
4686,0.011618254628506497,2026-09-15 08:34:44.195300+01:00,59f230339f24a63068540bbcdcf18cbe4bf93a04a3afef6bd3bae450df6d95ce
4687,0.12798383737966854,2026-09-15 08:34:44.195300+01:00,2f4088b72fbc3db3eef3537833f2cf4f15f9416232f5056a54e3e358f0ddc2a7
4688,0.05162929181805219,2026-09-15 08:34:44.195300+01:00,ab7ac37bd686c54ed85e23a795e921fa7f8f26e6b36ea95a3912ab434fa9be42
4689,0.1775056905436485,2026-09-15 08:34:44.195300+01:00,4f898aed09a75ca62d9816fcd35c7694dd1aa66ec346859f89623a5d4372bf73
4690,0.3063276462103302,2026-09-15 08:34:44.195300+01:00,34504f6e1da8c4cc9472c8c4e7ff11e21dd1b9f1a8d2b2be1297c41a63e8a8dc
4691,0.28752885432831227,2026-09-15 08:34:44.195300+01:00,0b91f3b24e675e4030fe5f8f73667449e2c0e610b1856cebdb57188ae741e6a3
4692,0.013440438458047571,2026-09-15 08:34:44.195300+01:00,aad9219be3b01137fea2012e6735e491d84298bf036f9ba2bdcb9d47c5a120a0
4693,0.023965986633434157,2026-09-15 08:34:44.195300+01:00,33967f5f843655085bdd3daaf6fd389bb8d657c37cd43770467a86bb6a5decb1
4694,0.3521062801139433,2026-09-15 08:34:44.200416+01:00,874866f9d8694ee0f308d499788d547693a6e2933844dd6c2391df47322ca7ee
4695,0.3239455791628075,2026-09-15 08:34:44.200416+01:00,7ad3b60fef9f7445e9243546fae7a3e6f20049fe441bcc03b63b4907ce2e53d9
4696,0.3239481407232493,2026-09-15 08:34:44.200416+01:00,23795dd540013909ea7d30ff252c8a107a2fe96e3f9bfdf051fdc931a928fa58
4697,0.5277508819813244,2026-09-15 08:34:44.217323+01:00,311a7c28bc0cac6bd61345e58d5936bea3ae3b58aa729f96199328b2163c687f
4698,0.033447627064896644,2026-09-15 08:34:44.217323+01:00,922b5e1fd14ba4fb51b6d37985fbe2a7f4bd5c39c88a7e1abbb86ab555dae864
4699,0.438801490953779,2026-09-15 08:34:44.217323+01:00,7dd10002a8791318ed559945035060521fd6b1faadd165a746680439a8240eb3
4700,0.1721022774394069,2026-09-15 08:34:44.219576+01:00,bd12de3110a11225596ac818cf0274635dbd2665a9944c5271560fe1b608d49a
4701,0.03610880134737476,2026-09-15 08:34:44.219576+01:00,830ca658ea0081e0ec7cb3c36089d012b2bc0bd7a97da42e29e9087667f29b5a
4702,0.08345518089850984,2026-09-15 08:34:44.219576+01:00,277882d2025e20bede3e3e2a17076bad7f51fc57ce5ed4293771c5f61d436dfa
4703,0.04166763877970539,2026-09-15 08:34:44.219576+01:00,ae1f63d53a3a6daf81ac878caf0fc31482f68cef5148935c198c51b45b79801f
4704,0.03743522375104647,2026-09-15 08:34:44.219576+01:00,be58f2d9181383df3fb00db3d7419312f12641a4229f54a4a254ced02689981b
4705,0.10756488835169897,2026-09-15 08:34:44.219576+01:00,174dbde3598c82c668509f90e3a308ae44c1af797e4cbd36c527ae1eed3e7fe5
4706,0.06582980046449201,2026-09-15 08:34:44.219576+01:00,06ab3b37c836d27642b67bbbf658461e239a0457ebfb2c695cd2718118f5f684
4707,0.0865918868775964,2026-09-15 08:34:44.219576+01:00,2f7b2f739718ef23f4b18e0d78da4c126f4edb19867fabacd8ac8bd5a39e696b
4708,0.10518195921404462,2026-09-15 08:34:44.219576+01:00,c46c046d642d5de2cdd0d91b350e3142710c5ae54684cdfca4ed57c350545039
4709,0.1223242621563217,2026-09-15 08:34:44.219576+01:00,b59018872fd0158b930b533b31f4335d512de419010a6a19b1ce477d43e2960d
4710,0.14173808071980298,2026-09-15 08:34:44.219576+01:00,487bb197d3a479fff264a50a3281c2a9779f8dff6d73071ab998199b2f55f373
4711,0.08103305510400712,2026-09-15 08:34:44.237370+01:00,0810d396e5b2ad7f145cecf656caf9bd07c96d72c399bebde1e85c7020417f9d
4712,0.02027696453050057,2026-09-15 08:34:44.237370+01:00,6972b2f585fa347a13b367fd2c3b230f3fa6fd812daf78de38a67c416eed17e5
4713,0.07802192846671477,2026-09-15 08:34:44.237370+01:00,409bb0cd06d0696554a15d03b44842d093a390f06f84873058f4d1603033668f
4714,0.023043055301295152,2026-09-15 08:34:44.237370+01:00,494271e21919b9934731160b8aadc7d835701a219cf56111e4d5a82c7a765629
4715,0.030920199299424085,2026-09-15 08:34:44.237370+01:00,6dea6903a2c805ec19e0bfa1325a1ee18e27123d6fc7acb763910cb29dde9522
4716,0.14904273770136828,2026-09-15 08:34:44.237370+01:00,6520b82c1a4a9ccc68a2e892ee62e3bb262a45c1132aaf4f3aa7654797a929a0
4717,0.04896350744046553,2026-09-15 08:34:44.237370+01:00,81580233aff71c7987113b733fd6a8624a91ca3e8cbf8d5f850caeba12aebb7f
4718,0.14470798887524955,2026-09-15 08:34:44.237370+01:00,c79e278858fe0499ed528d62afcf4eecd7ee31f972518a19bfb23151885c1410
4719,0.11900474721208029,2026-09-15 08:34:44.237370+01:00,317183490ce2fd84a22054faf2d1e2a57a54efe206717a79d03407cde225892e
4720,0.16884438204945484,2026-09-15 08:34:44.237370+01:00,4e272eb358146b08dc0102741af59aef5a99583ee98115db0db4791fbeba080e
4721,0.1361414340194398,2026-09-15 08:34:44.237370+01:00,d67e256b365d05a066f7d304dc69a33da54e74882280454758fff309ed2becc9
4722,0.10018288271446717,2026-09-15 08:34:44.240792+01:00,94cc3f018abc24816e079a34a3bc3867e129fe6519f83364c9ae432513086d49
4723,0.05234348896005738,2026-09-15 08:34:44.240792+01:00,1252a364689e4d0b5c7ee5a9365452dc68cce0e8dda7ce6d17ebe933f561f8c2
4724,0.11751899641935816,2026-09-15 08:34:44.240792+01:00,2fc6a49563820f6c078d0a3f981fa0212f0d59567964d7325385f477e52ef319
4725,0.05681279449379341,2026-09-15 08:34:44.240792+01:00,a61d41d3cfb370f143564f8512f308e58e6d609c2de640892397bf4e1fdd5fca
4726,0.11449326933453902,2026-09-15 08:34:44.240792+01:00,079b2f6bbd7d39358f8e6c9272ef5bc3b0c8b62c151d41610851922199aa49d9
4727,0.12369330366673281,2026-09-15 08:34:44.240792+01:00,9f680f23789d0c37be31f5f5327b4047cedeb4ee634c35b1d73dffca65a45aa4
4728,0.05873114301102831,2026-09-15 08:34:44.240792+01:00,6b631a1164d6ca6515431ae0eccbe16d305e5f935b495fd9ac5b9de8830aeb3f
4729,0.03393348639121681,2026-09-15 08:34:44.240792+01:00,c85fd6b41ac44f2134334296f8f6264cdac08c0daa1837d6bfffb9bc866935e7
4730,0.05624615089984887,2026-09-15 08:34:44.240792+01:00,d3b02864c55cdaf2e3347d11ae3f3b46bbcd25ebc4dde017f279a78b7ed8d8d7
4731,0.11062789956060165,2026-09-15 08:34:44.240792+01:00,130fb2b6a8ce3f29e057fa611d86567fca0729c12993341ff4c532e46f0e008c
4732,0.035566923029954435,2026-09-15 08:34:44.240792+01:00,c8d13351717ff87d8a8de758908e9f27cb74660ec0f6dfe65527b575ea9c1819
4733,0.05142409204261906,2026-09-15 08:34:44.240792+01:00,a1b91fe2cec67f3f233f5f9aa5651108569acb481fa521e57fa8a8cafc2a6a8b
4734,0.08842556947578292,2026-09-15 08:34:44.240792+01:00,49770e09f865ea93c31af405ab14e52c7e81d39201c39fbe013dcc25871f7820
4735,0.11336368731924795,2026-09-15 08:34:44.258913+01:00,0027ed8f87a3624e7b961097d6e0d21022bcc5a45239a2b668dc8dc58f5aa922
4736,0.07475111219373415,2026-09-15 08:34:44.258913+01:00,857fee0f698ac870b051b8ac3590a290b12fc43712ef564ca6a57774b27f73e6
4737,0.10402968148285466,2026-09-15 08:34:44.258913+01:00,32689a2558f6a4fd20b2d40703e5da51e7ea4f1898988204b14d8579f7edac90
4738,0.08375918628445744,2026-09-15 08:34:44.258913+01:00,1e3a8963eea19bcfdb2105b30304815e0640cbc47bbd47489feb41764e36a998
4739,0.10493638555685104,2026-09-15 08:34:44.258913+01:00,684ad4f32396debed96aa8e97d85d1db9b0c9f478091e6b86d1490bca4ccf446
4740,0.17366129123518104,2026-09-15 08:34:44.258913+01:00,88735ee26d6b04be4e5394169e6b99804f9e51147c93521d7b1eefcb59793b95
4741,0.03812634384073569,2026-09-15 08:34:44.258913+01:00,34f2923af619c32b595b4445f28c8cb830b71e1971073bb0074eec91203f2c71
4742,0.03742895017723326,2026-09-15 08:34:44.258913+01:00,777fb83255b5efeda369300417c80e735d6bd0ae011ae7b973a51196967fd917
4743,0.0476620424341252,2026-09-15 08:34:44.258913+01:00,a7a8fa68935618d3ab343d198c0ca18c9149facebf823cb10401be81581d0bf6
4744,0.041578948249078186,2026-09-15 08:34:44.258913+01:00,d798da7c01fbc7c380ad03ccc0dc46453f0f8ea66db1457a1cb3b00a298e8efe
4745,0.028918462124000913,2026-09-15 08:34:44.258913+01:00,35824e9df71d6d641987097e15c9ecfea2a7881f944e894b84c4463ad1c69b40
4746,0.04964332158362117,2026-09-15 08:34:44.258913+01:00,9e9a20028cbba9cbc13f30907aac77bfe1f2421e42b29fc1b72cf13a003aeebd
4747,0.10214058751887921,2026-09-15 08:34:44.258913+01:00,7d0ccfc9399f06bd9beb2ceef3af6894e85e8501d142031986096f9c83bcd81a
4748,0.12169022837516898,2026-09-15 08:34:44.262818+01:00,4e538506a5a5985aaa45d30dc6d2bad4c322f2772a1cf9e2bb5dcca3aede47a0
4749,0.08408136086712449,2026-09-15 08:34:44.262818+01:00,91810c36779789a8f4b30c2d441929b0f4fd6cec106c1296f253064205e102f8
4750,0.13295259948641736,2026-09-15 08:34:44.262818+01:00,e1f4d4dea6c3f48e28501a1fd0ff7a189a0c10af7c1cf45f5e035bc68baa04d3
4751,0.1117843832002447,2026-09-15 08:34:44.262818+01:00,d1beb738c15a0d1c4dc5a6c9cdabb6d0298b6e0bde3fe15dd61aa6d5d9aa1b82
4752,0.0924537083981367,2026-09-15 08:34:44.262818+01:00,8911a9456bbeafe1494f8ec5b3ae20fea9e8a6b8a78f96497d73cbaf2b505d98
4753,0.09087739315187618,2026-09-15 08:34:44.262818+01:00,96931f2cf072225b5626914ca863654641cd0a69d067fa7fb3ece5403358923f
4754,0.06525264744388187,2026-09-15 08:34:44.262818+01:00,094642079f7b1dca65b38583bcf813a26b16cc4834c5acfaaf40bec20b364ac9
4755,0.05298954873441919,2026-09-15 08:34:44.262818+01:00,fe41993114527603e3da31e83d72cf19b966fd8bd87cd1a435455c7293ca99a8
4756,0.11313023540248276,2026-09-15 08:34:44.262818+01:00,663e6d0d15cfef9780d7276447fff68072408c021792f63028332d9661d14923
4757,0.1347878949402479,2026-09-15 08:34:44.262818+01:00,162a84369a5df3f4297b610a65993b6c035bf442687f474a1569272e821f472c
4758,0.1464638767722151,2026-09-15 08:34:44.281938+01:00,a8633f0b44446d821388fee2efecaf7215743219f236353d18a766be12b5e615
4759,0.10774096814054505,2026-09-15 08:34:44.281938+01:00,311876fc23aa154c9e3212ab5184f53aadbb710e0f91219f95fda960a1b27165
4760,0.1450932968380999,2026-09-15 08:34:44.281938+01:00,ea861ec68deff4b1bead0910e214388ba38fe3501c9db293c694e1f49e5b9375
4761,0.12415396777702933,2026-09-15 08:34:44.281938+01:00,9e6a0b802bb905b0fe3e04d5782490f68c0300627eb46ca5382adb386be388c4
4762,0.07690546988897336,2026-09-15 08:34:44.281938+01:00,3c725485acc58d7c5c859dcdc48e5b46e5538adfef8aa58c8dda976f27eaa083
4763,0.09821423519295516,2026-09-15 08:34:44.281938+01:00,73bf30c67bf2183b53522bca823a168dfba157ae8e649b1286c66dcb6a95fec5
4764,0.06717862687585972,2026-09-15 08:34:44.281938+01:00,9fe43b0b910a53840cd7769c4ad1314c943ece1199f7a3c24ba9d7d56e532289
4765,0.05967690173803854,2026-09-15 08:34:44.281938+01:00,3a246fe7fdc90fe7234b8ef2b409706260243465261a1bb8732017e9e4253c8e
4766,0.10134655272868537,2026-09-15 08:34:44.281938+01:00,56bc33676317fe858552827c92c2216a9089ca00b9168f4ae53d48edf779af35
4767,0.07322610404759836,2026-09-15 08:34:44.281938+01:00,84da84cd752fd3fb31993df6ff02abd4fbca88564e484fa4c39a3c63872de77e
4768,0.08374091998017598,2026-09-15 08:34:44.286168+01:00,861488218d536d3522703879994ee1833032da84c54753a1c3c57f147c33cbf5
4769,0.4464609403881293,2026-09-15 08:34:44.286168+01:00,004e816d16e3b54c94cef9ffd788df94c24919b47e16951a604e9e1d9ed79270
4770,0.15222374668291952,2026-09-15 08:34:44.286168+01:00,9dd48c05913aef30a192da709b2db5c68f6980f82ebaf2ac886d4bbe3fe4e95c
4771,0.14338772376603076,2026-09-15 08:34:44.286168+01:00,0413ad6752e888a5c1618a8151d4dd5f9fe7dc8b36a609f55bb17c5025f865fe
4772,0.1349663483376315,2026-09-15 08:34:44.286168+01:00,bf0987a631e9328a8e7f00ab9f06232b54b1be348328e7d131e8e23f7a89a170
4773,0.0392203208451129,2026-09-15 08:34:44.286168+01:00,952517fb91776b53e4e0e525651ad0fb355acdac6a5c37cd0c9775bc204fdd6f
4774,0.1228721201772067,2026-09-15 08:34:44.302739+01:00,c49b022b3cf1851146d9de73bc7497fec022d6ef7db61ae6eeffde81d604e21e
4775,0.464288320432581,2026-09-15 08:34:44.302739+01:00,79d7f6eec005403ccee5e1bf78c5d1287f9c7164fd7241aff8ed9fdc9df3746e
4776,0.12453191553576977,2026-09-15 08:34:44.302739+01:00,42f798d17203c5237f1a9aa8172d76bc6deeb18900438ae28b382c67f3331b38
4777,0.14153705243619008,2026-09-15 08:34:44.302739+01:00,a1c3cc4c284452808e10aa3046275e5e46c8e180515944cfde478c654c22e20a
4778,0.10391282913620219,2026-09-15 08:34:44.302739+01:00,ea42394124992782cc52a6f663e6614ea73df5f09fe804c609fa3cc093465062
4779,0.04285776228205026,2026-09-15 08:34:44.302739+01:00,d978d33ab7c863f489719d6d99d91cc1e0f568b4db1967b40dfec565d9127356
4780,0.14908472864951355,2026-09-15 08:34:44.305172+01:00,b4f97be39e0ce1044a65badd2d285a24f4524656d4216c8062123d1826ecd4b9
4781,0.11275553922152388,2026-09-15 08:34:44.305172+01:00,91860cde1648f4d33a24a2f19e4217fdefd027a9b177cf0a8f82c7cdcb58e390
4782,0.09399485084133032,2026-09-15 08:34:44.305172+01:00,ec76175223cfa962827908f9e3578a68e339118901845675a55fa5fbdce8ec8a
4783,0.09943895368641098,2026-09-15 08:34:44.305172+01:00,28847c64b4546d2096e1621fa40c104661ef88919dcafe4eb7cebaf252e11a4e
4784,0.07208085397251511,2026-09-15 08:34:44.305172+01:00,d9e4310eb5aa9bef331b01485eef220e8c653b47ce20a28709b1cc41ae756b0f
4785,0.0802390323169968,2026-09-15 08:34:44.305172+01:00,76a2df051a804d29a1bd58695104e7a38c2be9ff32c152c7c781716e3dd10f25
4786,0.044760323163792665,2026-09-15 08:34:44.305172+01:00,a4f5af38fe475f4bfd105f7adb54e9333d7bf8e0924f85693e325ea674442839
4787,0.06345693567979345,2026-09-15 08:34:44.305172+01:00,f2821be6d0c1b426413c49c0dd706b61255adc4f006258ff96cfd2ed4227660e
4788,0.16804475014400191,2026-09-15 08:34:44.305172+01:00,b35f267596f96ec45b91d9af3e5e3708150d6202af2a8a294f48fc3eabe245ce
4789,0.11614403232412125,2026-09-15 08:34:44.305172+01:00,94c2e2538c2122e1a27d9c9d540c3292cbeec157827f5d41bef047a533b8e904
4790,0.1249766825777002,2026-09-15 08:34:44.323410+01:00,c2b251e9a4876e09d6feb89f73d804440dc1d206a6e23792e91bb02543cd1e95
4791,0.11945729285740346,2026-09-15 08:34:44.323410+01:00,69d44032452a4724dd8f412f039da9c50575eb86eab2f6647ccd093b251bf11a
4792,0.08044425160465779,2026-09-15 08:34:44.323410+01:00,66dd5bfbfc33b26d1e9d0fd47b53995388f091bb6fcdf13ede1fea7c1431bcd3
4793,0.11817597522708834,2026-09-15 08:34:44.323410+01:00,acad874b5ef4f871650390a891cdde4db8b87efa7407f46916554acd3285dd53
4794,0.06439088388956081,2026-09-15 08:34:44.323410+01:00,84728bd3fd6c04c9487bb584e99a2c9a46885a1e8b207f87db627cfc49063f60
4795,0.05455824719643281,2026-09-15 08:34:44.323410+01:00,78bf82c669b0db8950277bb33fb96e1829ba102ff4be800952626195c6aded4e
4796,0.05196399590125925,2026-09-15 08:34:44.323410+01:00,e23de190eee12b067257ea58abc9e66625060587de803ad13f08e15ce2055f4d
4797,0.08017530264261588,2026-09-15 08:34:44.323410+01:00,f466ceae464f3c2a6d4062a002c3168c199c782ae0ad3c96d01acc41d89aaa6b
4798,0.17664017155931877,2026-09-15 08:34:44.323410+01:00,fde23573aa2a3a3fdabeb1dbee97cb7e0d74232cca9796f75327fd01a4f189f1
4799,0.12921719654396283,2026-09-15 08:34:44.323410+01:00,eb2f47cad75dc486ba5f966ba2ed342d2d5a4fb1fda9ac6531302f2081991a39
4800,0.20237650736668883,2026-09-15 08:34:44.327119+01:00,689b2a0651573394f1ea93624467197a9fcae214210c5ead77aefa2d9b187b29
4801,0.32683962235028025,2026-09-15 08:34:44.327119+01:00,4b92e5341f827e89db1b28a8cabdeeb52d463f4f05c563f1a8d8336d15e22010
4802,0.4062929360612335,2026-09-15 08:34:44.327119+01:00,7fc18e9deb48c1053d0b03e4476a5f8505430d737cd47d1c648aee4410f3941a
4803,0.06449093422179734,2026-09-15 08:34:44.327119+01:00,e401c5ee772427e276a32c640c5bac25e463a604f4cbce3485539129b0827939
4804,0.15973925564149585,2026-09-15 08:34:44.344559+01:00,79cd888b0201d4071631844edcd0a98e34f2eec5f02dbb8a75f39732978997d3
4805,0.2685377834832003,2026-09-15 08:34:44.344559+01:00,ccfd7f484e137382db138838f6ecd17836d3ef97608f27d4600e0e9a32788bdc
4806,0.4792148427887961,2026-09-15 08:34:44.344559+01:00,c1967a3cf4c76a69c5f8e83b4b83abd2afee4a9b949c07b6866d55a9429c01e8
4807,0.09250811808650784,2026-09-15 08:34:44.344559+01:00,0926717dbef9484060feabb5136e9edc00c6d913f6cc39989fc712d51fef3254
4808,0.4279615258354066,2026-09-15 08:34:44.346981+01:00,74c91e2327288094b3f52ff9a7970eb857536435e974c10991011f06b65a4e37
4809,0.44176663890325424,2026-09-15 08:34:44.346981+01:00,40ad52a4b493b9cecd2853e4612e4d4567b2de5842d9ad50d13287d70b7dab7c
4810,0.1302718352613392,2026-09-15 08:34:44.346981+01:00,f71b89ceb305bcb30cffb2bb60eed85cda6f75c6e0d3ac25867fef72e27d1c3c
4811,0.3205870126674257,2026-09-15 08:34:44.362444+01:00,8793b42f525a0542d82a155540040d876a986e93e42fe1082661983349990672
4812,0.48243028172868097,2026-09-15 08:34:44.362444+01:00,6f4b5624d667b42853e3943cc2e0927ba217f8ca7bffb8f17e9a709b38ae3828
4813,0.19698270560389333,2026-09-15 08:34:44.362444+01:00,ea809902dda49addd2858e18b5b27cc130b91450e1d86bcf7acfbab4eaa33f19
4814,0.1480778103178248,2026-09-15 08:34:44.365867+01:00,a8e3f9bdefe5a06292485f2904cd821d688dd72f781552a0a66defd1002ddcbf
4815,0.17401549702019115,2026-09-15 08:34:44.365867+01:00,6cf49b34de5382bb857f15b2f485f8227c72ce34a145829f298e8a92d04473df
4816,0.11080376444821519,2026-09-15 08:34:44.365867+01:00,ae90f167fb61be5af54fd93fececba8ae62e09c706893068244c1f85e29961b6
4817,0.15837670717198432,2026-09-15 08:34:44.365867+01:00,77f889807f333ed7747aa6f252da9a821fc0ec78c44f82c0061646cb4650451c
4818,0.15454790083425313,2026-09-15 08:34:44.365867+01:00,1cd61f587bbb787ca13c1f3b94813397bba73acf8d88396793e97d4c0678ca28
4819,0.2541783202075313,2026-09-15 08:34:44.365867+01:00,5032bdb9419cf1c4f991ed2b1a9448fde927cb7ac9c4a3547e090dadaf0a83ee
4820,0.12712334828524466,2026-09-15 08:34:44.390201+01:00,dba75de7aac8daf392615847f53f89f5c73e92f0a0db793e3ac22b2fd0756b45
4821,0.32226710860831426,2026-09-15 08:34:44.390201+01:00,cd3ddf097ea5c2ebf0bbf8c35cf4c3ec27979a7dbc76e8f6ad4de77db4ad24cf
4822,0.07172501115942989,2026-09-15 08:34:44.390201+01:00,6971ee4dc24aca3bb64bb62bfadbdfa78b30f60310458c62a00d887890a9397b
4823,0.11361483188336702,2026-09-15 08:34:44.390201+01:00,3d94156adb2b3f63f3d2e54f39448fa3bb3a616f4d45f32ff3c42f0a7158e783
4824,0.05145302051651062,2026-09-15 08:34:44.390201+01:00,3169253db849a911e9eab5632b167c8c0ddfc39f2efebd4ba3fb1f420fd9ae8b
4825,0.31381667954713355,2026-09-15 08:34:44.390201+01:00,344abaede25ef4fa1a0f2b0dfa34f02b6bd1de808dc4ea751e33dc36377b28de
4828,0.08762003842866428,2026-09-16 07:24:38.563941+01:00,5fa6abd984494a0536085c936c256ab64561be609ca4950351136c26ce6da5a7
4829,0.0852863213297907,2026-09-16 07:24:38.563941+01:00,7ebd8266dfb68d3001813155453749bb1f75b09043d5b3a075ec4fce8d571290
4830,0.0990000931113433,2026-09-16 07:24:38.563941+01:00,1c90998e5c86fd7a5885271e83a13d560479ba3330b81dd8c6f5c20b5172dc65
4831,0.12369862506654751,2026-09-16 07:24:38.563941+01:00,649de0f2682550b8b74afcb86a53174a93ac2c41c844d552b4fe4a2f61b4b4f2
4832,0.10624190210143632,2026-09-16 07:24:38.563941+01:00,8b99814951f32d57347525874548592df53a6c0a24a2a5774f7fe898801d0460
4833,0.02448653122100696,2026-09-16 07:24:38.563941+01:00,b7ca158f5536856854a5005a74fa439cab4baab7aa8886833cf65776b82bddbb
4834,0.08567674308796788,2026-09-16 07:24:38.563941+01:00,f1c6d9bf6a7ec82f32dcc80202a4f952abe0da658b8c77f29bfa334c375ea5c3
4835,0.1094737730107662,2026-09-16 07:24:38.563941+01:00,831ba1a728869846dd0137df542eea12da36a5d21b851250c22402e2740f8984
4836,0.08699577796620084,2026-09-16 07:24:38.563941+01:00,b46c05bba923593473600718f7976b75a147ba820adfc149c7264c10131e0fdd
4837,0.08514918658647652,2026-09-16 07:24:38.563941+01:00,3e308c764ef72a996c112d101ec0e3d82e08b31f15b4465b81c2a32efeb9c6e8
4838,0.10637100808979952,2026-09-16 07:24:38.563941+01:00,66e9d942ca6c1f1d53b18606514a2a1ae4b1260238dfa276214a84054d16e405
4839,0.08812107296256391,2026-09-16 07:24:38.581250+01:00,ff5e2d6abb3876b0af3c8a5caa0e65f772373e9b23efe0cf213b504dbd93403c
4840,0.05718862117717995,2026-09-16 07:24:38.581250+01:00,35cb53a295f5bcc24d1c5015bc2611067df34a77c11ecd502b7fb4a83efb532c
4841,0.0626139856083711,2026-09-16 07:24:38.581250+01:00,986da58c0db265e37bdd7a0b01d0508f01484903039cac3155e30affc023e90b
4842,0.10420545926164375,2026-09-16 07:24:38.581250+01:00,d57e4942ccd61fdd9b2f8f51036a0e447af6c05aa79fc698078c6029a21901a4
4843,0.1331274021906093,2026-09-16 07:24:38.581250+01:00,34d6eccfc41e8ecb38e4be0a367bc9f82ac1603a71df2a21d1a1aa36d5656c15
4844,0.062059476812729476,2026-09-16 07:24:38.581250+01:00,08ce38e45222f5461622ff6083865bc95e03546e487ef237fd48a08080e6429c
4845,0.05660083418785682,2026-09-16 07:24:38.581250+01:00,44206441b367fb220845413a9730d70f5af3f961c69feb5512d1260eeb7ffce8
4846,0.14593740248640455,2026-09-16 07:24:38.581250+01:00,0235a57bd857791a1dc93fe481e6361b357483c0ba4c06505f32ef0f7bd441ad
4847,0.12486105705032816,2026-09-16 07:24:38.581250+01:00,c60711c2a2bc261aec55689a184369a901fa8d13887567e551ab72be43654dbb
4848,0.06354517131482593,2026-09-16 07:24:38.581250+01:00,433a3ce65c522b043c79f4e5ae797ccabc7d59cda613c06b10e077e5bf8c5fcd
4849,0.10173951694748712,2026-09-16 07:24:38.581250+01:00,da12471d1606c8cd8776178341bc235dede35e110cd604fb07bcfbab29d87d41
4850,0.054738383314359956,2026-09-16 07:24:38.583644+01:00,1d11d284725d71543e22c4af0c165ed80f815037de3237ad847d30c013780195
4851,0.023563295785451844,2026-09-16 07:24:38.583644+01:00,38c0ca7ee63056f28fa51eda6bd660bb25a9db67fc9e7455a42f9e5075ae1fb0
4852,0.039180126682759,2026-09-16 07:24:38.583644+01:00,563a16a13f45d97ccec11a3806bc445a4f5a766f552fc33b3a8e3a524c43ddf6
4853,0.0316334116607505,2026-09-16 07:24:38.583644+01:00,f9265e5c31a5277fddfe5a00b0976f134237c10c0eb41d0f63d6ab01ac15074d
4854,0.052813036596182555,2026-09-16 07:24:38.583644+01:00,219d5cb4bb2eb62d755809c08903be27695ddc0d685d340c3df73ae737780411
4855,0.05041943155529735,2026-09-16 07:24:38.583644+01:00,e432ead9d22b41e723d305246c623cb94b1d65b188fcbc241e6bf4aab558280b
4856,0.026989971221412366,2026-09-16 07:24:38.583644+01:00,3dea10dfa8df8bdf0f4923c3d5ef21276528102ae06004be7c4fe09264189b44
4857,0.01973827415303394,2026-09-16 07:24:38.583644+01:00,acecfb5e7d8b4a2a474fcd202a2586bc21c3617c3bd842e9bc670103655d043c
4858,0.03231823351481228,2026-09-16 07:24:38.583644+01:00,d9a1e2d61f0752618e2a6bb6ab8f5d0c1f5c70061c113d8fe2be3f767ddc119c
4859,0.026802586923452585,2026-09-16 07:24:38.583644+01:00,1abccaa19f718a1b7a49cc312016506dafc7fc9c5873ec3771577ca1b84263a0
4860,0.018979696854567987,2026-09-16 07:24:38.583644+01:00,8cac266a5291ba4e98ee879b40c889728a7db98bccbd65e737e6743c1d66b1d9
4861,0.07817737683334829,2026-09-16 07:24:38.583644+01:00,88373e681b35587f8413e2dfb859ad1c9d29e1396615d5e54be0ddb09d5cc45d
4862,0.03048495073555665,2026-09-16 07:24:38.583644+01:00,78335dd6663e478b899f52c6c0ca9e0cb0291f0e546d028e35ba547953b87ba1
4863,0.04551318814165174,2026-09-16 07:24:38.583644+01:00,efd8ea7f7b61051389b64889af0cde88452d2bc30f68a3ffee9cf95a3944d38b
4864,0.10921673991266165,2026-09-16 07:24:38.583644+01:00,d6d95d4d8cf6bc77b2234e7f8e8f2b6c1f1b58e9be8cd24d8bd2b264de783d56
4865,0.03560322326009517,2026-09-16 07:24:38.583644+01:00,b23a4942eaf9d002ab8d7d52eae89fdc324789b7cb4a949366343aaa8efedd04
4866,0.05997783991700297,2026-09-16 07:24:38.583644+01:00,9897b8d1021c04ed143f43b61a5020a4a287703e8428e389aaeae4ad4717edce
4867,0.047474680151672013,2026-09-16 07:24:38.583644+01:00,feea757196602108139a6d0ed756a78c104e585ad0cad981c25ea72c53bdf774
4868,0.0486235593118612,2026-09-16 07:24:38.583644+01:00,b8f1ddfe3803ee2e232d363e74ec26b9fac0de01792179ccac242f914d8ce24b
4869,0.0514466378328918,2026-09-16 07:24:38.583644+01:00,d463b5bfb0d010afbaf4f8cbed321cb7b7b5bb23c4888aad387ce4fa7b0a237c
4870,0.11630535564117823,2026-09-16 07:24:38.583644+01:00,5c0faa3c8f18bb816c729e163273246a102726ac6e881cfef1a3703b2871758c
4871,0.06272017287224414,2026-09-16 07:24:38.590978+01:00,f6ca71d57db3edee70f149cf77e209ce9e451f896e9a0961e492a7724b0c25db
4872,0.028956181757998935,2026-09-16 07:24:38.590978+01:00,7c704108ed2eeccd7c072a61a1f6338faab781fe26b5c7785e6ce6881860f9be
4873,0.03878602075587132,2026-09-16 07:24:38.590978+01:00,be04e22c8aaaf0cd5fa8525f1517d12b01a4fecbdb931d0961b6d2bd74a247f9
4874,0.022972064354880892,2026-09-16 07:24:38.590978+01:00,eef3f25f0f36a0460cf4525eb4ba87a9d0f8a51bdbf43066b8b64489d15c4376
4875,0.052449038562138464,2026-09-16 07:24:38.590978+01:00,1cf2d354f3a3ba9a984acdc512c103e9667f816ed13e579efe6ecf433864241d
4876,0.06726660368133712,2026-09-16 07:24:38.590978+01:00,5d9cb19f8e77a2a1739a5d5abaa7d3b5c055b6895eb9ffe26dd99f0662b3a1ea
4877,0.00986357349770051,2026-09-16 07:24:38.590978+01:00,0fafdbcc04687bfbab5e4276f86439ce8e48419a9d0aad1a3c100f02f17a0de5
4878,0.03241728131642229,2026-09-16 07:24:38.590978+01:00,af1c9331691b3ca5959a422c59c5144254748d314419dbb3821b2956aeccc955
4879,0.048957513662591656,2026-09-16 07:24:38.590978+01:00,0cb15ab6fd9b810a1141bb0d4739058606d94356770e2ca997ae8fa5b7d29e7f
4880,0.033612080008245955,2026-09-16 07:24:38.590978+01:00,543e9f44fdc5471a202c9010db15f7dd16f62bd5cec6d7138556f2d0d12c192c
4881,0.021834559059203326,2026-09-16 07:24:38.590978+01:00,45263463fc971fa74c773a91f067f832111a1090af9152212a8a64bc9e9898eb
4882,0.11320005199185386,2026-09-16 07:24:38.590978+01:00,f25239b8d436fb3be1ecae3c592ed8429805ae0d65266a39aefc186180bfcbf7
4883,0.03717180245127922,2026-09-16 07:24:38.590978+01:00,e1e2458cba9df62df7335b8bed722a59b1f238dbf6f50231983e30d4756acafd
4884,0.03906933181278809,2026-09-16 07:24:38.590978+01:00,8350f8e8079829216784b84a746953ea154b8b4033e6b41cab35b3e4c959c634
4885,0.06668202609781486,2026-09-16 07:24:38.590978+01:00,f9e3639f71a74dd3eab8fcd1c0f376033887b44e0f0b65ce8b9dc479a08a5fab
4886,0.026148015584501232,2026-09-16 07:24:38.590978+01:00,49d820a1bb58981eb9c3eb322baa29d667da45b159eb18ffb8a3f064768dd229
4887,0.07656232591372518,2026-09-16 07:24:38.590978+01:00,a64968614a1a5dd352152f9157711e9475437de55a16a9f54ea58125150830c6
4888,0.04856963234507315,2026-09-16 07:24:38.590978+01:00,e434b82fadd0ea0d569142d3c1cd8a2986be3826be6162e55b1261dc83d79756
4889,0.04080119096634858,2026-09-16 07:24:38.590978+01:00,2a0f43e12e08aaf671c62bcae9773a25dc704e94c91d93d2937e8db8ffb4de92
4890,0.0653957895783105,2026-09-16 07:24:38.590978+01:00,c0d239f6d48937c5a8b4688bdd91d3c5d99a39764a829bd3a9ca2aa37a0de40d
4891,0.06656474372967072,2026-09-16 07:24:38.590978+01:00,35505dccceb97db45e84f2b16cd58cf269fb87dbc016311ff13881b4055ed74c
4892,0.13507641679975335,2026-09-16 07:24:38.595466+01:00,bd4cb01dabac2bb6702abc56dc776f9c44adb89ebca14f5f9f9fa29e6740dc5e
4893,0.07300122718559011,2026-09-16 07:24:38.595466+01:00,544126e08854847cbc9372f294bafd703ad11d476641cae0d3a5e706f5d3b734
4894,0.030217965349213654,2026-09-16 07:24:38.595466+01:00,d8e55a2288450d3c96b7b1dac9b0642f8d075614295039c2a5a6e6f5eee06c7f
4895,0.09827659691067649,2026-09-16 07:24:38.595466+01:00,bdc55a68c1a55d4e1646cb76435df7d48e31b4a8cd7e3c7986eed16b9d38b217
4896,0.10200945827181834,2026-09-16 07:24:38.595466+01:00,833ab2dc4d8745014a43c777f031e10cf556262c2ab04aae652eed236d50cf6d
4897,0.04291280758210605,2026-09-16 07:24:38.595466+01:00,f6d317df98e3a4b28f7bb9f8c4b7490cc6b074ad3fab89d845c98e0720f47060
4898,0.15246211155027925,2026-09-16 07:24:38.595466+01:00,c76f457d140403030c0ade77250ae45d4970b8776da0b63dcf9a0f2689146016
4899,0.0519543200392287,2026-09-16 07:24:38.595466+01:00,98a3f2775d98f6baba3586330d384543e52bf33440fd010c98fd0322b790ed7f
4900,0.10379716715273733,2026-09-16 07:24:38.595466+01:00,157ad075bbfc0f9b40b87afb29a5c3c2736932fd30ff3549dedf6e6e78c708f8
4901,0.04320119160858039,2026-09-16 07:24:38.595466+01:00,e83f8391431a33db7407b209b09ed5597247cbe8ed726d2ac914061441e249ee
4902,0.0643527873293776,2026-09-16 07:24:38.595466+01:00,8ee2627a17a1b65a1751c695445b55f577a155eadd9e645d780b1327fa88fb6f
4903,0.10273795022063867,2026-09-16 07:24:38.595466+01:00,5bfa554c035326de3923935f3da056b9c21611a254ce29035f08e2b60d44c853
4904,0.10421880939342845,2026-09-16 07:24:38.600882+01:00,30c0710508eed8163e1869f1ac4dba229d27c3bd319e2bc61b3ee6c150f0d294
4905,0.09324378691499122,2026-09-16 07:24:38.600882+01:00,bf17114b674d1f1dd7f767ef12eed460ae08cf1dfd21de14978190594cac9790
4906,0.03886558147573255,2026-09-16 07:24:38.600882+01:00,4539bf6c33fb9bdafa7d75d2cbcb9717a10615b309510f2ba5b06618d6c23942
4907,0.10238199498383775,2026-09-16 07:24:38.600882+01:00,5b31a30fa4d0dba84f26cc8d47433eac92a0961a7982d707218b898ea06a3cbb
4908,0.12545022354636634,2026-09-16 07:24:38.600882+01:00,37edfd8b3089650b84fef8c1c9e5972f985f1e9d6805953400c6370c5b3e1c4b
4909,0.019074748889347518,2026-09-16 07:24:38.600882+01:00,dc4f049c9c15d906bc1df58110428d050853493a724fad84c397ef1cbbfe1a73
4910,0.11848521592022516,2026-09-16 07:24:38.600882+01:00,d2d790f64e89cdbcba46d0c9252ce49470f475b6ee0c2b9dc9a50802b49b1b56
4911,0.052400624083736934,2026-09-16 07:24:38.600882+01:00,fd4fdaee3cbf43e646c52f3c0236905e53a57b496028509a6ded939a90d5e8fb
4912,0.09897856023925038,2026-09-16 07:24:38.600882+01:00,858efeb5cc318f4f7c22778271fa81cdb9c3b64921f9a62082a37a12f3ec5339
4913,0.03264965236707218,2026-09-16 07:24:38.600882+01:00,661e5cfe3ffa0facfe20b76fb640fcc82cf0b40e88db1c40015204aa5cfd9d00
4914,0.07483717004049623,2026-09-16 07:24:38.600882+01:00,eb438d931e9b112b7f6c59a77c9f4ada22412c40e859b1a67f6e6b2e3883de1c
4915,0.13941363214551528,2026-09-16 07:24:38.600882+01:00,07b0fb92767b95a06c70657d59c621844477efcb15b1ee44456802b8040a9bed
4916,0.07011856096879111,2026-09-16 07:24:38.603660+01:00,19b4eba3b2b049902b060d5463135cebe556fb291e7e0f2f3ae97abccd8b485e
4917,0.10108882419320508,2026-09-16 07:24:38.603660+01:00,d0069135a2f4f14df90e740762f71b63bdeb22d8fa03b91f8e5787a18a8c80b0
4918,0.06461617166185205,2026-09-16 07:24:38.603660+01:00,7c99d5d97fce0f573382f42c0905273dd31b712269183e56f4b7a0898244dac1
4919,0.04797703152171166,2026-09-16 07:24:38.603660+01:00,bcd4733f14479094fb721727d3580f68cc46fc3676f0d17c2f79e99ea04cd7a2
4920,0.09058787760877722,2026-09-16 07:24:38.603660+01:00,0dab911376dcad12c5b0bd25518faa0a23824d9f8bbc323a070c4cf8a7fbebcb
4921,0.04703437380256116,2026-09-16 07:24:38.603660+01:00,2cb7686df551e55349a973ec7c1b191fecf5e46207f1fe306d06a9c17b85cdfb
4922,0.04894245879120153,2026-09-16 07:24:38.603660+01:00,b99cdc6ff9b8d9bcfe3efdb269c94de06cfacb51e8dd558c248310b33f3ef6a3
4923,0.06543804541699964,2026-09-16 07:24:38.603660+01:00,bc9328b9803d6f65b05101653f47cf735b210dd1607af52b9681cbbc9a0832d0
4924,0.07159013403343373,2026-09-16 07:24:38.603660+01:00,efec9108d91ee15761c42d0f430e1f6922ebd01f9652a45501297a72df7b2f75
4925,0.05474095919235244,2026-09-16 07:24:38.603660+01:00,1d9094bc10b60fb21f4a01a4cbba63256f81d533fe4fc065f1e12ff3ba12a8f5
4926,0.19436574926706088,2026-09-16 07:24:38.603660+01:00,bd22c19307bb79c3fc5494015f50a6f7ac47ae3fc4107977e8d1a85f7fa1dfbb
4927,0.1434998135420536,2026-09-16 07:24:38.603660+01:00,85015a8266b055985fa1cbe43d93c7543a6bf69586af271232db8bb071183716
4928,0.061044574287827,2026-09-16 07:24:38.613513+01:00,76e1c2f92c91095b5a270f4d2fb8a7ba704487639852d74e525badd49a2b0ffc
4929,0.1170719745422682,2026-09-16 07:24:38.613513+01:00,624d96a4f0bc2d30922aba730a76d0f571b1eacdf6e69ee23a5729b4560ed56f
4930,0.06347869857746037,2026-09-16 07:24:38.613513+01:00,e3c39d8f06cb4b4489c027be3721a524d64e121cbbceb1f2acd0b2574aec648f
4931,0.02682028587414099,2026-09-16 07:24:38.613513+01:00,3625547dd435e766332b79289cfb620e5677886817eae9bfbacb3beb64e2bd22
4932,0.12486695065642306,2026-09-16 07:24:38.613513+01:00,ae0ae1e69d2c3a497130ea76f56fe1f780b4265f16dee7b1875a0d8067795ddd
4933,0.03816426437293241,2026-09-16 07:24:38.613513+01:00,99416020ab1b57ff986852734f0f51905eb20107ecf57ebab60bd2812b9ababd
4934,0.05085913438765091,2026-09-16 07:24:38.613513+01:00,9a650b6b5631604bcb70f1b919a30a5ba854c62f7b3cabf9f4a854123d69985f
4935,0.06014128558875467,2026-09-16 07:24:38.613513+01:00,ef10657a9121e7c8d5b7f2f302b0a56f9678d234aa4de0ab762410324ba9b6b0
4936,0.06361149031286605,2026-09-16 07:24:38.613513+01:00,150194afb34ce97c9a7b33b04ef774ff353396b441aa560fea35ada5bf8fc53e
4937,0.03842201847565897,2026-09-16 07:24:38.613513+01:00,93b7bfdd9ee1df702e7b9488348bac69b3ed01f7c4f904394a17d037d455e624
4938,0.2478084789963566,2026-09-16 07:24:38.613513+01:00,7a87c4672ff882290d763653d1b1a3281acd5c199dbe8bd30456514be49b7cce
4939,0.10771084392766082,2026-09-16 07:24:38.613513+01:00,893d0e48f78946bbbc308cfbda5d767e4fd187d77122e51b0c845205649702fd
4940,0.12438352369150048,2026-09-16 07:24:38.616171+01:00,80344be1b725cf9f31429719fcc78f6bf649c1048b1ea55795fb5581bb8eca19
4941,0.08393760651496433,2026-09-16 07:24:38.616171+01:00,1de0ec7eb65defe9fa33d8824d30e276e5d23a4b4f278bad949d571836743612
4942,0.1400497694891499,2026-09-16 07:24:38.616171+01:00,73978945e93427cb30ea02a66813cb28f8ed17b37bcd41eb57b0ebd67dd8ce23
4943,0.06598101587181913,2026-09-16 07:24:38.616171+01:00,e9e7b354da46790528bb702ac2b3d9d256a79b1e48041af0f5f4d3985c4a642a
4944,0.20642324852938265,2026-09-16 07:24:38.616171+01:00,67e69a4a98f99814785ffb93bfbe392f04303e8e2146294e9d7021e3385691c4
4945,0.2360708595357041,2026-09-16 07:24:38.616171+01:00,d610efb36f7443971912298b337364361a248748e43c7c862c5a35c7438d8aff
4946,0.14315397636747942,2026-09-16 07:24:38.616171+01:00,5b5a4377a8027a93f68198ae3d7ee513765a22a478a150b6a2a71beeccdab506
4947,0.08685388163765655,2026-09-16 07:24:38.625533+01:00,b9991bd8e0c44c86327d9552a825f8d3f64a00782ded6dd92684e498d58c5252
4948,0.07275432883858438,2026-09-16 07:24:38.625533+01:00,a57eb91b69a4d654bf766a2f11a4a1c37ec1ff00c85048d89d5bb25789b06b28
4949,0.16397928230979095,2026-09-16 07:24:38.625533+01:00,e2aab4d48ab4e92c44e5ad016413083cc8b3ca30bbb5d0558017e1a908360610
4950,0.07796875164535015,2026-09-16 07:24:38.625533+01:00,1b0a46821e23b3c9f5d6bf19384f3d8e39dca1fbd9a7a48416e3c1a9babe03bd
4951,0.060487987777177295,2026-09-16 07:24:38.625533+01:00,1ccc7b7a21ca1471c8867e88d9b7173cfa87c79fd1ddf7b80574c3f74d8263a8
4952,0.4373508754920615,2026-09-16 07:24:38.625533+01:00,7dc8c506c1ee8e9894cd2016f40f3d2eabda784835eac98bd0c5b3348a460b6a
4953,0.10060489229937909,2026-09-16 07:24:38.625533+01:00,777ce45a16ee7acae2de28d124cbf2b8bd9f6d7825497963279a4cb5f9a76ed7
4954,0.2572256205736613,2026-09-16 07:24:38.628049+01:00,10437745c17e446669a131283c68ac4b768e7307b387f6a885c7da31b21c3141
4955,0.1972684352797168,2026-09-16 07:24:38.628049+01:00,60268a8ecf39ea66dee71003aed6dea745d19a5e7a53292a3185cb556017cfeb
4956,0.1919340424352036,2026-09-16 07:24:38.628049+01:00,f0d1a8a47416a6a1584da5dbe545a371c4057c726c5e71383c898da688934def
4957,0.12064091414146622,2026-09-16 07:24:38.628049+01:00,bfb84956ee4529c7863b03809e80d2779956d5ee07a620beeb4694b44d78159d
4958,0.07384032184095238,2026-09-16 07:24:38.628049+01:00,2583a0de8c61bc706d56595e08af65dedacec3a9d2d46cb6ba8fecc0a24d3308
4959,0.1590906657289997,2026-09-16 07:24:38.628049+01:00,86fb06094220b7d16c0122b52d60d3ee8dfa82c0dca77be7f56343afbfd2dfdd
4960,0.25124192062460454,2026-09-16 07:24:38.633702+01:00,1f83ba6fa6bb75325ed07898cd8e60e4806a05ae6cbd622fdef36574066f4931
4961,0.18426021469578602,2026-09-16 07:24:38.633702+01:00,c90b98fb705249b60ae29a8a475ba4abd578931e18304dcd63cfa86bc10e5342
4962,0.22023789557755885,2026-09-16 07:24:38.633702+01:00,e9b24b9346e3b858bd865a23c1077726ac26d1b9058fb65e62785e3833cc5a2e
4963,0.17708305650402795,2026-09-16 07:24:38.633702+01:00,740b61266389475780ca95607364ca3c2d45fd42f716d2221b9a0e7800823971
4964,0.03571835191192336,2026-09-16 07:24:38.633702+01:00,68ecc68d900b8e8bf4b293ee466170f4dabff4f800773770abef27ae413783bc
4965,0.13145856068609926,2026-09-16 07:24:38.633702+01:00,89f27192dda69cded9413c5a4156bc24c26ff3a3adda7a94eab253d172a7fade
4966,0.09190415102948248,2026-09-16 07:24:38.635457+01:00,60560e53dab29d119185310d8010729cfd0af2284c6ebea4fc68443523a40097
4967,0.04395122233469059,2026-09-16 07:24:38.635457+01:00,f9dd33ec3bcc6cd3f5336e43e9a0e75fe33dccd68428bc928b4872230fd665a9
4968,0.07175082986519343,2026-09-16 07:24:38.635457+01:00,d050c34924069b526a4432e6158647cf52f126e1391771f76ec76b5e2467b5f9
4969,0.18440958311450203,2026-09-16 07:24:38.635457+01:00,3f8ed4bb22806bd6552571669a3c1800f76ccb66979b5881a786a039fd00b6c3
4970,0.07231850431296248,2026-09-16 07:24:38.635457+01:00,b4e4c09ded1b690bca116ef1b0c52f3cab22017ecd658a9b8c4076800863bf6f
4971,0.0689163273507616,2026-09-16 07:24:38.635457+01:00,1df10256762b5c362bd903c1237cb2177a0c9e29fb677b3890b1976462c21eb4
4972,0.19746347151936164,2026-09-16 07:24:38.635457+01:00,f552d8cf458453bf2843ae4efb21721d8bc5139e4cc33356c77f683943184a7b
4973,0.15478270620293783,2026-09-16 07:24:38.635457+01:00,7dc329b10b9b534aa9a7102f02b404b152d03e484c86cff95a1ec3c0401d1c02
4974,0.11450320427010795,2026-09-16 07:24:38.635457+01:00,dce744314b45e73228bc06b1016cfe3078b189c830e1c7467c749dc227f48b7a
4975,0.13016772415410313,2026-09-16 07:24:38.645420+01:00,e0f69c7ff7cfad2a24719926aa1b7da3d8698281af21fa1ba71b093815024482
4976,0.02851950921755002,2026-09-16 07:24:38.645420+01:00,6cff357a4b6ca82eb2b06ffcf882a262ce322978d5691c2529b6a3063b7ae345
4977,0.05418847581646354,2026-09-16 07:24:38.645420+01:00,de4b2cbcb1a4ec339b52e9c419abbb57a767ed348cb2057fa18ab15cc34c1e28
4978,0.124171457931308,2026-09-16 07:24:38.645420+01:00,52e0513474fe8fcde6dc14eecc7d0294abcf0fe91d58f9eca085bd363b1cd9bb
4979,0.06120555612750322,2026-09-16 07:24:38.645420+01:00,3ccd773f5b37a80cfb162e3d489e26b29e4ad90b0736c40c2638d64975842fa2
4980,0.08248541522992191,2026-09-16 07:24:38.645420+01:00,69c1ff5b52d5aa12fd319f9cb96b3f8c70a595f3e831dbff9da325f2d2d32c49
4981,0.3107780284744748,2026-09-16 07:24:38.645420+01:00,3f5985ebc6e82a7001ec06d6a84876931cb6f857d2dc49b81c5a6d3f63555b3f
4982,0.11188432519753161,2026-09-16 07:24:38.645420+01:00,8bbccd8adca64833bd53c151542b3bc6adc543c498689aa99cbf790517c305b3
4983,0.09659950785114381,2026-09-16 07:24:38.645420+01:00,472c295f2ba4104f6e87790aa9f69bd3c0d6ff32ceaba45aa7b12fdc3eb45a4c
4984,0.08242580602246385,2026-09-16 07:24:38.647661+01:00,96e852eb65b910f72c56244e1c31b532a8baf032af358254348a2ed05227dd42
4985,0.05876794191231535,2026-09-16 07:24:38.647661+01:00,15c9494e90c08193d7d571576fef2826266e1f6ce7e345352233e6b4547af061
4986,0.06366640257432676,2026-09-16 07:24:38.647661+01:00,1bcf91a23d7620f76add579c3c42de189d36544cc5355c11e0c6d1cebee6becd
4987,0.15086790876862008,2026-09-16 07:24:38.647661+01:00,c5a98f36ed5954f89668f47e7471c2cb0d1cd40aa92a2a2d3e1e70403ff553d1
4988,0.12845945132148248,2026-09-16 07:24:38.647661+01:00,69cfce54d3fd7febe27d7abd10fba631a4f59357d51f4adfe72649a104484b98
4989,0.041917816928756,2026-09-16 07:24:38.647661+01:00,cdd4a74e4a65472daa6c4143b5372bb597048c6847505badd9617a59715e28c2
4990,0.06535371650900723,2026-09-16 07:24:38.647661+01:00,dd4cde84cd48f29a47710189ef14ebc0f9c94648aeb8444c49e810adc5dcad88
4991,0.12219397249238113,2026-09-16 07:24:38.647661+01:00,cda628a41c3c33ba8f08f98f48168eb7a1ccde5e9b738b1c7f1b99f3f83214ac
4992,0.11583545765219837,2026-09-16 07:24:38.647661+01:00,f08577179f678bef5bd09f08bace52a68407348916cc24db8c6e28bb23a939da
4993,0.10439713103764325,2026-09-16 07:24:38.647661+01:00,130a03003f8babbafda400107b8f0f541de6a6f8073f452f61b263f95c89a22d
4994,0.06611439478080543,2026-09-16 07:24:38.647661+01:00,e003a5e32bd5cd09617534616d5129f26afc4fea284292b36d54fa3f9d12a6a4
4995,0.052566107036822005,2026-09-16 07:24:38.659752+01:00,539e2e59c9384b2ea332956cf04992f94f1f8157161d5ba8102e524a77759042
4996,0.053079270644012015,2026-09-16 07:24:38.659752+01:00,33481f9dc29bc4a397403c4dd64c7e46fc5939f9250c2be43dae5228820faa04
4997,0.05324432945523561,2026-09-16 07:24:38.659752+01:00,6c0e73d0b16bc0cfede81c2db420b1328ea4527fcea68573ccaefa32b5f683ce
4998,0.09768629219452692,2026-09-16 07:24:38.659752+01:00,e0115a0b43ae977811a0f1230c14960224fb41cd9a37356f85bb4327445bcfb6
4999,0.08334215251552822,2026-09-16 07:24:38.659752+01:00,3bb999f26088db7b4fc613f665fbb96eb5e8ac9183b3aaa3800e1ae9094aeeda
5000,0.06893750326807627,2026-09-16 07:24:38.659752+01:00,1ff1dfd99e50f9732fc731b4be4b35d47d97afeebb77dff991206835dccd8758
5001,0.0550256626220644,2026-09-16 07:24:38.659752+01:00,07864b3fd0f3aabffe8260b8fd1e681e0d8a8501c54f9d45aa8092e4659a7722
5002,0.11091211560600198,2026-09-16 07:24:38.659752+01:00,5839106b8ff73205b5198d5e73ec05017f4b00ce6a0a1ede111ec0ce07f5819d
5003,0.15499918662461123,2026-09-16 07:24:38.659752+01:00,cc17c6d669a99f1fd62a04cdc8056b2b44a88d3bcabf52b1355f8b15679459d8
5004,0.10295176063616857,2026-09-16 07:24:38.659752+01:00,87c46dbbdc6471502929ce9effe1c5d06342d0f259c90379dee5a268c9ee9f9a
5005,0.1672556193969528,2026-09-16 07:24:38.659752+01:00,5a40c31b3180ec2a8f5a0193dbe2e99f8de371e1d7c66c990e1b1796ffa4bbfe
5006,0.08757148933821124,2026-09-16 07:24:38.664296+01:00,3210bca194b976cda3758272b84d2913ee71d98ab61c269ca2d79ca66e4b1065
5007,0.1842478341892146,2026-09-16 07:24:38.664296+01:00,98ce728e08d33ed934d760b2018b11a726ac3abcda4a128257f63bca0b43a99f
5008,0.2869625168949719,2026-09-16 07:24:38.664296+01:00,e6b0c4a716453e77ee24a471e8616f088469258f9ee3e11162a5379c793dbab1
5009,0.2941524316389574,2026-09-16 07:24:38.664296+01:00,dc84f6741eac029d64682b2a6c58ee2165c8c69847cdaedcea2ea0dfad1a2106
5010,0.1470657279386449,2026-09-16 07:24:38.664296+01:00,0e4286ee044d3e57a86e1ccbfe38da3b775db0d142372621f6b1d145a5c5ac73
5011,0.10551247705304478,2026-09-16 07:24:38.675791+01:00,9caef33db78966748b5942da9eca5ff64be797becf31aeff27c7a6760495af08
5012,0.1553507076472211,2026-09-16 07:24:38.675791+01:00,bfa6103d1591a1f1f8a9684dade8f13c0bb079e609903f1a30b69eb199cb11f0
5013,0.5335915962116344,2026-09-16 07:24:38.675791+01:00,bea6fbb3f07667db4613a037d75eb2ff02baef1520c4d65dddeff03ce4394faf
5014,0.12853722404838605,2026-09-16 07:24:38.675791+01:00,8ab9bc7f317a9a1e64c05fcaac4c7cf1db5f927a4a7f479deb75cf0ba0b00cd7
5015,0.07700799503971359,2026-09-16 07:24:38.675791+01:00,d2e7ec67827ef92228978a344b3abbb4d94b63866f50b248ededbcffbb7efe62
5016,0.14749695993995748,2026-09-16 07:24:38.680087+01:00,6cb3d5483986488473ba27041e63b4a794343991a89bb8de014e908baccc467e
5017,0.04822702837305938,2026-09-16 07:24:38.680087+01:00,197592a22277206ec8b6f6f6f5394d8e72664716231d84eb78576073c59938ec
5018,0.11615372186720603,2026-09-16 07:24:38.680087+01:00,c4a0c5a7104f6ed5f934e5ab6f241aa0da86d6a228cd5618d40a7ead2d8bf4b7
5019,0.05670133842398703,2026-09-16 07:24:38.680087+01:00,4289b1f0ba0dc4c15a9950daea8443f7cc2e78c0a6d81c3764bef849a39647d2
5020,0.1203458265754798,2026-09-16 07:24:38.680087+01:00,f66cc59eca74ef4387e8b298bb8aeb510d6221cbf565a7d27c9e7a82c3f7fec2
5021,0.05724259283628486,2026-09-16 07:24:38.680087+01:00,3bcd4b2c61090e2d495f9851b891dccac7d3607cfbfd2c1bc041df74b2901f19
5022,0.1190827403270242,2026-09-16 07:24:38.680087+01:00,41df00940f0b014bccd60d5aec25f00b15f2cddfa5d2f474940feebb585f90d1
5023,0.15734826779680822,2026-09-16 07:24:38.680087+01:00,4b8ff656959c1146a554c5011151c6c75de6bd609c49207245e570077c32ea03
5024,0.06074546432554084,2026-09-16 07:24:38.680087+01:00,6e25b18c972b9a00e575e798190df9acc9bd31526bd9ea294c30c8835fbef71c
5025,0.06850919438203372,2026-09-16 07:24:38.680087+01:00,5766c0dfd4a9812b3c253b3f93dfadb492cee7756a1347932aba6ca525e0ac57
5026,0.048146865152618394,2026-09-16 07:24:38.680087+01:00,8a395de4218d12f224ee63f41ffb61b9de60e337d225f3e70993f21e3bc78baa
5027,0.10937930775924982,2026-09-16 07:24:38.693201+01:00,ef8e95579506e34060e2d944e0032144e39d128204902412ab461b81b564b72b
5028,0.022877466010631516,2026-09-16 07:24:38.693201+01:00,7a063be3df6edeacb367bba4be35ed3e50c7be8edabac1bbd3dd6420ecbe10d1
5029,0.09268670377525597,2026-09-16 07:24:38.693201+01:00,2ddf0a5c61df896b36e857d79e5194033a735050a9f736c7119a5c4192c64a61
5030,0.08694815255253785,2026-09-16 07:24:38.693201+01:00,9cfc844f1c7b594c3faa81f3ba0453f72f0830391cfe274b2e5db885bf8d51bd
5031,0.11163523938786957,2026-09-16 07:24:38.693201+01:00,96be63d6e17e5171d970d19f5d665c64f51125a110ca67ef74ab85e29fe5a12b
5032,0.030149668689052157,2026-09-16 07:24:38.693201+01:00,396aab6aedf4d0c0651c54c45553ecee5299e0789741ed39a14a2c099fe49872
5033,0.1553473155955388,2026-09-16 07:24:38.693201+01:00,6ba3614e3cd191124a7786dd7d4e39af1d17a4639a4b5d8c70f898ce83a9d3e9
5034,0.12607352018353787,2026-09-16 07:24:38.693201+01:00,780a6214d1bca59f69cb42fdbab3fc2a5cbac65744b9762217b5d465b381164c
5035,0.09371605858630462,2026-09-16 07:24:38.693201+01:00,02ae6baf36423b091161310088df410f04438a35653380875ddc00b7e06c4081
5036,0.13044450700649463,2026-09-16 07:24:38.693201+01:00,ffeccc6ae250e6f110d4d0db737d8a724ca7d5a900164446753f8a64d509caa7
5037,0.040742060453527386,2026-09-16 07:24:38.693201+01:00,44c4d4be12423c7b548ed26476e829011654a930f759c43ee129290ed24bdacf
5038,0.08749459692871094,2026-09-16 07:24:38.696472+01:00,5b96218285443d502b610954fc335b8b426eb76bdc5d57a285b9817af8f3a8f9
5039,0.03633121748768086,2026-09-16 07:24:38.696472+01:00,4630001f3c370acf7345273f3f2b7da0ce76ec7fa63f0236511dee57007d202c
5040,0.052316416467242256,2026-09-16 07:24:38.696472+01:00,1f4bf40d5102dcd14bd24cb1a7ecfab7416baa4fc3e0b9477315b1ce33bdeead
5041,0.11290103079954703,2026-09-16 07:24:38.696472+01:00,7317e318a4194e22e6f53f1153a4bc70153ab37f0824eca69cef15b3b9f774de
5042,0.13753243788287237,2026-09-16 07:24:38.696472+01:00,6b3b73f5d55b1c455954384c28de0350818f5f71e5a72c3b7a2e621d3e13998a
5043,0.07168444511632752,2026-09-16 07:24:38.696472+01:00,90773c0d9abcbf44d6d0c53326cd43d4ae506f90a09679f78e050442a8e6c9cd
5044,0.049876857393271586,2026-09-16 07:24:38.696472+01:00,cd5e91b36d34618bc805283752540e7d0974053c9e0e62b6c4fd7eceb8cfbd08
5045,0.13467638948826363,2026-09-16 07:24:38.696472+01:00,df66065956cee8fba6def538f3916f9e7afbe55248df07d2c020560c518ca6ac
5046,0.03447509321935322,2026-09-16 07:24:38.696472+01:00,ca5457e24b2b6b0645cf533ea742d41a2d81a57130c5a8204f2d4b7f179aa634
5047,0.10185740651245818,2026-09-16 07:24:38.696472+01:00,9d6e3be1d3b4e7aba55cc497efc90d70caa50d59a97988aa82b65d2bb294ce3a
5048,0.09308938743017339,2026-09-16 07:24:38.696472+01:00,3314df6911f6ffa5bf97ac8945203102f1efae8d556a17d3f3513d3fe7ab48c8
5049,0.044680261442475236,2026-09-16 07:24:38.696472+01:00,a525b1c7270f153fca25cf3df0f2f02bf50f8d593086a04cc9795b50f443d81e
5050,0.04308445983162379,2026-09-16 07:24:38.696472+01:00,30f5e294a110f86f2fe5b4448b8c755be621891e7c521005c114af1560ff41c8
5051,0.06734679755582229,2026-09-16 07:24:38.707512+01:00,146895c4dceddd9fa2c82119c266508b9dda905b1177270433541f3e99542b93
5052,0.046815209830133625,2026-09-16 07:24:38.707512+01:00,2b0a8dedb1f60b566b67802fe2126aef0da29f36201310b7dd1aefe2250390d8
5053,0.1280350764681565,2026-09-16 07:24:38.707512+01:00,01459adeab155edfa95b6e966357b5e82fa3ee8688e51ee4553d559430e7c4cc
5054,0.12083854273534733,2026-09-16 07:24:38.707512+01:00,3f204b7f848a09e74fd0a77ea6d13a419c6b5829e340358fd3b8aea1ac97f7d5
5055,0.0975654539463373,2026-09-16 07:24:38.707512+01:00,5bf6e72c29fe1d1bbe10f5eab1fb21b90d0ccbc784beae2637fe25501c27849f
5056,0.08958734479368786,2026-09-16 07:24:38.707512+01:00,b9d378250d97dd1c0d56b704025a458fcbbbdd3eb16ffdff8b2cc39bf6f4b710
5057,0.0352794083202995,2026-09-16 07:24:38.707512+01:00,a15dd30d239591d6db86cfb6efb96bf14571560ebdcf49c0898b8eaf999d9231
5058,0.12287002760176491,2026-09-16 07:24:38.707512+01:00,033a426c5e3c614295f9b92059381017e5279d404cda0323ea09498c07dffc2d
5059,0.03309673013898794,2026-09-16 07:24:38.707512+01:00,474bd47b77eb87483ee2117544074c1a8c94a4c5030d066c1f85642677d6ac79
5060,0.12199339567130843,2026-09-16 07:24:38.707512+01:00,ef31a70ec3267032a692cd4e21a6c7f805e3d5f52b5af2a6c5bf19075b27ba7b
5061,0.055619734488404286,2026-09-16 07:24:38.707512+01:00,4abb51b17cf6e43fa3cd9e476804529354ede112f7c77fca0735ae1516260a56
5062,0.04491960312652766,2026-09-16 07:24:38.707512+01:00,eb68bce9e9d138d91de4db209a203aec9b8eb71fadeabad36de2429d044a677e
5063,0.03603267532322226,2026-09-16 07:24:38.707512+01:00,897d2fe31ebbe3330f4744720658e911bbd60beffd602ac2f6bda62148ac9cd6
5064,0.2609143534537441,2026-09-16 07:24:38.711684+01:00,80d3ccc2dee54fea778582c6b152a03cbae177cfeea97803042de05ce5401946
5065,0.04968287369760589,2026-09-16 07:24:38.711684+01:00,77bb7f3bbcd18181bac66f3bfc0084ffe222274cc9b06d79a38b616d19a1392f
5066,0.35462228042690525,2026-09-16 07:24:38.711684+01:00,f61d7f6bbbcb89909e0fc4f3969d65f47682b0df21bf0a914c8fd93ba0f770d3
5067,0.06099039332223877,2026-09-16 07:24:38.711684+01:00,a163c567a82524b98470a1f4ccec4e0e392ce8f497541b65456b797a3bd00be2
5068,0.10565629392785642,2026-09-16 07:24:38.711684+01:00,78198d968cb54d781468b028befd7fd75bff98c17efca075b06677c3c7b88c6c
5069,0.04587242691105901,2026-09-16 07:24:38.711684+01:00,a25a34eb8c94c283d3b15aee35915b88685acd1b8e4410fd1301feb06911c504
5070,0.12226137826059069,2026-09-16 07:24:38.711684+01:00,44c4c40d3a1bb54835d199ce092b21c4ab253751bcecfea475440a68b633f7e4
5071,0.37040515252186185,2026-09-16 07:24:38.720404+01:00,dd327e2736f2e41d75d7b8bb68caa4d920c4f220ea39e5180c28a94d5703fa64
5072,0.014422210294098849,2026-09-16 07:24:38.720404+01:00,b0046406d53b3c568171aa66f6d1a2bebd5e30448effb6a00a493d42ff99bb6d
5073,0.303984128373255,2026-09-16 07:24:38.720404+01:00,47f3fb20d34d74382ea09cd97a20b94e394edddd2d3a14362e2788b8c230da68
5074,0.008199619256922022,2026-09-16 07:24:38.720404+01:00,5c00dc049c49ed5903c381fcb1af51bf3f7a98372ea0b2b9313eb465bf4a7117
5075,0.09503143489537136,2026-09-16 07:24:38.720404+01:00,a276f6bb2923e078afe9a76238774c7ee81440989d3758178b316314168749c6
5076,0.13967530209157134,2026-09-16 07:24:38.720404+01:00,0ffb5574234517f691a93d1ee1324cb32f0fbddbc22d64d74a020a7980e1a046
5077,0.0682821525669195,2026-09-16 07:24:38.720404+01:00,6c777ff4656f389599a194de799783ba00bd0220d16ef0b56bf67696b95e2a46
5078,0.05912961258223438,2026-09-16 07:24:38.722149+01:00,bb20ff16093c6c20ea2ddc24e88421742d5cb445e9b500845fc53db294d4ec2e
5079,0.07487463504642784,2026-09-16 07:24:38.722149+01:00,d03c817698b6933325fd63209ecb377e3aa61a96fc46790f8cbb9b49b5e9715b
5080,0.059120814416641555,2026-09-16 07:24:38.722149+01:00,5b178ce98499c72eb5213b4a24ba3a4d97d06ab35ad93967778f52e0094d3843
5081,0.08861308011543795,2026-09-16 07:24:38.722149+01:00,1849d448acad3829dbbed1fb7c9002ac09108495558d889c443c6e5679049404
5082,0.05520659843525227,2026-09-16 07:24:38.722149+01:00,7bbc1e28bcf7c039e4766ab03ab8e1ab68adee538fca70388859cb37b7af6a25
5083,0.0880519478127405,2026-09-16 07:24:38.722149+01:00,ea0cfe6a0d5fe1a77f539b05250d9bd335cb424a291697237f9ad00c1db05c55
5084,0.06663155003775202,2026-09-16 07:24:38.722149+01:00,32fda92e7b7dd85caff9a5068e203f96e4a4b4da8a9ccf1a09bb1eb586b7deec
5085,0.09658561184968863,2026-09-16 07:24:38.722149+01:00,ca4ea50b22eaca9b1e2b5ee624ee684a181adb4982a8c63c355ed36de77eefd1
5086,0.2013453972858155,2026-09-16 07:24:38.722149+01:00,c3df2c1c274cd5754b4ccc81e4c14afc7491f631380d5332abf1351825e24d32
5087,0.050120105562322055,2026-09-16 07:24:38.722149+01:00,f505e6ddbd390048fb601a7ab495e8d3e829dd9c607cbd314ddfecc18bd0a0fd
5088,0.08917523607085191,2026-09-16 07:24:38.722149+01:00,9b0bd0019f3ceb06ab54cd5e5d07698546dd55f9918ee89c4396cc12e3788ebe
5089,0.07114541078483531,2026-09-16 07:24:38.722149+01:00,55824714319358f1f532ed45342853bd30ecf24f4429dfe16d46d983d6d6894c
5090,0.0534680010080623,2026-09-16 07:24:38.730884+01:00,35d3833151e9ec91706f79986474a3605ca4d8607052f356f2225b95576ce6d6
5091,0.023626400451287867,2026-09-16 07:24:38.730884+01:00,f536186174c08aa8cb9741c9ab6e8280513c4c9c0a93be62114167dee368fa05
5092,0.039165688702702164,2026-09-16 07:24:38.730884+01:00,0139e11bb5aa48d360716e3cf3c73c0cadc041869a2094f1320e2842ddb5b885
5093,0.06055900234399838,2026-09-16 07:24:38.730884+01:00,c52f4ef6174fe559d747d4cd9dae463264b75a23bd6d0b0d680d8f70cabc44fb
5094,0.06345194684036586,2026-09-16 07:24:38.730884+01:00,5841304453b908bb4b8ed31931c813ed42e0d7cfce5fcb4301708e22d5811903
5095,0.1189729906020672,2026-09-16 07:24:38.730884+01:00,ebbae8bbf3be55853c6bc8edb3185ad12bc1eaf4e1103f7a8812396b954fd58c
5096,0.06459320856878496,2026-09-16 07:24:38.730884+01:00,571fe5dc60365a36a95bc1ca65bf0f125d2ded110b311531082496529925f2c5
5097,0.13812266145471055,2026-09-16 07:24:38.730884+01:00,fd941fa437ee9f1c4b3ec122dadb7c9daaed44688cffa8703e0cb1e6ff3b02b6
5098,0.2543922890745254,2026-09-16 07:24:38.730884+01:00,c8f32e9c1c75f79edcc572c10e9920f39077ea8fda2fc9062d108a50e52d0847
5099,0.05355288055255734,2026-09-16 07:24:38.730884+01:00,14ea06288ed1b6156594aa22f35ffeca5ce66f7f10ac83eb3d1e0c2748e9aa3f
5100,0.052210110909016255,2026-09-16 07:24:38.730884+01:00,8a839fe616bb61927e79bdde8ccf258d03291ae6cb94ce68b20cb0a62be71b09
5101,0.07788481949192179,2026-09-16 07:24:38.730884+01:00,347f2f128f744c083d86e033bcf4676d5b90e591a7cd030bc0e0d03077ef7726
5102,0.06442333874108916,2026-09-16 07:24:38.733449+01:00,5a00372ff9ebf5384b16e96168fa7f07c0f2483594cfca90b58b70e5507394cf
5103,0.06384392106954624,2026-09-16 07:24:38.733449+01:00,fa632c2a708e84a2b94c19ecc45d87cde6fac931f17de733290054616a14b459
5104,0.09989825962798037,2026-09-16 07:24:38.733449+01:00,a1136d251fb0ea906a87eba61d6f737f62592f61eebcb40ac6ec28535a8336cb
5105,0.08529523024638427,2026-09-16 07:24:38.733449+01:00,c7d551630237b9c340ece2a5d8061f82dfc22edcfa4c95166a8510d012689c6b
5106,0.07145346645305005,2026-09-16 07:24:38.733449+01:00,2492605ed441373b6303d0cc415da9532592b4c5d7f133da4684929566da6d0a
5107,0.0804606496401799,2026-09-16 07:24:38.733449+01:00,e8b20cadac2b6dbffe7d903f745330cf3745374e406fe9a225839c08d8cd337e
5108,0.04419007116680089,2026-09-16 07:24:38.733449+01:00,6fc1c050cbd0d1c947a753b5dcb26eab50997801a2af8556d67b5677f79abfea
5109,0.04282395470948153,2026-09-16 07:24:38.733449+01:00,675f622f272c729cd158d32a2918c911ab6b2a069901651626c608276d1ab8fd
5110,0.12073920201743019,2026-09-16 07:24:38.733449+01:00,f86089ac5765d4bc5b72a6a2bc73da2d276325ca78de52536c9841e9be5b52d7
5111,0.10895996467722595,2026-09-16 07:24:38.733449+01:00,bc3e986dd1cffc6d012555edac4a81c8656c51058cbab268767d4acefaf6682b
5112,0.0824205652315622,2026-09-16 07:24:38.733449+01:00,afbdf3b885c36bf97169fce2537eb82d85e97b43ec0c01f7371dbd3cc6015b24
5113,0.06727150511769632,2026-09-16 07:24:38.733449+01:00,7574956d9f1c05062c09ea80a1b58d377718ed58b4fa05fa9b4712ffaab2aa03
5114,0.06821987130157287,2026-09-16 07:24:38.733449+01:00,3a256a5a01fc3f64017a12a4f7a52c9ff20e7b8d04bf231fd09ca0659fde0558
5115,0.09706473941409954,2026-09-16 07:24:38.746018+01:00,5d824b50c0eaa7500f6b93ea741ba852d882f3bbb0770414e2dad0ea9d85cf4d
5116,0.050379389615036234,2026-09-16 07:24:38.746018+01:00,fe193f75d879b53c9747b1f16c23668f81357de28b65333dd1e63ae49e09acce
5117,0.06816435399468258,2026-09-16 07:24:38.746018+01:00,ec6feab92a65103952fc9e53715422d7e61952f3c9e1433e3d605e42edf7a708
5118,0.07004357191516249,2026-09-16 07:24:38.746018+01:00,58e45b91acffebb3f5c1e62cf02621c89450321daa2be30e26a295120bfdc659
5119,0.05754731215030649,2026-09-16 07:24:38.746018+01:00,8889db2f04bf7c18cba4d131af75dce4fea72c3e04a27d1ae44b92990cbfc568
5120,0.10652039902562835,2026-09-16 07:24:38.746018+01:00,fa17f2a9adf1d353a70973f8be2297f08e146a90b115b8a0923827d151000e37
5121,0.044935167301735156,2026-09-16 07:24:38.746018+01:00,5eeaf7a240c908604c1c0746c3ca938e0f91cfdd2249699d243194143f16328b
5122,0.06924965389784139,2026-09-16 07:24:38.746018+01:00,340ecdf829bae6a2ccdf988f10fa1f419b8e79f3ac2b67640cb704a026b16254
5123,0.07663948114658811,2026-09-16 07:24:38.746018+01:00,f2ad00268ad7e53bb1bde8733758ddcf7eb5b3d655ae2188d2ae7659e951cdd9
5124,0.09920908831065536,2026-09-16 07:24:38.746018+01:00,15d54cbc7ec776a3d6fab3c25b332eeeb7e5a5af5e7be978f4cfdfa604950a8f
5125,0.07785500506230439,2026-09-16 07:24:38.746018+01:00,154f2579bb81bd5e757c806dbe2cbf1ba7e049e38adb832d0fd12d4c21d54bd7
5126,0.08885369472295218,2026-09-16 07:24:38.746018+01:00,b746ac64633316b3b592d488acb15e4e59f0f42625845c453cc3472d04f516a5
5127,0.09353814344300776,2026-09-16 07:24:38.746018+01:00,3f8f170b37d2fb8cc442c111e73bcd61b9b17a5c01b9b2ff66e2640a871ef499
5128,0.07341434080796949,2026-09-16 07:24:38.748816+01:00,aff3ae2e017f1530b1886f298df7d8afb2de0d5decc21bad05b672bcd9ff75d7
5129,0.10921485105040413,2026-09-16 07:24:38.748816+01:00,7104a9551e97efc5b4b4e80f1e1585f378d1b2e551e873a170a945738d9ab75e
5130,0.09028012493056604,2026-09-16 07:24:38.748816+01:00,b4947d3ce0efeffc3560dc9f15ecff2b31e85c317874d7d977ce398c68208231
5131,0.14794577721047247,2026-09-16 07:24:38.748816+01:00,f4d9475aa73263293db940c1a35a25cb17eb45aed9f95a7719e4d4720e2ea154
5132,0.08795836344396189,2026-09-16 07:24:38.748816+01:00,e9953db796a763e812e0fcd9e9e80f6b2da03f32e9fe2f8e36e14f89652d0242
5133,0.11524269705877238,2026-09-16 07:24:38.748816+01:00,c1e2f8b3bcb3e9a863602e7e0b13dd40f8ccadbf36b5106ab007a3dcc3390852
5134,0.061743433097614,2026-09-16 07:24:38.748816+01:00,e4e216ac0c9101731fe2e32bf637bd45837e3155c1aace51e174e33eabfbf995
5135,0.14563231161912435,2026-09-16 07:24:38.748816+01:00,ad1fad76b620f2f9259cb65ee67ec83540b895954e92aca595763d9890d988a1
5136,0.09362639655135087,2026-09-16 07:24:38.748816+01:00,8748cc14b813bf35d5073793ecf24aa7877ae8a00cf22a0705c8bff2ba16f081
5137,0.07494170422976439,2026-09-16 07:24:38.748816+01:00,c3d691a7dcf21398f41ce04cdd2ddeea624ca21c4ef6abb86522929580577651
5138,0.06865811926852285,2026-09-16 07:24:38.758961+01:00,3609d8f9a9e181cc1bdf04b6f4c17ee9c300ca4599b6f4d8e42478cfab8e8563
5139,0.0993603950917502,2026-09-16 07:24:38.758961+01:00,d47c6bfd4be70dd8bce83a3fca5a9a455e38e88cf8cb53ec343ba2cf8ae4039b
5140,0.0673017776051765,2026-09-16 07:24:38.758961+01:00,31e37e7721010577a382f436285870374a7959f45ba498a8d41ce0e94d0910a8
5141,0.2729295882573753,2026-09-16 07:24:38.758961+01:00,d5d487813509f325deb707f024b3643498276c091bca8596c0ed653cf1229003
5142,0.06717341860386825,2026-09-16 07:24:38.758961+01:00,940d43ca5a7556b8be2de8dbc86047303ec30c1b0f169c0f190867978c715a8b
5143,0.12419131477679879,2026-09-16 07:24:38.758961+01:00,3a1d71338bd84616affd709315e1918cad5e7ab944574c826c4016975f180b64
5144,0.07384129637165433,2026-09-16 07:24:38.758961+01:00,f05922caea9a5a2e038bb1c05e013af0581292492f0cfc5bd5fe3cb128c514da
5145,0.09366797578960083,2026-09-16 07:24:38.758961+01:00,320f65f0ad6b19ea1a4bd17499b5449338b1467c601d314eba1b4f0a38b5e716
5146,0.0738451647649159,2026-09-16 07:24:38.758961+01:00,6804a74857cb76ff36e36f1721dabe3d0bff25d9ae09b493a599a38e1619ee0f
5147,0.059030949470337025,2026-09-16 07:24:38.758961+01:00,484a5db40ab6f5fe6d02d34d52d696b2f97bed15083647210efe32b88b1aa181
5148,0.13295608484321259,2026-09-16 07:24:38.761887+01:00,2be1396e1593b5be1c10b511d80f88a5ab7d4dd0cded19ce77e1d91d672deb07
5149,0.10535602653743861,2026-09-16 07:24:38.761887+01:00,0ea32504ff821716c5f72dbd658f804ebc251ae4557df82947e478cfb0e73f74
5150,0.10248907723829541,2026-09-16 07:24:38.761887+01:00,27b7fa8426652fd0401c32ba270c526c1d810a7857824e40728f4f6e2bb3957e
5151,0.06989512796467899,2026-09-16 07:24:38.761887+01:00,8f40d1f11d99fee90f57ac1129c2a8447667a90c42577691c8aa751f340f8b2c
5152,0.06202840294716369,2026-09-16 07:24:38.761887+01:00,5f8c4a37c90ef62c4c26610e3876c83c6305d7c5041fbcce58ab41a7ab6a8b1a
5153,0.12996399267378825,2026-09-16 07:24:38.761887+01:00,e4a22a1da36aa158d861fa1c8c2cd53df0d774f3d2c9f79d23f097ac2894b228
5154,0.11766303819097758,2026-09-16 07:24:38.761887+01:00,8116a824e8403106f58a917b7774515cd16059e95ed32f8f1079ab845dd073dc
5155,0.060587611528877,2026-09-16 07:24:38.761887+01:00,786aedfc825e819b38bff2bea8b9fcd5308be3b8ba8e06d5f8a9b6deb3567c78
5156,0.09523815211319282,2026-09-16 07:24:38.761887+01:00,89c9f95f11c50f8408996ecfccf2e451092c359fe3fb1658b02420b84c1566fb
5157,0.1238224859623751,2026-09-16 07:24:38.761887+01:00,2af4b1d61940a2a3de79c461adea4d6bb0dd5cf8bc39c6bd283e54f1fb150e97
5158,0.1354841653083351,2026-09-16 07:24:38.770582+01:00,a2db0840a0eee1545d939a34d9820f36368a06544be97d3745ceefdff98530de
5159,0.07023985967660255,2026-09-16 07:24:38.770582+01:00,1c63231aba05afbc6d0b1c61a4236b8dc92711be75f2c6e73aaea8273e9c560c
5160,0.21655647400432035,2026-09-16 07:24:38.770582+01:00,8ad3cfb4879622ceae21a6e80c9023dcd1165152665f6109f88924e299a8893c
5161,0.05421967554052138,2026-09-16 07:24:38.770582+01:00,55525ce251ab2dadcc90b290ba163fdea1c1e9c132f22feba61ca31d092797db
5162,0.04745947958430919,2026-09-16 07:24:38.770582+01:00,e8c28177b4d04e2a51feeaf97ff0caef6fe36dbdbf063f3bf26ecc43d6df5216
5163,0.13861659720697114,2026-09-16 07:24:38.770582+01:00,86b82ce6d320cde49ec53b34371a858bbc9f0635585c94f38045c5afab40725d
5164,0.11648450549931588,2026-09-16 07:24:38.770582+01:00,e54ccb99c05d170222b129aec53fd9694b1f212ebb5cd24a289951aa75b0af5f
5165,0.03553174281171358,2026-09-16 07:24:38.770582+01:00,4bccfd229c7708f2ffc79436d9d180c3e6274cc11794ae21defc4743e48d67f8
5166,0.06981023950364068,2026-09-16 07:24:38.770582+01:00,82c62b94aa0314e75846e28d338d873d52bc05ff19cd9342415d9d8a524f46ae
5167,0.11559726086427022,2026-09-16 07:24:38.770582+01:00,fdc0356efe611a7daf66c10dc258093d1d969845fe0aa98e11d537611456eea8
5168,0.09103948884537338,2026-09-16 07:24:38.772722+01:00,91f0a4e40f233b15ba795a38108f4da891714351310b238da5e5c4aa83c2d9e1
5169,0.11358983679213926,2026-09-16 07:24:38.772722+01:00,77278c106b106588c39cc53f698cc487beaea663cd5b145a79ead1d55680308d
5170,0.14063914416278162,2026-09-16 07:24:38.772722+01:00,77966041f89a35a9abee6492c2c939bf8752c27d0901b8ae97715b5290538688
5171,0.06249104766551746,2026-09-16 07:24:38.772722+01:00,508251d7c842a0d500e2fc573aa5a91aa2ef2fe3ce3d3317688d01d15e01142c
5172,0.1064950123515568,2026-09-16 07:24:38.772722+01:00,907ecd2e442a64795f4bed09dc10e8d6ce06b357836f656c146b16bdd13c1d89
5173,0.09467595550914869,2026-09-16 07:24:38.772722+01:00,9af593cedfef1218573bdb08c2887e54d045cd72a762176a93e59fc44dc50d00
5174,0.07572537429864078,2026-09-16 07:24:38.772722+01:00,f54c1399d6c54bffc0f88319f6b02cf7d6d95df615a0db906c140def12a3e8ca
5175,0.06227333971015506,2026-09-16 07:24:38.772722+01:00,c9162520c68f78885832a0ea0a002e82d8e10534ed1e2bc63f93a48d8e135b0b
5176,0.05280129210182828,2026-09-16 07:24:38.772722+01:00,b97eae6c190e65865a9b539be8f30084fa65c0d2343a7550b7ea58f391b6875a
5177,0.048709297958582226,2026-09-16 07:24:38.772722+01:00,1722f9d90d11273f1aa4b69f80f1333cb18a8287c2e66718eec4c5b819ffe67e
5178,0.04568922852114379,2026-09-16 07:24:38.772722+01:00,7c5231ddab3740b4257ebeaff83d31d0ce013300049f76896c5c6f0e6f6e7438
5179,0.05998843145541431,2026-09-16 07:24:38.772722+01:00,679e8b1c9e1a810f145b158e8837621feeb0c8b40d9adf4042f3ef0f76093ba1
5180,0.045882550627718365,2026-09-16 07:24:38.772722+01:00,b33f580c54a36479a9f1948e0b8aa99b3ad3372ae48b8188fbf0395ca65469f1
5181,0.09005006970135775,2026-09-16 07:24:38.781998+01:00,53909a813bef9262c324abd19d3bc7db5f994528b084f3e78d66224a4892b049
5182,0.144649017180788,2026-09-16 07:24:38.781998+01:00,ed3438b8295afa47d16eb58db5fae3bec9aaa5f64a13b073036a7c32a204607b
5183,0.07721726449941849,2026-09-16 07:24:38.781998+01:00,d272678a4be0c8011bf43f1734f80bb72d67f19e31f6d9753fcfbfe77143ae10
5184,0.08918732336359675,2026-09-16 07:24:38.781998+01:00,cede79215064d2ce8b571d4ac73d38e0e9eab4ca32526744f311c78d9b2892f9
5185,0.05543773706401988,2026-09-16 07:24:38.781998+01:00,58191588c28313330e187285fbe475a3cef09b1151be119f6e38bea8f690ba95
5186,0.07697271820507623,2026-09-16 07:24:38.781998+01:00,c7877b0497cda4444d809074075fb4dbda9ad3fe0add3da8f7ce6e59b1e955d2
5187,0.08025435498119524,2026-09-16 07:24:38.781998+01:00,c6f4642caf86291d674b3f663c77ef592cc07da9cc46d0cd1e534c1a4883f8c8
5188,0.0857387894036228,2026-09-16 07:24:38.781998+01:00,9da0534dd4587146668a3bf3fc8dc07f05b56a1394139361d2c5b646a217f42b
5189,0.07351653458054909,2026-09-16 07:24:38.781998+01:00,92858505e7f6b3801947ad8350e2ad472e31f47124dedfd2302adb8d034f0f81
5190,0.06161158219863303,2026-09-16 07:24:38.781998+01:00,e491d17c0a6afaae8ba7dab334d15264548ff2cd7f0bea9d5b092818c22ca753
5191,0.07156063915015787,2026-09-16 07:24:38.781998+01:00,52c7b1c3c76fa7ec36f964ddebaa8892eed94ccda004e7a3986598476ca62642
5192,0.040950878412760086,2026-09-16 07:24:38.781998+01:00,6810f2e50c374a7f1b4bd1ef6698874df4e19a53b53eb822e9c321fe28f8c88d
5193,0.052853091258824855,2026-09-16 07:24:38.781998+01:00,f09b5883f28bda1c8e29035d15b289de6b7c62ddc79fa41be99ee982d4013330
5194,0.05994751552331621,2026-09-16 07:24:38.784974+01:00,f1c5ebc0eaed73605e6f2445219092ec2f55fff19207e42cef2fbc5453afd016
5195,0.03821223654124539,2026-09-16 07:24:38.784974+01:00,92f604b325e37922d911586abf7b542e84b8232db328b76de3166b2443b468cf
5196,0.10173258695081296,2026-09-16 07:24:38.784974+01:00,9593f6754ee1e1664f79594ac85cb43917eed8b49980cbb2ae85df51481fd997
5197,0.037335061446904245,2026-09-16 07:24:38.784974+01:00,a3e91fc920aa1989ecac606d1ba0dea69b8eca2a111f43b92f55d369a5d49dbb
5198,0.11470668638590875,2026-09-16 07:24:38.784974+01:00,73ea696d6bc5e9aa39b81fa507fb67052443fc75eb50ad75f256cf5c12ba0f05
5199,0.036753158723124665,2026-09-16 07:24:38.784974+01:00,d8d797951605437b6a86a006e70154d4ae662bab5562e8b54644fa21197febca
5200,0.04485812275245601,2026-09-16 07:24:38.784974+01:00,87744a54f8c77bef6412838f7eeaadbb4ec7df66f2cfbe7ac6cdfcdd9fa50561
5201,0.06575478993116615,2026-09-16 07:24:38.784974+01:00,612c59e4c6e148d8d7695c5bfc7d2f371ee26c558593a6e548d906b52d88bf0c
5202,0.04811548482578536,2026-09-16 07:24:38.784974+01:00,dca010cf7d43d7bd21ad33d6dba01f440f49b6b465e9048c1957374c2b018611
5203,0.07084063386550712,2026-09-16 07:24:38.784974+01:00,7adff75b9b24f787013577e20478e21a5280aaba50bda2f64b81ce8d9163a7bf
5204,0.12176548409222407,2026-09-16 07:24:38.784974+01:00,da087b797c439a026193f138814df2c3eefc5966bafd1819cc54799d90a1e8eb
5205,0.06410816696526227,2026-09-16 07:24:38.784974+01:00,272c298265a1dd6f61fb453818c8453a80b3f9fae10dcd8b5625a10bfba43945
5206,0.11305116261868176,2026-09-16 07:24:38.784974+01:00,fc9c2dcfd062363f727c6c55c7840bdf7777dc06690fc9a849eb9d5618eadb10
5207,0.08281890937760504,2026-09-16 07:24:38.784974+01:00,4a748ff648cd467d29db11cdc69f50102f6e65d13a65f1f722a0ab99d9b9e94e
5208,0.08692992719558447,2026-09-16 07:24:38.791347+01:00,9bc38f097f0749ac2262c636ee3405fd985b323ef7d0de2087906bfe353b945d
5209,0.03994648423208364,2026-09-16 07:24:38.791347+01:00,69ca158884f6f63928dfe323347101c5519e16d24c3c66f8c1310e3b2a96bdfd
5210,0.06757038498182322,2026-09-16 07:24:38.791347+01:00,859c31437170fc6a3b456f21bb40886692dcdffb6779a5fca217696fed79a4a8
5211,0.051391032992328514,2026-09-16 07:24:38.791347+01:00,1e961b0febc5989cef26286b6c586e9068dc1720ca9e5be369cfd75abe02ee49
5212,0.08981130708029679,2026-09-16 07:24:38.791347+01:00,cd6a4083cb25f9759d3ae0f5a16c6111876c3b092d84ba6dba9cc81dc7fe45de
5213,0.06163471065992901,2026-09-16 07:24:38.791347+01:00,bafa0ec681865f673a93b3dd9d1375561eca7c4722495e2297a05c5f7669b4b1
5214,0.05450062871528083,2026-09-16 07:24:38.791347+01:00,63d6fdfaff8bafbd1ac2595b417db1d9876d3a705fa1d4bcfd95196d731a18dd
5215,0.058490144279202815,2026-09-16 07:24:38.791347+01:00,33418df545887e01401d19813598e848bde1f8245af1f2aa896a8da773f38425
5216,0.051583188371501665,2026-09-16 07:24:38.791347+01:00,bd2bf05aa6a73456a113ae22e9bb0d1f05f8f25b505f1d177cb4175f23831355
5217,0.056744040830874205,2026-09-16 07:24:38.791347+01:00,264a67a9a7456e29f7f6cee5576949165391cd2396ca0f4d1c081c1881ed7c50
5218,0.0982951578064253,2026-09-16 07:24:38.791347+01:00,7552925771086ca4a0afc66bc98d21a851dd8187102896fb424fb1c0cfa0fa62
5219,0.058121183822332036,2026-09-16 07:24:38.791347+01:00,11f0f2f817d5e284e406810edeaf026e3dc59df992b5cd47ac5623a0e16e4ee9
5220,0.13446459681879944,2026-09-16 07:24:38.791347+01:00,ba1d81d4706b9489d0989dbb2e2d858b8576619a3088a65b7d55a476baede0a4
5221,0.09051721221353805,2026-09-16 07:24:38.791347+01:00,2772a71c749b921e931ef130cef685ea7644cf5f5c733cf76a0c3ba90d516da2
5222,0.18674077751928025,2026-09-16 07:24:38.793946+01:00,b99fa0782a31dff95aeec0f4dcdb7d609faad2ba119bf844277a1705b82ad1a0
5223,0.15777818170029329,2026-09-16 07:24:38.793946+01:00,7f1e0efccdfd1f70cdd7735af39558880d5519bf4baed5becce8d102ac204d54
5224,0.11844931478154799,2026-09-16 07:24:38.793946+01:00,25f80b326387ca8c26e1925723e77f4d10a9a9db5a30445ccc59513383f513fc
5225,0.11914728343953458,2026-09-16 07:24:38.793946+01:00,0b590f57398b01946dee9f5c2b22ca163bafc4e3e11e6aaa83cb6d2725b82457
5226,0.04670150830446116,2026-09-16 07:24:38.793946+01:00,56a7d15731143dfd2321ae3a62b422d374d20c148b2aa54e22594678bc199800
5227,0.23468500912280324,2026-09-16 07:24:38.793946+01:00,9860bfcf7d98c14325b5f5d9f0f697cd8dfb6aed3d2f467eb2fc19c3854cd359
5228,0.13649792513207948,2026-09-16 07:24:38.793946+01:00,5b19cfb816960e0e0b657dc26d181264cc3ea6ae5cf1222a82ea101f28b22792
5229,0.1581270814360046,2026-09-16 07:24:38.804906+01:00,a5932076c9ff845c6d8ed2e2cd6d3982b43fdda11d66cefd62ca954b9a18790d
5230,0.14769442910328923,2026-09-16 07:24:38.804906+01:00,9718291de7fd8354d2585ee40f4e845b1713d246cd41dfbbe48833f81b5316cf
5231,0.101658941508645,2026-09-16 07:24:38.804906+01:00,9f4c5802896ef832d07d4cf2b0a7c0beb9ad6a785af00daeb64128b890b73300
5232,0.11680852815037002,2026-09-16 07:24:38.804906+01:00,c8f0fc4bd92766dd266b1d9ac13556ec8107bb27c9b5d8b4d883f0174c49abab
5233,0.04665639161701127,2026-09-16 07:24:38.804906+01:00,927e1db2204532c2b55b2c07e018c40d18190bd1907f5494ea59ea12c55a9352
5234,0.18830837016200536,2026-09-16 07:24:38.804906+01:00,8d48881139f74bc5299cc879ebb80499d6df002b6885c082200afda96cafe3c6
5235,0.24074625802267471,2026-09-16 07:24:38.804906+01:00,3e8312ea2023404f7d169544d613421c8672fbec3df0ea662121bdded023fc1f
5236,0.06580425773949478,2026-09-16 07:24:38.806700+01:00,0d97a04224533f56a7d3cd8eaeec9404b84f339c67d0d5181762421f208d895d
5237,0.09831445429502148,2026-09-16 07:24:38.806700+01:00,6c3d230d4bf2be936cfd485dd8dbd4015b8158a05e8d4c2a51ecb60612d7339c
5238,0.16236034164198065,2026-09-16 07:24:38.806700+01:00,3e40145d1f4217f57902936cbc311c546ac9ff79185178364212fd977eac9072
5239,0.06336119648762623,2026-09-16 07:24:38.806700+01:00,973ab1c96aeb92e78ce1a988dcdceae43b3e7903f2793b7c04db406aedc1be75
5240,0.05561760518271992,2026-09-16 07:24:38.806700+01:00,9f469da54d5d651a531835283e7002f109ed78301fc5f55c347d89af0cb77e28
5241,0.02768743538510663,2026-09-16 07:24:38.806700+01:00,c612189bc8eee2e6306feee496b6b2e6f1553b799dc8691b641b7c0039cc596b
5242,0.07160251292044544,2026-09-16 07:24:38.806700+01:00,ff631582180a149818009814a57c1b89b945aa7f47d1bb541849cb6696ced43a
5243,0.07526771338294738,2026-09-16 07:24:38.806700+01:00,55b8ba94d47f1759c2e46ffde37e33b4c6fa4cb9acff7daaa919c29ee1b323da
5244,0.057248251713312104,2026-09-16 07:24:38.806700+01:00,b90235cfbb39099df7ae5b34c4d8ddad1e07fac8bed1902a16746ca060bb0782
5245,0.0304241144071552,2026-09-16 07:24:38.806700+01:00,d24c206d65d4fb64986d4f13e8f00bc32b7ad108d7c097d271feac1ef7a6444e
5246,0.0140713540759805,2026-09-16 07:24:38.806700+01:00,4693be27425d5f535324721763b194fc5ffe81114626c569f8025deda7dc7760
5247,0.12099455110525957,2026-09-16 07:24:38.806700+01:00,2c7c3b2272372a0bb608dda0293e5ec388afdd086014f3222bb89962584f4cb0
5248,0.1572462116629502,2026-09-16 07:24:38.806700+01:00,0d4b4eaa1f5b3dd961625228a9c6ab7e194bfe1d8dbfa2a476293524bebeb1c5
5249,0.06562728333911125,2026-09-16 07:24:38.814559+01:00,d569476b1e191ac9ab258687fe4a07b8bd71d8a0ff0542d9b7add9d68927c6ad
5250,0.09804647397756633,2026-09-16 07:24:38.814559+01:00,abe20a10ff182e28e7621ebabf68d47be18a3d37b527e446d1effd4572c64f62
5251,0.10928939740634794,2026-09-16 07:24:38.814559+01:00,71373255bd43097867d6e641e129fee007ebb525d76a44ce2e06d083c5f4cad6
5252,0.06448825497325388,2026-09-16 07:24:38.814559+01:00,3190e308f89f095cfef90503c66ceb052f31788983fec6e2e34cee421be32e84
5253,0.057944646215802004,2026-09-16 07:24:38.814559+01:00,24e32e2936e924e583c3cbe6df35f6ec0b14c87eb720455d445aa2dc2f3996b1
5254,0.05209369954415941,2026-09-16 07:24:38.814559+01:00,3a14c405ca0e05c7d700c3e288ee3f65b05c4cf7dca6632a8efbab7ff5a3344f
5255,0.1428532130163179,2026-09-16 07:24:38.814559+01:00,cc03fb547354a59a08cf923865f3e68efd9eafb5c8e570b44685aa063bafe77a
5256,0.0861439977046611,2026-09-16 07:24:38.814559+01:00,93a79582bdd5bcd525c883d864dd1fd2ac388e917f7f98e5f933e795d6246128
5257,0.07394696959190045,2026-09-16 07:24:38.814559+01:00,2f5e9ef31e7907d4b12f247680f3c89b2c84550e251903815866381322d351eb
5258,0.04987078046042519,2026-09-16 07:24:38.814559+01:00,efeff9ccde1c61964ecab667862df0171adb4329189645f06420a1cf6f2f7c41
5259,0.02951425281170888,2026-09-16 07:24:38.814559+01:00,63718d7965e83efbcbb9fab694ccc65dce384507efa3c8a47307ccd43a378ec1
5260,0.08166485203024486,2026-09-16 07:24:38.814559+01:00,3bebb962ed8a68c60a641344bde4f7db2c0bd8bb87e62f344e60db731447906e
5261,0.08851617892850072,2026-09-16 07:24:38.814559+01:00,473eec03997424a36ba07b588ef5c3abc32ed464cb9b5b6cefdf705eb8168a40
5262,0.10795759835433724,2026-09-16 07:24:38.816986+01:00,cc5fb321ffb380e40d63d3a71496a63d35b077b029a487e46133e0887ce8a786
5263,0.0534097592830629,2026-09-16 07:24:38.816986+01:00,b0945961b0c1ba604cca8e53754fb59bc9d12e4d3c6fdecb5b10f35c2a87bcea
5264,0.05081848594637751,2026-09-16 07:24:38.816986+01:00,1345e67361766df58e03f502a8d4cd6ace14e22047bb051fe83b8f2922b6ccbf
5265,0.0531012273777782,2026-09-16 07:24:38.816986+01:00,84ce4593940c70025f5b7285ce5b65ba667e853bc42d2caca43901abca7c2369
5266,0.03198273768447331,2026-09-16 07:24:38.816986+01:00,b4db0660ba70326695903978871a79f7d83d9e67f7f931313cc7f8ce8252f0ea
5267,0.08760845583078646,2026-09-16 07:24:38.816986+01:00,2897917a36322568ceaf63e108464363e8a94d17d7868d6166ccb435c63bc29b
5268,0.09802364357904014,2026-09-16 07:24:38.816986+01:00,7e53e0c9b31cb80f55a0d35f3fb78e5472618ec78ac0554f15d0a89102ead6cb
5269,0.06220072031415102,2026-09-16 07:24:38.816986+01:00,57787687daeedaaa104fd225efa0732accf8a2dbaefae5a77e706ef563e8e6cd
5270,0.07152378681520066,2026-09-16 07:24:38.816986+01:00,a4926f991750c3bfa3f8e06ee2376ffda7db53457904ec5d3bc0c649c7c80729
5271,0.04666067162275886,2026-09-16 07:24:38.816986+01:00,1c427f377bd124a506f406f61a02b6ecaa23d2ec619377fc322016b79def7b45
5272,0.06334110082020743,2026-09-16 07:24:38.816986+01:00,4170ecac0cedf27b5f46c0a0131a4a65ae63bd6d3bfd887706114f0494e2469a
5273,0.14095602440701124,2026-09-16 07:24:38.816986+01:00,a4e80eae98fe2bc101a8ab33d45e966cd0d95e485a159b779e9bae8703ab08a1
5274,0.09083541802005958,2026-09-16 07:24:38.816986+01:00,5a0bb3b6a9af777cf67ec048a850ea5fe23fbf5a86f9c5dfa423ed83d7ce706a
5275,0.04158036994475564,2026-09-16 07:24:38.816986+01:00,d4f0aa72e2164fd105c99d0226d1beae41204690ad00cdb0aa2e61bc3bf17b60
5276,0.09809012606453092,2026-09-16 07:24:38.824781+01:00,215774166b9c9b3eb6b4e12ce43f62b47ecc8e889e6fc8560ece2fc94f183933
5277,0.05094830759083139,2026-09-16 07:24:38.824781+01:00,24874992add0ba74e21a77155f42762dd8f2bfbf03d85103a64f3a3a9dddc3d1
5278,0.02150000834512023,2026-09-16 07:24:38.824781+01:00,ed518a2fd6dca7b9b47fa9c8817dbecbb4c6bf2475aa80d7c134e91caa60f516
5279,0.04530226962153107,2026-09-16 07:24:38.824781+01:00,f657c39301109972f339dceefe4334d52f3353156dbae0748ef48bc1dcb430d6
5280,0.048801952345408024,2026-09-16 07:24:38.824781+01:00,a508bc0113955a7020c2be5fd825abaf1ee5b4a8c7826e1367716c387768d468
5281,0.07544158530165579,2026-09-16 07:24:38.824781+01:00,0bda33c11a586391af2b8645818d854ee913a70eea0d3a8a6270c5b30562fae6
5282,0.14082711082328064,2026-09-16 07:24:38.824781+01:00,4369ae9b5aec0ded278bca09997bbd0053bdac0828f8bd9ee6d0f4e9528c5066
5283,0.07313029876389242,2026-09-16 07:24:38.824781+01:00,4b3c4165031dd46f7f5e10387025deef92c0a3b7ea92456030c765499231be03
5284,0.0617228258456851,2026-09-16 07:24:38.824781+01:00,8dc2ea209fd56fa713ec40da1718b11a1c203e45e8fc5d02f9dae1876687f916
5285,0.033263487904894834,2026-09-16 07:24:38.824781+01:00,3eb6746eb59e81e3772330617034a3b5a89fe48342ce19cee2d26318ceb8a4a1
5286,0.10604997658301349,2026-09-16 07:24:38.824781+01:00,b154f214a2f65531e3992b714c521f9a60668e265f0dacb7f46b813392e2edf3
5287,0.14716731500352606,2026-09-16 07:24:38.824781+01:00,6d3772dc51b4779d3934b47fd2a8540e5b88027926707ae9575f23644d54b53c
5288,0.07255879095940766,2026-09-16 07:24:38.824781+01:00,21989a1ca0adac53f39908896fecfb3a294f41ea7e200bfb9bf3e830145a1973
5289,0.025195944847222197,2026-09-16 07:24:38.824781+01:00,770e6ff7c6664035f851748fa1cac31857c16055436ecdb797ef38dcdac569d7
5290,0.10305819201457574,2026-09-16 07:24:38.827110+01:00,ab927c95626b144d769434c90e6aa20cacf4193933aaf1c7da28f432e8578fcf
5291,0.0655363695707024,2026-09-16 07:24:38.827110+01:00,a073eb770aba983d69d02511b0bc54c3cb07b638470c3fcb0330a6fd6117f6c5
5292,0.08241545928477655,2026-09-16 07:24:38.827110+01:00,3dbfb9d5c8f9c9999aa333389031228d4538d8de81589b373df15a40112cc47b
5293,0.0362789556111329,2026-09-16 07:24:38.827110+01:00,766472d62e6f2be20a1128888ae59f302d422a6b09886f3ab0ad707f8716aae8
5294,0.09396780709590885,2026-09-16 07:24:38.827110+01:00,f1193d373ef45cddee10b8f2813a14bfcf29d3ef41aa115d4f92b7f245ab8e99
5295,0.12332331354896343,2026-09-16 07:24:38.827110+01:00,b003e35bbe4903a69c5151de413507140718548ed94ef6de632292b1d3d78cbd
5296,0.0973193179152368,2026-09-16 07:24:38.827110+01:00,02a77b9d442e0f27735f98f9ae7214fb81447c8416167411f18f5d059ec4720b
5297,0.07003305058222584,2026-09-16 07:24:38.827110+01:00,c8d35792ba02969ae4a49eefeae37215fe8008babec42d57ba28fbe9ee588b6a
5298,0.04801824996805116,2026-09-16 07:24:38.827110+01:00,cc17f9be74337d30e52c8a5fa4562535a5c0e6042c3e302c345398b7b6dda164
5299,0.10247175076254884,2026-09-16 07:24:38.827110+01:00,50c19f67e5e49a9d7beb34d03051bebf1f7f435cb94ba80efd6209585117d58d
5300,0.0989735716321184,2026-09-16 07:24:38.827110+01:00,cb815e1dc086389f6c30cf64b971b6eaf1871cae8666f4a18be2ea2e32ff0f5f
5301,0.07860396201375912,2026-09-16 07:24:38.827110+01:00,a80aa1961987e4866849296fd451a5c3fbdeb4d6aadacdf1c155315eee2c905b
5302,0.10523746194818756,2026-09-16 07:24:38.839354+01:00,6dbd026621afc089c11ff138ba57d606845c8e017ac2858aedb3769ea36af3ba
5303,0.07619655629446902,2026-09-16 07:24:38.839354+01:00,1b05239cc433771eece6c66240f1f1de430752a9474456cb6e9b7882972ee92f
5304,0.09085656871570262,2026-09-16 07:24:38.839354+01:00,d1f3960e0930753b5b9d6b4e2f2c50a4813efd466a3749fc21c8b54ac64b0f62
5305,0.022075066963901463,2026-09-16 07:24:38.839354+01:00,53cbe17456cb3e8538d826a5f0c278209a5bd6e4ab5e1bb7c7cbd4dde871fe3a
5306,0.07145043746955534,2026-09-16 07:24:38.839354+01:00,edf86ad2475f8297318a93433ccf944c0fd0732491cec16f79d3db920035e96d
5307,0.07594102800457338,2026-09-16 07:24:38.839354+01:00,5ba87700876f47871c355a5adb317a1a50a7fa065fdd878d40a6d3b6debd1721
5308,0.07094923653389754,2026-09-16 07:24:38.839354+01:00,5ad765ce436a5688b55bee87581ffd1c3261beb9f0eec10b4bd96e6f400a64bd
5309,0.06728535741415094,2026-09-16 07:24:38.839354+01:00,a4d7cbdd415869abac1c42f56dddf8fb6aaf5651d2ce1f47261661ead1e18060
5310,0.06783208269931433,2026-09-16 07:24:38.839354+01:00,91b1a3d999146891f9a1d1ee3c54d90ce5047343c0c2999ffca65c4728dc97d9
5311,0.11326887040876164,2026-09-16 07:24:38.839354+01:00,2b252ff1148f08f25761565b1c4d8187d07a742c117ad8d9704407d172482f44
5312,0.18354963867529434,2026-09-16 07:24:38.839354+01:00,c6537bf0e3c5cf587110e6169ebb116f59c877d6a5efcc73e04b370298786081
5313,0.05535769487219197,2026-09-16 07:24:38.839354+01:00,25632babc58224717dc940c1cc10822169c05a29c36dc3e022ff455dcaf55082
5314,0.04571534156997232,2026-09-16 07:24:38.841947+01:00,2bba78c3e841771d6918624709f38d8239e94251733c679028ab9b80ab24e2b8
5315,0.09166627597084873,2026-09-16 07:24:38.841947+01:00,04cfd0e87bd487ce49bcd1fd4fc15101e9dd72115e6cd881a779524ed6dd41a9
5316,0.11410007167405195,2026-09-16 07:24:38.841947+01:00,985cb619b7e0c9efd08fda018037002da86faa00bd5c12b8d00c9e7e2d4255a6
5317,0.04783138743329562,2026-09-16 07:24:38.841947+01:00,43dea1102a244b959f594b74335933f6adff4677826341eacfa5e89438b6c0d5
5318,0.11949346731415171,2026-09-16 07:24:38.841947+01:00,53e91639503fcd208ab5a271584d6783282aa687f52787f46728656867673e32
5319,0.0529493332596497,2026-09-16 07:24:38.841947+01:00,5b19a4e75f514262a52a9802f34ddd490845809246066776f66f8ab5b6d51631
5320,0.04858423417991031,2026-09-16 07:24:38.841947+01:00,220b320fe0627e4ffaddd92df04b79e80728e191fa7377678c20f524f027277e
5321,0.14878043022004592,2026-09-16 07:24:38.841947+01:00,551ec492c6d575a95bee8c1d740267d6cc1bc833de386dc54bbd334965137d40
5322,0.12392615803740228,2026-09-16 07:24:38.841947+01:00,2b2ce32379b5cd80dcc9ad526eb23a6c5bc039dc36b6d48b4c7ff71588940223
5323,0.09498170990381412,2026-09-16 07:24:38.841947+01:00,870bd8af5cd1e0b21772ddee08fbdaf02a1cdb8e2d82a25d84e7d0b322564483
5324,0.04932461106834272,2026-09-16 07:24:38.841947+01:00,4c8ad9d394338723403682baa371384a582061aa5b763f8fa2877a70672432eb
5325,0.06264697936851464,2026-09-16 07:24:38.841947+01:00,e500304172a2f1c0e032541599c4f9c60a95fb69ce6b66eb84827e0d4944e769
5326,0.053700394531197446,2026-09-16 07:24:38.849611+01:00,70648e00e25aa17ebcab1dc4f44e7af7a23f33fd3975a51de9f89455ff457725
5327,0.11221526430791763,2026-09-16 07:24:38.849611+01:00,82dc0b087a82eefb30dd5119d829534ed128dc05379befc976ef127e3d88801e
5328,0.10359587762860856,2026-09-16 07:24:38.849611+01:00,ca4ced5a55e656963b11ac1e1e12c413c0a86088447ee092cdf2834bcd8e5ef2
5329,0.04007158298239969,2026-09-16 07:24:38.849611+01:00,1d34fec1105ec19e7cc20e26b9370f8ebcb9bfcbdce67575c6d5fe5739413c05
5330,0.1982693355158432,2026-09-16 07:24:38.849611+01:00,c083a403205c957a253c6d81ab719b2b7f9cc5107e5ec8d4e2df26578703e0ef
5331,0.053267245781126286,2026-09-16 07:24:38.849611+01:00,932efc077b87710b50de53c79edef322874ccb269a3dc0729ec811b891205572
5332,0.01753550891693152,2026-09-16 07:24:38.849611+01:00,b9108aa6034e882d1afe48743dc85e47d3074100a0c974e4bb08a2f4c59b6c1f
5333,0.1424451219773802,2026-09-16 07:24:38.849611+01:00,79d17269309fb4c4dfbb3fddbd6857611a11b6fc00db279501d0bfb4bec8301d
5334,0.08003309912275769,2026-09-16 07:24:38.849611+01:00,b58c30fcd1ad6f465bb163e35e75e974ac0d6b7ef4b447a1fcd320a975678daf
5335,0.07346245867373055,2026-09-16 07:24:38.849611+01:00,4c7898209621aba99880582c6769f30e61ff9ca0d4763150aeaf62636e0a1e2b
5336,0.08933726947894276,2026-09-16 07:24:38.849611+01:00,1ddd1b3d8ad36cdcb61b756a882bb9af07b4562b6e9a4ec64e779cc584b34617
5337,0.036066841083164505,2026-09-16 07:24:38.849611+01:00,a13aabf27cc403de0968dcaa03f2a74c8602e4048c1e3e6c9b00fee106032908
5338,0.05066568317466311,2026-09-16 07:24:38.851600+01:00,a7ddd874b0cc2aced3959c57fcabfac41330d4f478349e81df9d2031cd432787
5339,0.09669494706583384,2026-09-16 07:24:38.851600+01:00,02b5128761dba8b8d4fb2c3bf6806115857be070a7a5bf50488218cd162bc493
5340,0.04467940277366778,2026-09-16 07:24:38.851600+01:00,77df7dd048a19876f3776cd89dc16200e2219ed7f7ccabac2a7d8483e3f9e1bc
5341,0.055182011566032994,2026-09-16 07:24:38.851600+01:00,aec2a5e136a39ec6fab982d031c7538c778c1e4f62559fe207d0e0299c45053a
5342,0.080066474621826,2026-09-16 07:24:38.851600+01:00,36a020d1dc693ee8d5794eb63aad2ca2495032701f242f4db1b0052022b3a989
5343,0.07231131523934808,2026-09-16 07:24:38.851600+01:00,33e8adaafc5cb7b4a590d6b5342e29416b3cc2f02fed992b85deb524a7d6c8a4
5344,0.05548260189073659,2026-09-16 07:24:38.851600+01:00,dc97134043cdb141726a01fcbcb25f510362d48ee9642fe06ebf25121e39f77a
5345,0.012548050207280533,2026-09-16 07:24:38.851600+01:00,3803ee571bc2b95700b35b85ea5e1dfdc8c9b584a2736b3536cc8d4949253d67
5346,0.05880134471381202,2026-09-16 07:24:38.851600+01:00,a22af0330816286abe4a4fbd2b409c9516dc6af9c0f95f74c5b4ea39669de024
5347,0.08565362273748575,2026-09-16 07:24:38.851600+01:00,74baa6f7b306dcd0c2cb288009926be0370b2dde9d6157f2534fd48ac926ea14
5348,0.08142912127164552,2026-09-16 07:24:38.851600+01:00,d8cd340c9778bd704b461f4b473eb7ee777061501e044c5f3841b83d4d24af31
5349,0.04414360746993022,2026-09-16 07:24:38.851600+01:00,8978e48ec882840e3dcbcf10a711ae55d5f7f2b772df2429927304007f6bc6ca
5350,0.04029077661457932,2026-09-16 07:24:38.851600+01:00,f9423203740b3e9277154c53cabc867a23c606778dd7bf5eb7dd308188ce973a
5351,0.13274026049737167,2026-09-16 07:24:38.851600+01:00,b49377f326b0116727d7cde6ca8ffb49fd9d5aed2e2ab2617ba8ee756df066c6
5352,0.08931078015578667,2026-09-16 07:24:38.851600+01:00,d7c5527fd7fbd176b30354d63ad26d2bf47d3a8766cf1e681f08400e4c3a390c
5353,0.048413987534033705,2026-09-16 07:24:38.863727+01:00,eaa70ec0fd47e6b96155f4e984be42bcecdfeff9f75053b115b3aabdfba2e5eb
5354,0.09219025137537173,2026-09-16 07:24:38.863727+01:00,1b8d7dad27c5dbc5f1212f820a3cc61f73dca0d1612662aa3d297f5a4d67e8e4
5355,0.04084446840538525,2026-09-16 07:24:38.863727+01:00,6613c6777b867c765d7c2e9941e62ebc0c85a82c6e68c22dc3ef014ae7c57606
5356,0.05975074450989069,2026-09-16 07:24:38.863727+01:00,ea26cc6ae8189cb2c727548510034acd458473ba690594bcd4525bac42959495
5357,0.057452767578100514,2026-09-16 07:24:38.863727+01:00,1b7bb9a074976fdbbb08ec089e0495b91c7fbab3361f35512f588d5fca9f609b
5358,0.07688522055644291,2026-09-16 07:24:38.863727+01:00,3d9afc62381ab7a4adfb7fd400d14db4b7b7ecda893436592d9791a2482cb79d
5359,0.07685777107855099,2026-09-16 07:24:38.863727+01:00,417ba258dffa63c91ef7f161950ded4b4c14465c3121c244f1deeb60f130b5ae
5360,0.025512145453319632,2026-09-16 07:24:38.863727+01:00,e00ca0b74fa420abbf55aa089e8c5802c2cee3f038ab81fcd7a1aeac24104748
5361,0.08458905384539002,2026-09-16 07:24:38.863727+01:00,92c20b30c71c81c70466c1f1cfbe980f43384d5ca346723c9eab75fd05cf08ac
5362,0.10478135986344242,2026-09-16 07:24:38.863727+01:00,ad5350f9e1db97b9fc7cba4ca848e48cec8075477e21c876dfc7862349f034dc
5363,0.03969351386776227,2026-09-16 07:24:38.863727+01:00,9abbba27d665c1d13999064f48b2d47908174bf122a1e2fec3ba8843d99241a8
5364,0.06812024152825272,2026-09-16 07:24:38.863727+01:00,c5191fc0fc46d4277845fbe6e08ae5ecca46621c14c028111d53c5c9eeca2f26
5365,0.045432502186935377,2026-09-16 07:24:38.863727+01:00,7e5b7515f9acee676017b638c32db9567346472131a1534a000122707fa75cb8
5366,0.09639171017900013,2026-09-16 07:24:38.863727+01:00,1b9ab4ff5b139cb5f807d442752ef4f33a24e5184e1bbcac827775ed97f3dc19
5367,0.08308426203812161,2026-09-16 07:24:38.863727+01:00,bfcc4bc71e8c382725337200b6acdcfa3909a87b622fee7ad225f75120efaed8
5368,0.23989982449200514,2026-09-16 07:24:38.866547+01:00,298411d761e5ec3b6bf8f231955de442afacce106046c4022f04983beb09818d
5369,0.21061598438323237,2026-09-16 07:24:38.866547+01:00,9f75d3c575564a197b68e0ca50c23ae5a8b78440ddfd47815e5ef61cf0b75364
5370,0.08833029347332617,2026-09-16 07:24:38.866547+01:00,1572a1ef51f92dbbefec47e88dcb1fa2b1fe227699c6c603c5d6dfb4fd03d978
5371,0.46115389765143633,2026-09-16 07:24:38.866547+01:00,04870765c0fb1defa7a45fe7852c82f5dbc28e6123f867fc25ecd74ec444675e
5372,0.3185092386172472,2026-09-16 07:24:38.873942+01:00,cd9981f2c3cb55aa75e78b2143c1853009a3b4c717fc3c00ccb6d8c6b06f78a4
5373,0.14905450257850925,2026-09-16 07:24:38.873942+01:00,c6ef801150353933ccae78db3b2bb29766e1423d9953fd92f862177c8f5739ad
5374,0.14018074408991185,2026-09-16 07:24:38.873942+01:00,b19063c1cb5989caf5fdb7c496ad8038012a3ee01d9b1499b98a2113efdd293d
5375,0.3922555147143317,2026-09-16 07:24:38.873942+01:00,c75d47b41bf208e866a5c34af16effea7c4d5da7440507c7b6ef48525318af88
5376,0.05027304512366548,2026-09-16 07:24:38.875057+01:00,cdd7e05732150495dcf23c216e7c9828b5801ba7c1cbc2a18c3f696b7ff677d6
5377,0.07988790786885969,2026-09-16 07:24:38.875057+01:00,267aaa4d643e82c57122dd9066cc025a9a0f87e8548275ccd4de93508fe15bd6
5378,0.03694034864322075,2026-09-16 07:24:38.875057+01:00,777e555b4ce16b1f27cca8f1a4caf1619215f78052cdf6d81ba311463dc83f11
5379,0.06411343529817327,2026-09-16 07:24:38.875057+01:00,5fe2bdb9e25bbe5f746efa1aa1fafd0dbbb281621097c3948fda42301c3a60cb
5380,0.037534976934632605,2026-09-16 07:24:38.875057+01:00,330a898fdba6b85d96b711a65e2f09009e7b36736626c11e9373535d855cbbcc
5381,0.14242059367657647,2026-09-16 07:24:38.875057+01:00,c096b515ee1be53f6ea76918f95b5252e87c6c104e38cac9711b036b5306db31
5382,0.0767370171025161,2026-09-16 07:24:38.875057+01:00,a2fb1fb1cf33409f8991276f58d0fe5f3ec7f479425b4f33b502feca7f37a44a
5383,0.0613306435026652,2026-09-16 07:24:38.875057+01:00,49d80c2ab88be3796fc46affe31823b0e241d3f19715efbcb35417a5ef3858d7
5384,0.07710538916160334,2026-09-16 07:24:38.875057+01:00,62d2d6b5a5968adcd3e4cf9f642be1be2f3e808f6282ad870150ead78c21fd20
5385,0.16674503906840688,2026-09-16 07:24:38.875057+01:00,c1ad318c25b0328a9791521db37b96ec7ba693db72cf84f9f8937c55940704bf
5386,0.20691160361968042,2026-09-16 07:24:38.875057+01:00,d78dfcbd5b69b87b6836d6ac9480f6fdb254931533d3f547cbfdedf4189a2143
5387,0.013130477466708342,2026-09-16 07:24:38.883323+01:00,b525b40bf5030f8487365aa587b1b02e43de488630735bcce3c30b2001875f87
5388,0.06319388284346494,2026-09-16 07:24:38.883323+01:00,2f77a9504cf71692ad62a14200e77ddd788bacbb9cd0f6710e3de1937ed6de43
5389,0.04429496631962255,2026-09-16 07:24:38.883323+01:00,db1a0b60ad083c8f9e2ec7018c3a67ad4376d8506e2d275fb218ca749b2a8357
5390,0.0678780791084287,2026-09-16 07:24:38.883323+01:00,b20df018b7a2ff82693ec3710628e4023b36652bf65e45940dcd8985b8e65579
5391,0.02752282648743481,2026-09-16 07:24:38.883323+01:00,91811949db821a2358f7c45d34472efa854e318ff998789df4c34b6bed7a4bca
5392,0.1295071134739655,2026-09-16 07:24:38.883323+01:00,00ee374df940d8b08318c6c2402ebe0b5247e8234baf97caa8fc90491152654c
5393,0.05488380575883883,2026-09-16 07:24:38.883323+01:00,f9d444da1d61d1c6a3d9f1da9cbd6aed6e9f067b31a5b9210a6130d0fa121330
5394,0.0507085729225894,2026-09-16 07:24:38.883323+01:00,408572844c6022a88fc34c5bab5f394c1ce79affab8684c0ca62d63198449f13
5395,0.06288323461135187,2026-09-16 07:24:38.883323+01:00,85d76c298fe13dcfb8311f1c70fb0482e40ad28da8e3cc24b3672039ff65845f
5396,0.19599137364459107,2026-09-16 07:24:38.883323+01:00,f5af6c77bf653b4f9dbfdb1d102fe9a2dba47cc54b24de3b8ebd4e64cf54c94c
5397,0.29000566736300387,2026-09-16 07:24:38.883323+01:00,404224c6a64c75e8c25c979714f15f6cd106631ba25b1135eec4b98e2c306a7b
5398,0.039092177907797274,2026-09-16 07:24:38.885699+01:00,4e4bb97b7fedbda2c7c2c552d5606b81d5b455bcdecafd20d2b6ec2f42167236
5399,0.2538599546506838,2026-09-16 07:24:38.885699+01:00,b25a762533d4a9e745c3cddeb46eaadafb35168b9cf012487568ef3d2b2f7536
5400,0.07620097334670924,2026-09-16 07:24:38.885699+01:00,1b1131f6c828e40e5a503c96e3b460cee25425030c6367463cf15fc0b690f882
5401,0.07665092192846094,2026-09-16 07:24:38.885699+01:00,2eccd7713a21e501b966ad4bb9b173bbe7d1b4258f836139768b4a0df03e525e
5402,0.2064550884670318,2026-09-16 07:24:38.885699+01:00,cd15901e949984779dc8cf58dada758d259bd3780ba9da1443bc83a9c5d3025e
5403,0.03820244811055411,2026-09-16 07:24:38.885699+01:00,02bc5f3f0e479d1d046d87293f1b24ef59d6ffe5fb7a800373f661166f0e2c7f
5404,0.06771177850640951,2026-09-16 07:24:38.885699+01:00,fa45f8d112096c9102279f814448d8c3c1c7a4f272da866ddb6c4186718ba5cc
5405,0.08201889912460586,2026-09-16 07:24:38.885699+01:00,f63718415f0f7c9a7cc59c9fd335423c0df41d776f83f89a7ae31f9e1f111f21
5406,0.08016728484355187,2026-09-16 07:24:38.885699+01:00,75dab86035c840e0934971efc567515f8e65c19c8880cbe100d34d24892636ef
5407,0.0796404731141956,2026-09-16 07:24:38.885699+01:00,8a378b80cc2a7fdc8d0338a8d4e8477cfab526a4d2295b046dc96408a2b6b11a
5408,0.01656352804563606,2026-09-16 07:24:38.897359+01:00,4a55840074cd7a72c1d1256fe18c8aab480fc563f7565f339352a9b0029726f1
5409,0.17197696284821382,2026-09-16 07:24:38.897359+01:00,6968b06a885d7039f6b27eab329b8b14c3a805092b7ef7b68bf25c8ea45c4216
5410,0.10037042348885337,2026-09-16 07:24:38.897359+01:00,1e278bd766f83a66518efe514dd8d49b2bc60286d4e3dd70b3017d1954d08084
5411,0.116227608452688,2026-09-16 07:24:38.897359+01:00,8648233dc6857157ff7dacbcb8112b0fd42e6783a89ef4921583886abc042c73
5412,0.16803544017922226,2026-09-16 07:24:38.897359+01:00,31933f3deca2037343db426f5c7510272d921eb9df9230e1d1db11730475ab57
5413,0.017863599342452113,2026-09-16 07:24:38.897359+01:00,69d568f8999eb08a3b0d2855b1d6e58db122ba225848f0450dbf584cf515cee2
5414,0.05186582072524378,2026-09-16 07:24:38.897359+01:00,fcd2897bd1b67f6b5b8cb13118939c7f83aa463f45f7280a565aceb6e9c41700
5415,0.1832451796790096,2026-09-16 07:24:38.897359+01:00,ef4dc65e3751306e708425662696c62ae8b9f6dd5026172ded42ac7c5a42b0f2
5416,0.0866009856056892,2026-09-16 07:24:38.897359+01:00,1996bafbdd907062abcc2d8126bfae03f0623f12711403c15a59564594e5ff0b
5417,0.08725045163299187,2026-09-16 07:24:38.897359+01:00,9157c4f71bcbd981debc8996c374870c4ae7bdf8377c2ab691e4fa5e85edcd20
5418,0.19272752397364587,2026-09-16 07:24:38.899643+01:00,d44f370361b830c0fc5b6fb465c03450ab6811d242c9c062a4b50d63008bb788
5419,0.2343712899912707,2026-09-16 07:24:38.899643+01:00,6924d2e2a6dc649a1b6e734db4387ce59240579bda8a8efc65874d5d08b94227
5420,0.1764305648763267,2026-09-16 07:24:38.899643+01:00,f0c8f7df8b6f7b005d432e9fb20273a0bce008aa3cff8124337093861b7d4a90
5421,0.15668600864205062,2026-09-16 07:24:38.899643+01:00,e914c6120316584799a2d38e5eddebebf00cb5420b8d78bfc147d289d4dc2d81
5422,0.10891290534159112,2026-09-16 07:24:38.899643+01:00,4b53f790ea85ec480b4f17cffb319a1431b277f88b484bbc4fa68b043f5f5c57
5423,0.1308717071751149,2026-09-16 07:24:38.899643+01:00,2e6921bfe9563f6654190fdbf9471daa542e8b98bee6501c81fb10d8de502c68
5424,0.234935047929779,2026-09-16 07:24:38.910551+01:00,af3d4ba334a8d83ac873b836b520602dbf623fa7e101756d1538bec1426ee9a4
5425,0.16843422263982472,2026-09-16 07:24:38.910551+01:00,0d6927552694e5eebc64ac476bbcb398812b1d2828fdff81174517cd1fdea57c
5426,0.18976611045622452,2026-09-16 07:24:38.910551+01:00,8f251b7e873ed5d9c5ef5561b43dc7396ee061d824f75f85dee7d47380143713
5427,0.19372610516145078,2026-09-16 07:24:38.910551+01:00,20afd58925854071b1c934d29ff15820d0f889cde6cf7f882e3818274c1e5227
5428,0.0845650155078902,2026-09-16 07:24:38.910551+01:00,d14b9d3843bf85ff0bcf165fc59882ecb6742dabf2a48aefa7e325111facd4a5
5429,0.12857349830483086,2026-09-16 07:24:38.910551+01:00,62a909dcc7d407b91bf4c0dd61b5aa32132ec11ad9e1507ce73c287ad2f9d2b5
5430,0.13125134110161077,2026-09-16 07:24:38.912999+01:00,e8a044fc732623f88981e0b590bc164f4027f4401e39949de1f051346f0d44bb
5431,0.04912292775035322,2026-09-16 07:24:38.912999+01:00,7fdcd24f373e248a91f44380b2527f11e3d09c938df5f5b7022c550c4bbb3aa3
5432,0.09090999098541913,2026-09-16 07:24:38.912999+01:00,e361c3791b275d6e29e1ad34fc187cea454d90b49a813608151847b6fe17c526
5433,0.050165568717429394,2026-09-16 07:24:38.912999+01:00,0fa8ee21faf8210720dbee1a108b7ea279e46be03409eacdf2c1dd197506cdb1
5434,0.062559695698603,2026-09-16 07:24:38.912999+01:00,bde07758d70ceb3b347433d37888da4d64f1ad83272967676b882adc29f18246
5435,0.03594446632654078,2026-09-16 07:24:38.912999+01:00,5c9cc2381554b9b90ea5e3008970c1ed63c6e9ab57a5eead6b30b7025acacf17
5436,0.0500533938147955,2026-09-16 07:24:38.912999+01:00,ef13257547212d2880aee7349568b127cea14c61443df6ab955abd077635f5ad
5437,0.1206534874907135,2026-09-16 07:24:38.912999+01:00,0eef186aa9b41aff209df5f1ccdc6dda861d9782530e132cf5d38b3408c185b3
5438,0.07235728595260565,2026-09-16 07:24:38.912999+01:00,1b8ae6af4787f8e5e641f996aaaaaed90574c110e76a0ac83080fab12ef21459
5439,0.06334143131870959,2026-09-16 07:24:38.912999+01:00,1e9287e9e38080917ab15526a2bdd6d56f3b5bba939211907f34db4df9394994
5440,0.05279691431080994,2026-09-16 07:24:38.912999+01:00,4cbd08fa124d0f523686c66d9012e15a9d94132ca9a919d37891a655f524fa3d
5441,0.07401843288172343,2026-09-16 07:24:38.912999+01:00,28ce4f19c8b99cbdbd86dd45f718498f7c94df0db846533a7afbcc312aee5d4f
5442,0.0744140397602571,2026-09-16 07:24:38.912999+01:00,26b44d811528698c550af44981df195d29226de523aca91537b5ec1c5eeaaaec
5443,0.0724110238904291,2026-09-16 07:24:38.912999+01:00,ad491560373c32656346159e3c3a5e71984f98625160ef3cb60995fca1a0c6fa
5444,0.0875633973676317,2026-09-16 07:24:38.927331+01:00,d934a3b3bbc3b0bd03666a6f45e88330acf7611e7018a536563f834b6f70d078
5445,0.043037796372306245,2026-09-16 07:24:38.927331+01:00,6bd50360c11b2d6ef757c1bf045342f23252c949285f1c7367b23d88c1235acf
5446,0.0779485893275603,2026-09-16 07:24:38.927331+01:00,6859a4c911619aad7de18bf934291fb2a2bffed2a207f4c1912ca6d989dac2b9
5447,0.08462355292665322,2026-09-16 07:24:38.927331+01:00,9696890545023115b30028cc4565acd65da746e774212bb9fbc527cb6f584f24
5448,0.07738221286834195,2026-09-16 07:24:38.927331+01:00,68844058cfbcc52eab8f5dc2f961e3d3ec32e60f947a1eb394d9f7c681d877d0
5449,0.039825335999995444,2026-09-16 07:24:38.927331+01:00,7bf69c8b5c0773893fc40f75d4b9860a76b38bf882b3f016cbe74d26ffa09d69
5450,0.05082054231063193,2026-09-16 07:24:38.927331+01:00,2f1a66c9edec8618726b44c60f9c3b86efffb5c2ca8b89e708baac9c6404c921
5451,0.1137852258639114,2026-09-16 07:24:38.927331+01:00,8f0f6f0ab81dd44faa9126fa84c3c8d93c34464b4d230850bad869c42226036b
5452,0.078104607297023,2026-09-16 07:24:38.927331+01:00,c371ef9da264076927b5de82159b69a7777fa17e61357885e1d5bf786737efd1
5453,0.060758041231991126,2026-09-16 07:24:38.927331+01:00,48b3e4577b1cfe8c73e5c104bfdaab4ca2498129483804cade5edec4d3bcc74c
5454,0.03852031261620526,2026-09-16 07:24:38.927331+01:00,d115e615e8947f36852fc792d698de79d9fd1030f72e60aec94ec412d579a84b
5455,0.09670188349224372,2026-09-16 07:24:38.927331+01:00,26f0fd5430f3f57480c0ae6a4660b20d706852b629b66ea22682ba8d888d5423
5456,0.07094715022037072,2026-09-16 07:24:38.927331+01:00,be8da004260f1af01368382a0512a7f6635098861b025ba8befdcbe389968662
5457,0.07998135210513395,2026-09-16 07:24:38.927331+01:00,12bd220cb9402bff5895ce3358750c33abdfc836411870f77ffbe921fda67d5d
5458,0.09574525192961493,2026-09-16 07:24:38.930712+01:00,8c2914297e3839f871db9dc9f301f69335149aef4afbc2b506be5b95553641bf
5459,0.07326036652140909,2026-09-16 07:24:38.930712+01:00,3e25d4724aebe8fa2b33d1404028219ace0bde0444041e343dde5f51c75dc110
5460,0.051990961690230784,2026-09-16 07:24:38.930712+01:00,8a5f6d9018422aaab969f64b4fd0b119f57a79ec2afce21942c5a57d248bfdea
5461,0.050316456521672395,2026-09-16 07:24:38.930712+01:00,c0bea9582a7a47ec74e8d629d1c84142f3c99a0952709c0f2818ed715ffd7b3a
5462,0.051606401721335765,2026-09-16 07:24:38.930712+01:00,37af01321ffeb55e8d64c61819763aa2975f468929cb25fbd552f73ea91422bf
5463,0.044624025780422585,2026-09-16 07:24:38.930712+01:00,af52432b24358b047ce3dc867309997e5067a1c0be0b6b3091a8c27053302672
5464,0.16377294428800923,2026-09-16 07:24:38.930712+01:00,8ab1a0a2884acdb8e9b0ef1f4118d8f37a6250d895cc95585fdd5735c9003f8f
5465,0.0584003177988656,2026-09-16 07:24:38.930712+01:00,ea5b3d3d80dd33f20687d520b2ab9fbd28ab44f811424ba2d2585a5e70d27e3e
5466,0.10539350190428151,2026-09-16 07:24:38.930712+01:00,428fb37be412ab1bafe940e963b28cfb34433da0f387e1cd76c90aac32659590
5467,0.13052909001982752,2026-09-16 07:24:38.930712+01:00,f0930813bbaf778774d8bbff68b255ed384c190e8f5ea0a1d28234e4312b576d
5468,0.036486939558149994,2026-09-16 07:24:38.930712+01:00,3ddac5f2cd6e02e92e1e2f885baa94cd2a2e00925a7c55a04fe8dc35d7451e30
5469,0.1378737422661806,2026-09-16 07:24:38.930712+01:00,cfc8f21be2667da028855d8a82c9f951f4b2443e6d81d9b04c1d2a7a0ffe8bc9
5470,0.0891970139553551,2026-09-16 07:24:38.946784+01:00,accbfc4a4939fe051a431b9c0b5aa5777fe6ed277123013e2c356ca9e5e9b821
5471,0.09527634459096058,2026-09-16 07:24:38.946784+01:00,45e1baf61e149a2209fa1f0c60036ac06d61596c90e07ca6879fa2864e6ce6c7
5472,0.07251635781133402,2026-09-16 07:24:38.946784+01:00,149ab1ad791b2cb523271602966e4e088b0bfccfe6ef4d7db964271fc747a4e9
5473,0.048401628654423295,2026-09-16 07:24:38.946784+01:00,8265b6caf7ec240f76cc3934e7b9d126a7386a8891c3ff0c7c77fb07837809bc
5474,0.05644730792305519,2026-09-16 07:24:38.946784+01:00,cdd6f40e8692354e7d193bbacbf46438b1eae919834f264a2b69964c0b2eb9b2
5475,0.06402138283399718,2026-09-16 07:24:38.946784+01:00,973554ebaa458b814c777c9af386d4e4dcd58036f383c0a384060443d0fb14e0
5476,0.19798881021458065,2026-09-16 07:24:38.946784+01:00,52371b4ecffa9020b9fa7ec84225bd73c16b09e05e63c745a72575a93ebdee9f
5477,0.03384532703097538,2026-09-16 07:24:38.946784+01:00,5708fbadb5e902b54f39bcfeb8a5019d51fb52c05a3c9a28c0f4a6d08dd3ebb3
5478,0.10919980047780532,2026-09-16 07:24:38.946784+01:00,6bcbb3241f5dc9b7001674d4b6479f33c9e16581dc8f6e26a8f4e2ce77c80aed
5479,0.09024351739496655,2026-09-16 07:24:38.946784+01:00,d25a0620c07efc13d4d4af8eb25c993d70020e3a219a6e4f0528ca2002829e72
5480,0.052416807585598,2026-09-16 07:24:38.946784+01:00,474a83395872531af7dc2e039f0b732b9d1f83c77fc3a1762832a35451347f37
5481,0.09044570152694867,2026-09-16 07:24:38.946784+01:00,24833ed737305a1bb1132647af372f139ac4acf67d879f6dbd8adf2bc2f93cca
5482,0.09881136353997905,2026-09-16 07:24:38.950191+01:00,2bf167e8f697ba3b78f5d11885480fbdc7df6c597ce96c73587b0c2a4450aff3
5483,0.1853571942908869,2026-09-16 07:24:38.950191+01:00,989639ba06824db9a22f6ea0aa0eadb341a869f7e0f2b428abf1c56cf4fba3dd
5484,0.17927420555846882,2026-09-16 07:24:38.950191+01:00,9e1ca51f007ac838caf62c0e3aa5cb4136c88e62fcc33be582ee21c7e7f3167c
5485,0.12580545639233587,2026-09-16 07:24:38.950191+01:00,d3a9fc76b44abd68b766eb922a0557e90914bea92d1ae837b55ea59d83668aff
5486,0.08369998611669348,2026-09-16 07:24:38.950191+01:00,97f0226bcd8df6a3ca9e33f2ffd9421470e546b05ff77450d63478817c99aa5b
5487,0.0801630269768483,2026-09-16 07:24:38.950191+01:00,1f3828ecd05a4b774b78c752ff4cb57f56d5cb51fa8d45d147a31cf7c1b8b1a3
5488,0.10000192057208455,2026-09-16 07:24:38.950191+01:00,29e7e644e066af5aaa2b2201952654131283423ca2437656c362bda625c805c6
5489,0.11633238258150493,2026-09-16 07:24:38.950191+01:00,ac88ae4c059c3a847bb58e53fb2f03b2e77c87d658a73d8d0356b4d118a5d0e4
5490,0.03055446397119817,2026-09-16 07:24:38.950191+01:00,553be3c214be37a1b7c08e7cb06ed6b4b9d9fc61a088b51798afa98d46aac3e2
5491,0.08799521888146285,2026-09-16 07:24:38.963809+01:00,00fa319a12d9cef21febbb591dcf48c02d67d9fe008be310c98604bce68ea1ab
5492,0.15951686456147599,2026-09-16 07:24:38.963809+01:00,4efc45c28da10cda3449f2e35178234a35cb93248be392359a6d6509be674957
5493,0.11438449774073144,2026-09-16 07:24:38.963809+01:00,f0f19ff9953f143e75eedb577202dc4c5816b8dc20d09d9e5b801c713f60a52a
5494,0.13401954209062183,2026-09-16 07:24:38.963809+01:00,8e02cd2cd0350c77721decd44458483baf2fecfacba8411210fdad8fcbfe2f5c
5495,0.053103446747500706,2026-09-16 07:24:38.963809+01:00,bfc9f813d5d54f2a33a5bb1d0a98e9ffb0c45afeef36150896d93d3bdfd4c1cb
5496,0.0757021720761434,2026-09-16 07:24:38.963809+01:00,2bdef9777b4f3bbb8c29f7ed33ece0e1013921b1d1c232b1de6e299bd5cf8711
5497,0.14997878482427054,2026-09-16 07:24:38.963809+01:00,52d3a596474793d94a953d9201dc99ffd693442977e415b990f91b4f38b0c2d2
5498,0.1899523427062258,2026-09-16 07:24:38.963809+01:00,40b1672865277b395b04d3c4cf5240f6541a5e6d47ab2fc9ac16076362a7f085
5499,0.035347130371567316,2026-09-16 07:24:38.963809+01:00,3ba3fbcb045da05b041f5d14820fe3ee5a44ffbc8f733af2663d1d912b5bbbd8
5500,0.03801968946819712,2026-09-17 07:18:21.073581+01:00,57bda3db56db9066f28f8bcefff8313c0c6d9fb55bee85f687aa1ecddb9b1852
5501,0.06821938032474957,2026-09-17 07:18:21.073581+01:00,98236051fd6811a5836b2e73a76a1dcd467e29a962c08ba9c8e8e30b06eaee92
5502,0.08986225292733754,2026-09-17 07:18:21.073581+01:00,8374812ee2fb0a4c8fa7d7263473551fe95560d94e34d15bb49e2b2cc74293bd
5503,0.24708849055986448,2026-09-17 07:18:21.073581+01:00,e188614078a292d0cc3f29b10281c60f8245c9cabcd3eab41c145e2fc2aa9e60
5504,0.07022014073161467,2026-09-17 07:18:21.073581+01:00,9014a6f3bacd9d7686024232daff584a2b94900996d2342c9d8c47bc177e5c9a
5505,0.08700755567093409,2026-09-17 07:18:21.073581+01:00,a47bfe38d5bfcbbd316d6f245dc546a031a0a95fa26dc449105a011e83b86f20
5506,0.10913503341470888,2026-09-17 07:18:21.073581+01:00,e74e8c0e1750fae7363b378a1cddb0e836c93931848913dbc8be0a211edd5320
5507,0.1257367553585147,2026-09-17 07:18:21.073581+01:00,6e9c835eef6eeb907245f3765caad71d676686d47bd63ba1b953555cb6c47b4b
5508,0.1647107015440791,2026-09-17 07:18:21.073581+01:00,661172a0762ff796211122166b944e56fb117d6355d95bf0b53bb1c89fe8f1f5
5509,0.02592543966416084,2026-09-17 07:18:21.086103+01:00,086a665c9cab5330015bbdb76a3337905862e75eb6afb451df576554385ccba9
5510,0.0496606799231687,2026-09-17 07:18:21.086103+01:00,288058d42f08bcac920b2548c85f2f0f65a998d938d87005d8b717f63e7e57e2
5511,0.08065098952138688,2026-09-17 07:18:21.086103+01:00,d1bdcaf1d5bf5630595c96bdee1b0858bd88c30f1ac49f312eef1595e4764409
5512,0.1447018968542232,2026-09-17 07:18:21.086103+01:00,6acb328b5a16b686c1c8dcfa7eb88986292bfe7e4f920e214f6a1bcd44c4987e
5513,0.09960706589104021,2026-09-17 07:18:21.086103+01:00,6b045a1ac624063b72f6890997bc4a01163842b06c5b2d3d4fcf71d34de7df11
5514,0.06818933268334287,2026-09-17 07:18:21.086103+01:00,61e7971ad43c86a1e07c1e2d390bdef38dce8e17a3e1a55602839a3275e595f7
5515,0.16876833327714916,2026-09-17 07:18:21.086103+01:00,e10ba82baf4b701d5ec5adaaedebebf3ba92c6e2fe1712fffadc26a3ffe56bc3
5516,0.12118672749176584,2026-09-17 07:18:21.086103+01:00,c59c6adb046037039f41801b7bcc5092ce51106dc6ffe28bea04e215dc90e447
5517,0.24130953469376232,2026-09-17 07:18:21.086103+01:00,347c68e186dde7d7ac7bb2ae501127578867b480728da3c57b779e25cebca6c9
5518,0.12141105301603813,2026-09-17 07:18:21.087910+01:00,1bfecbe3e8054acbee26d8bffbb39357a0586dbfb30edc17ff5ab99c02f0e03e
5519,0.024608676179071358,2026-09-17 07:18:21.087910+01:00,1f2267bfa1dcc31bc78f588a4702bdecae427f95e7fade2c18988d8bbe72b629
5520,0.05385315508625607,2026-09-17 07:18:21.087910+01:00,32f45bed9d5c112c2645874bb0f558df04c31a31ae9bc3087a926ac1b1bcbfe7
5521,0.05227622579555134,2026-09-17 07:18:21.087910+01:00,254713c26e26c1a7ce08ab02325f910279b984700d83efc2a182fd214d38ee7f
5522,0.05505262844615318,2026-09-17 07:18:21.087910+01:00,7101d59787800c4f5b2e78b4d2a1e2564adeedd26e0c0ce39d9e17af01ff44d4
5523,0.12101070854083981,2026-09-17 07:18:21.087910+01:00,101e4bbfc1b80cf4250fb289fad34a5ec7eae8f37c6181c53f3be39b6cc01912
5524,0.055196956535067995,2026-09-17 07:18:21.087910+01:00,d6fb2000cf4397fa58022383458d39751d338b7cfd55f99c49d15ccdb3fc6f3d
5525,0.09442740019271306,2026-09-17 07:18:21.087910+01:00,d9a86a80a212d506e4dc28569a14641fd56ff96871672c8b2c418c28aa7e2b6a
5526,0.055143627970449104,2026-09-17 07:18:21.087910+01:00,290d8ca2d4e4728d23bd910266a5658dc4c0f7b8422fc7db9c5ec41b535f69ae
5527,0.029170269742599675,2026-09-17 07:18:21.087910+01:00,1d7e253d567102e1a6318dcbf28db4026baddaaab0e068f36ada00083caf0b13
5528,0.034411375392390295,2026-09-17 07:18:21.087910+01:00,35b2f00539c9c69449ea2503423c5344672d3e744ecd9fbe01aca223aa49e011
5529,0.05057692299682059,2026-09-17 07:18:21.087910+01:00,9c944d939401da335f29f6fb8ac3bac4afda4614ce1768e1778fc9e23dc6c871
5530,0.021419238470931832,2026-09-17 07:18:21.087910+01:00,e5782e6bbb5d61e658ec2bf003d49a896d1b7715144b8c5a6a217a815eff210f
5531,0.1213903989336571,2026-09-17 07:18:21.087910+01:00,ea7faf17f71d65ff17075b606b7350f221dd2dde65f3fbc846fbd06f24abbfb7
5532,0.055442361345067595,2026-09-17 07:18:21.087910+01:00,e9fc8acb17ec22e2207ee0d2fcb11df8448fdc13439ad119118cbf55e7df6b2c
5533,0.05460900135639296,2026-09-17 07:18:21.087910+01:00,6d8514da993eee235f2b4b53b2e510346982056ed8da29091b971015916c4b9f
5534,0.17761558632167423,2026-09-17 07:18:21.092380+01:00,3b5e0855f155a16213c7bc6fbbea5b16596f7ffeb61e07f403f2f463779d74c9
5535,0.023796451095422295,2026-09-17 07:18:21.092380+01:00,0cc3d15e30e6e498dd7240ecb7b115685d9e13b8835e3467c92dd419e938e436
5536,0.05486608980134054,2026-09-17 07:18:21.092380+01:00,23e713617315514f6d7a5c9b5379b8264b70feb2604d0d985cd9e33b6d1893ef
5537,0.023180998526863054,2026-09-17 07:18:21.092380+01:00,bf0d537d91a7654090c3946087a46968ec346d9a1532a96ff4772a1000c8fef7
5538,0.06833794416905938,2026-09-17 07:18:21.092380+01:00,de95c984544966107d8115ad826e8362d42090e7a7888c362bbff242218b802a
5539,0.052015903910850175,2026-09-17 07:18:21.092380+01:00,2a6cc7efa5356586994c64b20021465759057b0fbb09072a02390df2b6746857
5540,0.1056858469556257,2026-09-17 07:18:21.092380+01:00,33a6ed7b628baa6d886ec55933c973c24902e6debfc467334896228af20ca7e1
5541,0.10247254188083314,2026-09-17 07:18:21.092380+01:00,5785d37aff464b6874ee65360bc9d079fe23527227091a8fd560713c95ec35b5
5542,0.06610994925269223,2026-09-17 07:18:21.092380+01:00,3d9c063a433432b9a525c8a585c913cc90ea6d4f438e68f090cd4c42637f408b
5543,0.01671432472661686,2026-09-17 07:18:21.092380+01:00,5ede0140ef10ec6df939ed4df66a40701880d8cd85260cd727f5a456f721fcd5
5544,0.10589970355762471,2026-09-17 07:18:21.092380+01:00,78987451e1792f108bb4a1cc8cbabc317162abff481fdcdf8f68edd2957d218e
5545,0.01864271989812475,2026-09-17 07:18:21.092380+01:00,06ef6535dc0a48725dc0af1cbbc7fc1736ff289518125f476b35bb95c6dc69c6
5546,0.017751179585500054,2026-09-17 07:18:21.092380+01:00,8b4751c24623d060de533acdabc765e2f139d10fdb4b2ee083a12bc62cca7fd3
5547,0.06623516828439574,2026-09-17 07:18:21.092380+01:00,4c4d0db987bc072a906d8a8c96867b574bf959234ebc9dbb9a7f94819f4019a2
5548,0.04093214602308074,2026-09-17 07:18:21.092380+01:00,b67aca40810132391b3eef025b7cfa16d5370b3e48fb00a6f53db22f74a31d03
5549,0.05974344601029639,2026-09-17 07:18:21.092380+01:00,129086284395008416e26425ba9883a70d0c75f429cd0a10c44c857cdba6e64e
5550,0.06367900340509679,2026-09-17 07:18:21.095630+01:00,2f5a449722e8790d6f5cde904c536375ccc271f35251630f1b7af8c1411cc2d5
5551,0.03179937191942749,2026-09-17 07:18:21.095630+01:00,79ed2f830bd30431f8c771bfb9c34673c7ee93ee7019704b895b8ce756912ea1
5552,0.1268703304645909,2026-09-17 07:18:21.095630+01:00,ff6c482e98dad00adb28f16fb347bf524c2bee633ecaf02cd9fc32cc7b585fac
5553,0.04412196882310251,2026-09-17 07:18:21.095630+01:00,6a9f9135f0f074e11ef180a438ba691dd1c269f0648c6d2e705abb22904107d5
5554,0.1160041180926646,2026-09-17 07:18:21.095630+01:00,24e6a0dcf6c5f2e3b039ee4e93c77fecc850df3275767272fd3c9af7a46acd50
5555,0.03508012557691928,2026-09-17 07:18:21.095630+01:00,4ae29015887e528ce83600be0c6a2ef0e0859c00632500e136050778175fa4a6
5556,0.09635565114647086,2026-09-17 07:18:21.095630+01:00,ac29d043c40193575ef623b69d9bfb9dd49a13a38f9de239a89bb90ad50bc4eb
5557,0.19895515314196746,2026-09-17 07:18:21.095630+01:00,d8205149cc45b98c8b84eea8f906834765ae9dcdc541c51ba21f171262175034
5558,0.044275464992676795,2026-09-17 07:18:21.095630+01:00,1bd919f6e3fcfbc52985d5a60f2890d8cfffa979471ed5ba490f67f0b26846ed
5559,0.04800100559153928,2026-09-17 07:18:21.095630+01:00,1e5908ed9f0c3d389bb8614937c9087c3cfee381e13856f52ba5451da1861ca4
5560,0.06557988681203784,2026-09-17 07:18:21.095630+01:00,d22d1357e3df216ddcab57cee55edd4f008712930d1a5746e8fca0ac58d9f1db
5561,0.07325329475210944,2026-09-17 07:18:21.095630+01:00,817f092c56b58e38b23447cdd33e1f0ee04691897365957cf8c1f6b11ece860f
5562,0.056024625281396734,2026-09-17 07:18:21.095630+01:00,258224fb88bbda506235a3c4f0abb38b5a7135aa862cc34fcfdae727f34befc1
5563,0.0657276635735285,2026-09-17 07:18:21.100118+01:00,4f5b418e72d98c2afeb6f7a8b08fe642fb4446e8d7ef77a9259aa2b1979980f1
5564,0.027487942409063642,2026-09-17 07:18:21.100118+01:00,8670f714df937303e12867b388a4729ea82a73521753d65e083373a20052122d
5565,0.13160721738870854,2026-09-17 07:18:21.100118+01:00,57513425faac2a99fef28d84225a95b54a145930cdc1c3146ac32d9e8c727500
5566,0.04128962443471906,2026-09-17 07:18:21.100118+01:00,d335aaef27877d00fd82e990af444e375cf57ddb87dd7a26b142f0d9a0ffe37a
5567,0.09927261191700396,2026-09-17 07:18:21.100118+01:00,a9f4fe36f55f7343b96c1fd267e57dbb8a4ba35cdcd70299a412d3c117f14301
5568,0.056652884873446996,2026-09-17 07:18:21.100118+01:00,39627afec258b81c7f7261ea1f705041717ad902882a5326fab7a1dbd508c110
5569,0.13917988834833864,2026-09-17 07:18:21.100118+01:00,3b652990897a81a81de19deb21f6ffe1235cf6ddd016af4df84613cc89c6be0b
5570,0.13969629614975249,2026-09-17 07:18:21.100118+01:00,ed28661e7122e09a5fdc7c1fa6d85f11f5d6d697dde761c40b561263917860ac
5571,0.0290065112487109,2026-09-17 07:18:21.100118+01:00,fd5b37c8dc01c7b545631bf647b4cca9a1ad967d6a62659ccd2341c4e11b7ece
5572,0.045031773585273625,2026-09-17 07:18:21.100118+01:00,fec2d2211a81b5c359e93af0743372bc32c3d8c116ab48087dd0c9deaa1deb80
5573,0.10561345361843424,2026-09-17 07:18:21.100118+01:00,a25403decba45a48d685755e731debb0da06ff16dd0a160c24a863688ee55121
5574,0.079626980681345,2026-09-17 07:18:21.100118+01:00,60d99a3c3ae96e86cfa7a7139f2a4eaa46aaa6b78a4a9126d67505184dea708e
5575,0.039807151771674536,2026-09-17 07:18:21.100118+01:00,50c8857c964a82d9745fd2db429181680ba143e7e52f05bfb692a9f34a572385
5576,0.3455140786676335,2026-09-17 07:18:21.102189+01:00,0c8d2cab1437dcb70e947cfe5b8f5f680403418826168951747b68ac8fc102c8
5577,0.05701439628521896,2026-09-17 07:18:21.102189+01:00,6c117d4ccdfd5f200ce59d51379f9fb1e5eff66a9a82b45edb52779d07551c54
5578,0.21710781653322403,2026-09-17 07:18:21.102189+01:00,6c66afaeaf385b09f277bf376d8c0079f2e2fb4dabb217edaac818cfc067dbfd
5579,0.025494538521711636,2026-09-17 07:18:21.102189+01:00,3ef9045be26e610c66f4cca9c6d37ec9cb1fc743dfedfcebfb8274a35c631dd8
5580,0.05153667269652396,2026-09-17 07:18:21.102189+01:00,e8e8bc5ad1321479c8f7358fd8344b808aab3d2fb358de2f4346922a9b191683
5581,0.140296440763976,2026-09-17 07:18:21.102189+01:00,ce9b96c07380ccce30e737876cd0e7a7564d5c0c7c7a0529af604c2313a37b79
5582,0.163036056531712,2026-09-17 07:18:21.102189+01:00,840fdf23946e6e9ef31dcde5a9246b4875b34494b1e64223529568b6774a8b04
5583,0.49736731167390535,2026-09-17 07:18:21.105472+01:00,a7e11002e5d2acd0b043b42ab2f28cd6f418cbaa2013d388e0813be030f8c5aa
5584,0.046267310714651386,2026-09-17 07:18:21.105472+01:00,326ebaeee4b6f9753839a539c7b36cedd5565ef26df6a925daa21bc428f5699b
5585,0.08283225001365577,2026-09-17 07:18:21.105472+01:00,f6b893522eb4e593125b9b05ea9a963fee054bed8791bd3a9db081d279136f92
5586,0.02903147966445576,2026-09-17 07:18:21.105472+01:00,13d6dea1cdfbd7a89d42cb34f2453a380bfbceaa9ed5fc69757010061d915bc5
5587,0.0728484259221707,2026-09-17 07:18:21.105472+01:00,ec77870a84f220489588f23a76cdd7c54a0f62283d2328ae1cb5adfdd5a84429
5588,0.1292295169073931,2026-09-17 07:18:21.105472+01:00,933e62bf3b1d1c13e43641d1d72faa684f3709f263cf2fc945772ff7f6c1bdc8
5589,0.14242370510376792,2026-09-17 07:18:21.105472+01:00,bcb21e0d570c28162924b69feff7bb6fa2b9432b561e6d634326cad5ec6a4735
5590,0.24197596166314525,2026-09-17 07:18:21.106671+01:00,d3aa39ebdd05af892b635d5d172329d2841a6c470cebc6f706048cdc3943467f
5591,0.23181495131471505,2026-09-17 07:18:21.106671+01:00,28032a3e5fcb6e26bc79b55822f7b740690d59165c3ce98656680c83a8757558
5592,0.23761158929066242,2026-09-17 07:18:21.106671+01:00,9a1280e63df5155d5c6bb98a6c1691a883a19cd382dd71575aee1db612cbf934
5593,0.10413461617780548,2026-09-17 07:18:21.106671+01:00,b99c7d4e48170887d30918374bb94f619d81e987d32e9f2bcd4487f5b1eb3f3d
5594,0.18446288155367183,2026-09-17 07:18:21.106671+01:00,77516943c304161516b51e944c31613fba87fe32207ba0ca383dbf7beab1d85f
5595,0.130150630039789,2026-09-17 07:18:21.109945+01:00,34b08201f606e028be43f0ecc5bfe4ce14b720134ecd7360c7c8366f5e8c32d4
5596,0.4843740404362182,2026-09-17 07:18:21.109945+01:00,8878639ec6c77078392971e8aabe83425b4dd4b80f29fda1adc1aea4e5390363
5597,0.24055024453252502,2026-09-17 07:18:21.109945+01:00,2a1089ac90e7197a753658097a6fa2eb276ead8208be508e6d6363d8f1da266a
5598,0.013904243419018698,2026-09-17 07:18:21.109945+01:00,c11c0fea1a324e6d2f43bcfb404707c64da4721a3a592b5b489bfc50cc31b896
5599,0.13102084157244917,2026-09-17 07:18:21.109945+01:00,7b22da3824dbfa4aa7245cb9990b6d60b363944936ffb244278a1fb181141037
5600,0.03802038350847975,2026-09-17 07:18:21.111032+01:00,28840a3bbe33850e06125961abeb4dbea825ad00b66f9a5b3420d5fcb23a67a9
5601,0.193822178788039,2026-09-17 07:18:21.111032+01:00,fd13f3b60dfd85059f0bc6f6bbf7fb10ed5bc689e90b933b33b1a5b2bef41ff6
5602,0.10553171890726931,2026-09-17 07:18:21.111032+01:00,537e06839d867aeea6d25706a542e162256fbe4d1a7611125d1cf8a356200473
5603,0.16998631389638139,2026-09-17 07:18:21.111032+01:00,42b3a53db940f406333a1f1a7bdc4128912bfe5afefe6a8ac4502fed370236fc
5604,0.10213553784065475,2026-09-17 07:18:21.111032+01:00,89e1cc984eec75426bd63689c44838bde38c017a4b2f901019c5f98bcf18b54b
5605,0.09401548858076085,2026-09-17 07:18:21.111032+01:00,ffa960afb97226bc51e0eeac9bbb3379a1665ba3f09c3a0d8aac0e3c80fb3a9a
5606,0.1307535914898343,2026-09-17 07:18:21.111032+01:00,f27ae612b6a8e9abb09890e21c9288c2fe87c781aeac6b32363bee5a7c281d72
5607,0.16573478698858068,2026-09-17 07:18:21.111032+01:00,8f8e80d8efe15c362b3dc73680b97a0eff5fcc71824d65ddc28a9633abff1fce
5608,0.044660748211585194,2026-09-17 07:18:21.114266+01:00,1b06d1c001ee0ef1b54dc3c9125f00df4b8d798fbd5c4323e17ad40614ce5df6
5609,0.16578172496993576,2026-09-17 07:18:21.114266+01:00,c7b40d61c521c72f4d7fc0ce5e81bec86d26169e5a4a63d1e725b78f9842eb19
5610,0.09006049828045536,2026-09-17 07:18:21.114266+01:00,3246fb9e9c64193bfcfa27007dfccfccac0b53e46e6067c745dbc15385658934
5611,0.11388413851550598,2026-09-17 07:18:21.114266+01:00,7617b4f0dfbe02211f9906802cb1bf06140e7699782b8c4051a7f350441b0d1b
5612,0.17101191087785478,2026-09-17 07:18:21.114266+01:00,14dff9be001c34be8f72ccc9e93282fe2fed8538680cdcc55b73aa8a8c20dd72
5613,0.07536345246312415,2026-09-17 07:18:21.114266+01:00,1f89c535259045405516a3f804a681c04720167722fe20c9a835a16db88b63e5
5614,0.11688995165014764,2026-09-17 07:18:21.114266+01:00,ae9180a6de9fa7b114b9e81327d14ad05b2fbd50e3eb93ce7a828d1b27da9155
5615,0.22234757503139102,2026-09-17 07:18:21.114266+01:00,67a634adcb35a1948d3dcae0f1c00094dab9d89e75278ebe475dea1ff03a2a54
5616,0.09798925412359363,2026-09-17 07:18:21.115801+01:00,79a3cf0f10678ff837341c529e103b64e2a997962afcb94c9402696329ec73eb
5617,0.05858681291904101,2026-09-17 07:18:21.115801+01:00,89747e4094883c2aaba93b16f95ded76677c5e34ac0baf0214156d8c2501b129
5618,0.06189883505823965,2026-09-17 07:18:21.115801+01:00,93e9094190660d29386b9d3054efd23374bcf7d504915e28de377058469061f6
5619,0.06724547092438769,2026-09-17 07:18:21.115801+01:00,03a67f7d8fba9a12cf292ff2ac392009008a71e5a838e438d8abe507f18267a9
5620,0.2758732416512446,2026-09-17 07:18:21.115801+01:00,1a1c1fc322ec0e46a9724c5e5bf9b9f5e8f6a5b7780d9e6ad602ed21707b44d8
5621,0.14274317939496073,2026-09-17 07:18:21.115801+01:00,63663d688a6575e2ba4be9e4ff8e74dc0eb3ba6bfa294ea4e9942a004917629d
5622,0.17228820552730068,2026-09-17 07:18:21.115801+01:00,d5335b912e00a498e6e43c85b2f385beedf3b92782ff93ab2e98c6c011914803
5623,0.1233750004012321,2026-09-17 07:18:21.115801+01:00,3758fc58d470415d7cd737ebc5521e789e8352a5cce0067167f781e2b3a772c3
5624,0.023884216971909226,2026-09-17 07:18:21.119790+01:00,e499d135159e0adbfd32ea90cf636b21773a7019adb4ed32d5f5a9dafeb54552
5625,0.04820370389762019,2026-09-17 07:18:21.119790+01:00,bee7ac983139cf5e75a966d56d42a0191054c75b3c1d57bcf91862deb355e1fb
5626,0.032611394652334355,2026-09-17 07:18:21.119790+01:00,55941362e04da0e89333a5d1f8a4fc2af6b2e7c2027be846feccf6943fcb7bc1
5627,0.057604654376042994,2026-09-17 07:18:21.119790+01:00,f85bf2918240e145cd930048aefa54349e609f7067b3b244068116ac12be087e
5628,0.4308726347288396,2026-09-17 07:18:21.119790+01:00,7b58fd5fdef2efd40bc1b8340b7a5f2dc04c1c9c93077cbeaf5562e569f4545f
5629,0.053843811504127155,2026-09-17 07:18:21.119790+01:00,acf159a6a65f16a3f92b5b710585052a580170c9b43abd541e796b43e5ddd030
5630,0.20797702428929488,2026-09-17 07:18:21.119790+01:00,4c9bb95402e370d30e4a306f64c8ed07e8e4b75c0e1bebb9e10a6fc276984bda
5631,0.14500255957983169,2026-09-17 07:18:21.119790+01:00,9ffea42b8d1145c3033b3f65908545a15b7cb35a411b3c46e8b113dce32aa89d
5632,0.056055240226217516,2026-09-17 07:18:21.121247+01:00,714f366dc91e5c9a201e4da130893118531c5a5f8d03d5610566b35a2a8e39b9
5633,0.13121136816924472,2026-09-17 07:18:21.121247+01:00,fe6e066acf54461fdc9c5062c52fb7c966e63952e92caceaa0b99a5bede3a357
5634,0.04277580989554935,2026-09-17 07:18:21.121247+01:00,75bdcbca74157c14724104e69faf087b521f51633184eb980b284f0be4aa24a1
5635,0.09274862002143976,2026-09-17 07:18:21.121247+01:00,472b615505bf9e63ff08f7e7792269a5d0d1d99a5931360ebf46fde09d306d95
5636,0.0903457776691572,2026-09-17 07:18:21.121247+01:00,7be58a490dd0568da0ea2ab17522ca18ab7382f2af6d297fe0f32ac19bda7db1
5637,0.07699934270391771,2026-09-17 07:18:21.121247+01:00,28fdf9365efbbe8cd6776e353feaf6f9e392a2da25d64e5e5f6c7d3fa4602f51
5638,0.08072960190197943,2026-09-17 07:18:21.121247+01:00,ce40f5ca46219e5350c1bd8a005d3dbe07b37db641c8e9a49b62a1c97b020f17
5639,0.08350964429067481,2026-09-17 07:18:21.121247+01:00,61bda9838f10b1e8df87e6ee4922acd818ca4270f5137303d8a9d71dbcb52748
5640,0.13719208405210914,2026-09-17 07:18:21.121247+01:00,7606a8ff96799d26000ae3a8974ccf75bc4539aa4aacfc95b38c714f58109031
5641,0.047697575812719516,2026-09-17 07:18:21.121247+01:00,ed25df9045bec0778d4b22eb7ced77a28c7034e3e75e895f68b594e621d8dd82
5642,0.07738227296162291,2026-09-17 07:18:21.121247+01:00,75a4d140500b8d1e493e891aa61e1a05e2cfff210bab947c9475289d61e115b6
5643,0.045964151894775485,2026-09-17 07:18:21.121247+01:00,bf755121f12bfc99d16470b23976ed9db71a7c904eb4181c9d90f7d08f080628
5644,0.03738851040059243,2026-09-17 07:18:21.121247+01:00,c945c6581fbbcb1e665272a89da9ffa172ede44ebbcabfe405e377c81d698e2b
5645,0.032967422497024244,2026-09-17 07:18:21.125423+01:00,69cf323dde450a447570b213c238fbc29ddff31b4ccdad89975333a37e44efe2
5646,0.1479354001241687,2026-09-17 07:18:21.125423+01:00,ae2930d375ee24c8894a727f4517ddc42c0710f5a1e0f04a914ea6361dc175ac
5647,0.037285510242147074,2026-09-17 07:18:21.125423+01:00,19d90541677e248e218e2fc11416cdb5ce3b61e2242d42d0b4fc42f4d34028c6
5648,0.08127997192714544,2026-09-17 07:18:21.125423+01:00,7cd49d01703f2807bf3889b6c39a2d09afd45e1d746539a94126f3fca948799e
5649,0.13213892445362194,2026-09-17 07:18:21.125423+01:00,e26cb50c9a3803a2039a74435b872b32db59765a5b980766f3a3c2cca8bb5217
5650,0.043369213202706564,2026-09-17 07:18:21.125423+01:00,adb68a683cd886724c0b074e3414fdf1a71ab731c4083d82065924bf137ba2e8
5651,0.1372591579780962,2026-09-17 07:18:21.125423+01:00,eb61b53505386f4ec8e049ee4261cadfb61c4e3063988e67e8ecc9fedd6d5806
5652,0.0793203584061985,2026-09-17 07:18:21.125423+01:00,454e4cd94dd4f9f52939ed9f154d7114bc07816a1a1b542a89e1205525c50563
5653,0.11460274441061968,2026-09-17 07:18:21.125423+01:00,d346cf9b67c7cf1c1b8817cc5081f26a5a7280c772467cb40be20723fea93256
5654,0.03324524662365328,2026-09-17 07:18:21.125423+01:00,2dbe589b3619d17d3b32c28db902da4b33c88e8772f59fa7b3df5641cc1bb00b
5655,0.08856339495595433,2026-09-17 07:18:21.125423+01:00,0074b5b46b6364f5b0551d54aa19f6b3cecaec198eb7dcac70944bd88b0b62c6
5656,0.04161865747880934,2026-09-17 07:18:21.125423+01:00,dcc6b6146bf31c35e379c8562953a3e2e22c4170985f9104c238f4c7fff0e3d4
5657,0.03041399769985468,2026-09-17 07:18:21.125423+01:00,648ef77e73f2a37dfc37fd11d6fb34c33246fc405e870c225a8553311a72e527
5658,0.029063836579649793,2026-09-17 07:18:21.127662+01:00,e2e7e08def4d7079a6dd3d4171d2cfe7a3822e042a58c448c1249bf576bf6c3c
5659,0.050388565853703764,2026-09-17 07:18:21.127662+01:00,5158cef127fc1f76dec6dfb8b9a4b9f6bf045cf462f88a3e8bb3383b4aa120ac
5660,0.10277090399554195,2026-09-17 07:18:21.127662+01:00,8ff1a9b1f1fcec0eb7a574d7950daf7b988ebd03ccf24562fbafa6bf4a0a232c
5661,0.031133050127362574,2026-09-17 07:18:21.127662+01:00,21cc7dea214b5142daa89a2a40470e60c3da4be500581ac67ed2ffd9953ab445
5662,0.08747978019960143,2026-09-17 07:18:21.127662+01:00,ab745b7c18cc362c19e950cfa16fff31887fa6451f40749a4522c918122a1dfd
5663,0.04624019682541286,2026-09-17 07:18:21.127662+01:00,adaf9bf974c3808a798a75763f6d253529b869041772c43ad9d6650d51ae1d27
5664,0.10713385579691173,2026-09-17 07:18:21.127662+01:00,2c85ca8f52d482e7d79ea96de7a02e7043b99378219fe2c573f3bb19c135ce44
5665,0.08546429191062002,2026-09-17 07:18:21.127662+01:00,5f4bcd7b55eeb5db1bab37fecf98842214a507fdf96bb2170195949b80d39cd2
5666,0.027918731992426317,2026-09-17 07:18:21.127662+01:00,07434c3e3a9b9a94c67e955c09a3928e74f21e4727193b4b93abec0e09b3344a
5667,0.0711465183540268,2026-09-17 07:18:21.127662+01:00,dd5423b83893709600d8b74b4c1576e550480116cca0c034a77bdec7eb015c51
5668,0.04616520103622858,2026-09-17 07:18:21.127662+01:00,5e4194a7465fa21a598781d336eb7cc6e46a226d32aeda5a42dc39c4a6b477ac
5669,0.053527736107797076,2026-09-17 07:18:21.127662+01:00,a8ca1b1864b745352373fe382301754430991d0509d4dcb6b1bc1ce61d32efba
5670,0.13622160240454734,2026-09-17 07:18:21.127662+01:00,009fd0b59e846fd0ed9bc234c0015d7a1d07c00f30a0860839bdd31103c76f6f
5671,0.06451235825148116,2026-09-17 07:18:21.127662+01:00,ef7246e9fe97259b9cdf653a19923ae1033d52dd9a2c88eb50eb84f6a1d22f26
5672,0.06083337056468859,2026-09-17 07:18:21.127662+01:00,6a8ccc841d4afdd251c17b8a1867e073319b95b563dc17133523278788563366
5673,0.021142738366163375,2026-09-17 07:18:21.132158+01:00,e2709540dc19af512294a8cd4bc478962497e810b748cea3555ac9c1b486f555
5674,0.02895769877056608,2026-09-17 07:18:21.132158+01:00,45afbe5c97698492e38e5f5988b350b0c08a5fbdca8963ae3410ce6200fcb27d
5675,0.14066143305910117,2026-09-17 07:18:21.132158+01:00,badafb841335ea4d39e1da34f32a0044149a29dcfce51ba51870b80f9c348acf
5676,0.02430064186321529,2026-09-17 07:18:21.132158+01:00,65e42e90ea4749ab0b914b848d3332512c02efff6c85bd740197acd858d095cb
5677,0.14034134123157965,2026-09-17 07:18:21.132158+01:00,ca02996e75d120cdb8b172f1344c8052fef12d3fe324207fd1f1d9477100f44b
5678,0.03504308382666876,2026-09-17 07:18:21.132158+01:00,6ad5871f068ac7a784687522fe09b333ef693f78327489b9314cd7ec0c63864b
5679,0.1039428379539349,2026-09-17 07:18:21.132158+01:00,0189f97c460b264584ab74a7749fdaaaaf2da8195017bf321137fb6b8961d20d
5680,0.0635814710320662,2026-09-17 07:18:21.132158+01:00,2d99dd692d13e26306818448cbabf89f6791575a29a05fb24cb086a4cf1de797
5681,0.039150883895813386,2026-09-17 07:18:21.132158+01:00,ef6305b1f07eae86db47e66d61be05bc90bd22ceb326bd127d3095ec228863ae
5682,0.0359647011038008,2026-09-17 07:18:21.132158+01:00,21754b55d90453f18c31c39e1d2517c2f7b5ab64d214be58f720427085a971f5
5683,0.04813528800496195,2026-09-17 07:18:21.132158+01:00,74bb377dd797b33f93fc1161a0034a8a128badb215182a3af6025f146de8a81d
5684,0.07121039161320797,2026-09-17 07:18:21.132158+01:00,9f49b8e416bf81ead77ffd88ed377a3c19e680c9d3cdb5b4a5bc669a0b903b09
5685,0.07069279318524514,2026-09-17 07:18:21.132158+01:00,b7d45b3ce7fe4775335c919a72bc968d5b967fdf871d5040f2b945eec26388a9
5686,0.08698917245522367,2026-09-17 07:18:21.132158+01:00,2ef0631b5d19cdf5e7b9c521f5a1c30d726e22a3df78a7768b926841c21bfd06
5687,0.08988552363845186,2026-09-17 07:18:21.132158+01:00,166da0a0cc93d6848f7faf8750e38c403ca59f5ff38205af3b3d4cf630c7a529
5688,0.2817221619307948,2026-09-17 07:18:21.134310+01:00,58a08efca186c6a39020a5067d675bfdeeab23f3d03492afe149985e1aeb2e0f
5689,0.4553729800896734,2026-09-17 07:18:21.134310+01:00,018e00b745e1ce5e4e04a97fd1aac52f0fe8e3073090441921a52c8e2f723c06
5690,0.2629048579795318,2026-09-17 07:18:21.134310+01:00,a69f8d0b2208323f9094a5d2efd8ec246bd1d3cc13f3afbbff77af2df7e5618b
5691,0.1150462501334875,2026-09-17 07:18:21.137008+01:00,217183846a7929bd2903f78be8712efed53f6ff46dfbf32577c91feb16a90ca8
5692,0.4714259998275363,2026-09-17 07:18:21.137008+01:00,0cdbf47b1c6539a9358c153b853b0591f5a3f59c3765886cd61ae5d60dfc39a1
5693,0.4135277500389761,2026-09-17 07:18:21.137008+01:00,470f3af392a03ee2afc36d6e9a53a563ae180df30bea29d1932022b43324e5fd
5694,0.06139884001620964,2026-09-17 07:18:21.137765+01:00,970b2b588d642d6385d99b652a3318336438084636bc6eceeacc86bfe9bf8a3a
5695,0.07083922587909576,2026-09-17 07:18:21.137765+01:00,66a736aaf6f73d663f6397f05d011a7bafedc86efb9372a592fc5b2ad15323b9
5696,0.10227231748380242,2026-09-17 07:18:21.137765+01:00,a1b84ce70af470c1a4ceb10af065fe185c53957671bc014a5d0f4dd6582d3899
5697,0.09784143979246684,2026-09-17 07:18:21.137765+01:00,08eda0a9aa7aa8bf06be82aefe743ae083ea1d697373d0a2817aa01081fc1e48
5698,0.13191354362440108,2026-09-17 07:18:21.137765+01:00,bb3348da368aaa6ed6817e98f32e8e93b793402f20af543b3ff7360e382f5bc0
5699,0.13280822007400964,2026-09-17 07:18:21.137765+01:00,e2de6079c0df561f51e541c2461772d625b648f01a56029560b3e54f179328de
5700,0.07191046432132821,2026-09-17 07:18:21.137765+01:00,617b77a0e65fae3ec193648571fb981a83614138f3686f2c22779bf521b506b6
5701,0.10507743807075437,2026-09-17 07:18:21.137765+01:00,6800bc7a867d4061190b4d5528ee5fc94c54fa0f6e7b25d556e578be12ce89b6
5702,0.14133467817247353,2026-09-17 07:18:21.137765+01:00,46e634b4187ae7626ef7eb7fb585523fafddae1781094e9ee6d10c7042526d43
5703,0.08460383256545846,2026-09-17 07:18:21.137765+01:00,6a625de66dc294a9dea0a5d7d1d7dc1bce26c0b6ce2ffa953a535e7fe5d373bb
5704,0.01173325978535394,2026-09-17 07:18:21.143822+01:00,59690435b19a5fd1ae4979d72f3bc12e71aa1a3987d6b8711c398a06b4d806b5
5705,0.017707387668024696,2026-09-17 07:18:21.143822+01:00,ed5020d9494daf95e14bb8164407f656e28518150552a5551257d5bcbe11127c
5706,0.08795238862029489,2026-09-17 07:18:21.143822+01:00,a03ec0e6ccb73d929aefc37909348e8fb317fe0f75fe747140d5eb8b4713ba99
5707,0.03676207896211876,2026-09-17 07:18:21.143822+01:00,84b328716b5be03ce22c67b58af40fb987b6a258e92df2bd5b87a63735b2c043
5708,0.03317757690843008,2026-09-17 07:18:21.143822+01:00,5df5536ffe5624933937fe16d1fa261b390f2bbf2f0072ec1381989a6d9ec3e0
5709,0.15544939097085778,2026-09-17 07:18:21.143822+01:00,30535dbee83681621c623e9699bacd9741177f45e653273a953e423325bd7e55
5710,0.07889091907580859,2026-09-17 07:18:21.143822+01:00,7591def43ac51826493238afb848bb6075368d40a4e206d767bcebf4e6b439c3
5711,0.12144028976841721,2026-09-17 07:18:21.143822+01:00,c1bced9ff68d9bab0e07aa73d0c92432caf86edd96c843ca60822a262cc1a619
5712,0.27030006950698326,2026-09-17 07:18:21.143822+01:00,befa2c4342d8ae5f79752f4ad7453597c9a45da9a84e723fb4f3e48a1a2f9570
5713,0.18658663873371079,2026-09-17 07:18:21.143822+01:00,6e4f9c7c0cb9a3aafb4476cc62bc46f4d5c1406c07b454a1a33938eaaddba76c
5714,0.005752814735884399,2026-09-17 07:18:21.147704+01:00,06a36178c38b49e16385df102fc7a7a2c16246ac2e30452a35a8214f72ffdaf7
5715,0.009212004772570717,2026-09-17 07:18:21.147704+01:00,0bc8548111af1ae19d4c548898d1826f50f0d2c4bca0a0c404f354588df6a032
5716,0.010064697151064872,2026-09-17 07:18:21.147704+01:00,ed96ba93a1c7f488f54a8633f843e0088cc6dbc480097831a242cc929b048cd9
5717,0.009626652055698784,2026-09-17 07:18:21.147704+01:00,3ee1237d311d8c9486dfd210ec4004f148429746cde9d221451f0491de93668a
5718,0.0020193637464968437,2026-09-17 07:18:21.147704+01:00,6d8c756de44f4bbe7eee270778c1602952957f6f98ff4cb773d23d9279b3f1ec
5719,0.004240084077061856,2026-09-17 07:18:21.147704+01:00,a9c474c653137a8d86ad08aa8385339b6e871e2a9b41f523f9e8c15a2cf71685
5720,0.004068592938812655,2026-09-17 07:18:21.147704+01:00,6677be59598b03db9e5840aa93d9d61bf815f16615d5ecc8854846810a365937
5721,0.007576710209224459,2026-09-17 07:18:21.147704+01:00,d26621a5cda5ee163a4b95b5382d916b813bf00fe4e296010fa8e8590a0f6681
5722,0.0034923448947630936,2026-09-17 07:18:21.147704+01:00,df5d2952a7ce531e7894c3b3e13348997af02280f6861d392ad36fbb011a82d9
5723,0.0041744985165535035,2026-09-17 07:18:21.147704+01:00,b8490658d0d32209425f60c0677e5997f19e8b53a9dfd645fe02a3aff4512de0
5724,0.004031417159462077,2026-09-17 07:18:21.147704+01:00,700f1f051d53f90e468133c8efd5eea2db9cf60fee102ad8c1614292389b2542
5725,0.007120564338281149,2026-09-17 07:18:21.147704+01:00,874262588004d11cc5a9b669d29030bd204cfe4db877dc35ef338fd751315415
5726,0.001675585532334206,2026-09-17 07:18:21.147704+01:00,31c430716c606b68a43165a75022bf3ce8cee8c372aab93afc6019c58ab7a22e
5727,0.015618019924601479,2026-09-17 07:18:21.147704+01:00,f2222b27dc8b03e9611a30e0960725ccede4e0435439685ecf095a4ac3840e26
5728,0.0044730989805926965,2026-09-17 07:18:21.147704+01:00,dc04ca74bd0d7bf3485f15bac098813df5de5b076c720d488e0e122ca8e65fcd
5729,0.004387300270665058,2026-09-17 07:18:21.147704+01:00,46710dedb625521cad3eb241ba0dff8067fbdd1adb2fbb4b15e2ebb5d1e96bee
5730,0.003066686626997112,2026-09-17 07:18:21.147704+01:00,8d3ef7a4d873d92ee515e5a733ffa1f181adab7b3fa5445939b09058c43379f8
5731,0.0027864551606110346,2026-09-17 07:18:21.147704+01:00,14943f00c4eb6356c85e086ecf5cc6d411699fafcfcad8f70f124e43300d42b8
5732,0.004260513596068013,2026-09-17 07:18:21.147704+01:00,835a066d44767d069276b293da6ae635717ead8c3ec9847eb22f61f0a67d6349
5733,0.004996702649710038,2026-09-17 07:18:21.147704+01:00,b96c890936963f66aed4a6ee8695a2adc050f4c9a52b73376d07b3be601983b8
5734,0.007311997304246568,2026-09-17 07:18:21.147704+01:00,ae6236c7af68712089afc62969e9ce4f6516e5df088a8727bfd71df8bcb3a196
5735,0.0077758694202385925,2026-09-17 07:18:21.147704+01:00,ee37708eff8fdaa9d298ae0a0ebc3c8eae1139aa5c2074a272838ccb3346c8fe
5736,0.01185964710962599,2026-09-17 07:18:21.147704+01:00,9f81bba9c7193e9d166482fb2c32e4465d0384f7c70f98336437ee9b3964ea93
5737,0.0051732323247661895,2026-09-17 07:18:21.147704+01:00,421505c812157a400c3b5198ec99147b476e28c6412b0be53a342e86404de641
5738,0.01135302515869647,2026-09-17 07:18:21.147704+01:00,3cc5d951ec1f443f2ed73bf70298aceb3a682f1e8baac74c2ff3db62e8b2a098
5739,0.006344954958461523,2026-09-17 07:18:21.147704+01:00,e82b0598bd781e1630920feae3d0a05b6e435b4fce1e7bd0a43aa365e5f21ae6
5740,0.009451281101635043,2026-09-17 07:18:21.147704+01:00,1e45deed72ca860b2701bacb3ab42542a08634d733438f3cc4aa4dc1913795c6
5741,0.0015377566030761638,2026-09-17 07:18:21.147704+01:00,ac5e0eee4c2c52f0bf17b653a9513ed69f91853c45d0f66674b9afb891fd24f7
5742,0.0037241838439897564,2026-09-17 07:18:21.147704+01:00,346870ea3486a18804e863a1216ddccfdf157413ed6f32fd688f34b147adda0b
5743,0.004288816517295301,2026-09-17 07:18:21.147704+01:00,f4cf4179ca63befd30b579f69ec3b9f0baf2deb37597585d8cf08f92372eb342
5744,0.0039691451578270694,2026-09-17 07:18:21.147704+01:00,ee49a4dc1c8a5c7ccbb917d12e5cb0d99737f7fd5e6818f9f84ade6aea68ca04
5745,0.007233853013158575,2026-09-17 07:18:21.147704+01:00,278f98d68faa3911720dc2ce5af7f2dc23e94e02b280b0ec2881cfb8866148ce
5746,0.0013718556049867158,2026-09-17 07:18:21.147704+01:00,606fcb32af2332e4c677560ee0a299abe430548771eeeb9bce8b934e2592a841
5747,0.0038279200120226453,2026-09-17 07:18:21.147704+01:00,167fa25b51f0adf3e0af1e6dd4de58dfba5016692df836d6f69b955271a832ef
5748,0.0038003682963930687,2026-09-17 07:18:21.147704+01:00,c5926cef1fef55f592144be30630a693c748339831f72c1a3c8e6d1bd34c286d
5749,0.0040278407185879075,2026-09-17 07:18:21.147704+01:00,cdfa028bb43c4571a7249d5d296a2778ae5503de05d5a8fa631f6d25554f998f
5750,0.0032150555022136505,2026-09-17 07:18:21.147704+01:00,ee95f5ac507ba960232897aafa16000c99ffe26b33d8497040e8df0f3fc3113f
5751,0.0030910960261421316,2026-09-17 07:18:21.147704+01:00,017f944cd0cbcc0993c25e02d07407690711dc1144b61abb8213fe763abbbac8
5752,0.008049623859576598,2026-09-17 07:18:21.147704+01:00,d27999494812b7e57eac69a0515725843fd3ac279553a17c4c0968c6dbcfb3af
5753,0.005296195277744182,2026-09-17 07:18:21.147704+01:00,cb7609f6f90d44e10efd864163fd8a468ff621bd637bb9b87b6d11ea01de189c
5754,0.0054214150463472235,2026-09-17 07:18:21.147704+01:00,2f2e0510469bf7f0a4726f4ce463ac62775e33c0e73f5a90cf4203516ad91d2c
5755,0.006573045886179443,2026-09-17 07:18:21.147704+01:00,bae61763fca9dc60a7f01f96fe3edc00969be32f83626230bf9bd4e5f429424a
5756,0.007503047519783782,2026-09-17 07:18:21.147704+01:00,0bd86cd53775bb6e1dc51dd1588758cd9028726439f564cd712be3b0116c90a5
5757,0.012704296144488435,2026-09-17 07:18:21.147704+01:00,e47fab09ad99988c3b0aeb8e36c1d499eef0e18f8a90d685e6d2dfb64cdfe826
5758,0.007255544862728106,2026-09-17 07:18:21.147704+01:00,55f932644cab0b11f9aa51e654ded8ca8829985ba61ce79e9d1d48f0dff87781
5759,0.003535220113105869,2026-09-17 07:18:21.147704+01:00,b5b4b0efb584b9438dc143a371b9524eb6fe2496cb00a788099cd42081260bf6
5760,0.003542212976416453,2026-09-17 07:18:21.147704+01:00,0415ac5abf6c6f1fcb8ba16e01ebc95b8ae29805e08a710d918dd26007a76e26
5761,0.007300156908563131,2026-09-17 07:18:21.147704+01:00,620909f71b201b2413327ca22e20e64622aeea213514711fb0d225bedfa735e4
5762,0.0036501695546236096,2026-09-17 07:18:21.147704+01:00,29c9c61a159a27793a9143ec028ec5c49bd2ffe71fa8dc4e3d97c1c36a2c685f
5763,0.0047085275872352636,2026-09-17 07:18:21.147704+01:00,2de1b1219f983b5d6b25623cf8d75867d5e2ef5eea32bdfe875dd0086255f2d9
5764,0.006788795101267441,2026-09-17 07:18:21.147704+01:00,30201b44cbc6d2ff0a25e47834e7a5b307d84669046f9e9713e6c744e2c810b4
5765,0.0029581487491279214,2026-09-17 07:18:21.147704+01:00,16c244f3489f4174cc5e20054814ac5e61897922bca48fc7af8861065d0f7936
5766,0.005975110137557386,2026-09-17 07:18:21.147704+01:00,25e033f586125a1c6c44a4c16f24edd766b21f5cb785d5a8ad5002e0c48a29ed
5767,0.004427191192969399,2026-09-17 07:18:21.147704+01:00,387de6f933cc90c5d797c739d3e864663bd6c24bf58b9be027a9150ea1121923
5768,0.005036497338245378,2026-09-17 07:18:21.147704+01:00,aa5ed58e6d99e78d9733b910ce20b81c969220da218faf2a3611d6d81231b019
5769,0.005743873332638744,2026-09-17 07:18:21.147704+01:00,4a8715d8cbfb5cdaef0a1d75c90b6821ff2f2603c3543d535d5e2477035cb234
5770,0.0036010237065793693,2026-09-17 07:18:21.147704+01:00,49f2e142094015b1fa7fb53bd440fcc6b412aa892b2ab48522523a6a2722143d
5771,0.007349131780578425,2026-09-17 07:18:21.147704+01:00,c5ad5e5bea1c8000f8403bca22811a1819596414b06deb6926c476000909603e
5772,0.006501064287753782,2026-09-17 07:18:21.147704+01:00,ab15729bf44160a75fb5fa038ede7b6027ed8d826f1de4dc9709e925e06a59e9
5773,0.0028467895426467003,2026-09-17 07:18:21.147704+01:00,926126263b42d867985f856b4437de79f120189d6be62125fe07faadd927ea31
5774,0.008165065679780982,2026-09-17 07:18:21.147704+01:00,f63ff7f452da8838497e4e1466027f6a39e2814d73dd8a2f80ac2da4cd0e3673
5775,0.0032251867756675754,2026-09-17 07:18:21.147704+01:00,1425ec0dc278ff34260805ec1475e060a797459d7215e0013b2ee511552bf9c2
5776,0.002265710174203267,2026-09-17 07:18:21.147704+01:00,f1e98bb6c1488cb8b085b6c64dd555f15ea09318bf07ada36acc849fa58c6810
5777,0.0016802444609365836,2026-09-17 07:18:21.147704+01:00,02eb1e595e91dbd814bfc4c0e28ba667a0deb99954f62fb56b239978f43bbbb6
5778,0.0031042396152548444,2026-09-17 07:18:21.147704+01:00,a13658154f0cbd98ede05f4070a9e39293caed2f6c6581bfde9a87504aa320c3
5779,0.005185535816507875,2026-09-17 07:18:21.147704+01:00,32e27f227de59969e77398cfbab62e65268195fcd7d5dce11d78d1db5bccabeb
5780,0.0054717508192274455,2026-09-17 07:18:21.147704+01:00,6b380ceda19534684dfc0fd5dcaf7fa2039cbe94dc2a871a8a5eea3e31ce0fb5
5781,0.003748383486938862,2026-09-17 07:18:21.147704+01:00,214bdf3007cec08817bfd9781817ed0e82b91bcec895e2aaf5f4050ea41fb768
5782,0.005493261147222619,2026-09-17 07:18:21.147704+01:00,15d38cbfb3ff58574d7d07718f1cf097fcbf2ed8620d425d22dbd52405878783
5783,0.002705255723779343,2026-09-17 07:18:21.147704+01:00,49ca6d40155bbe036c4da1908176cea99a1f51f5a2bc7088fdfdc2e7b0bd5601
5784,0.00884762409337213,2026-09-17 07:18:21.147704+01:00,63cb3d5a94a45c7b6d469bfb44d9865c12fa8c206804b1beb526f8fa5322de92
5785,0.0029723180972485363,2026-09-17 07:18:21.147704+01:00,2f44b0c87a017bf94f1592cc3a242df60ae530ac0dcf2d528e098058e36f6292
5786,0.003160225159866648,2026-09-17 07:18:21.147704+01:00,de5e259c8f3c797adb7d0aeb7f81d19a5d68812cb3af6c0367e28c0175a9ea0b
5787,0.0021226236081000422,2026-09-17 07:18:21.147704+01:00,2a1cf67c65521ba72a8aa0ddf0aa7ae41396b1a6c1ae3ec7942ce01a749add4d
5788,0.0017028955444016254,2026-09-17 07:18:21.147704+01:00,a0c4653af26bb2e2c85619c72808d727c0b1e184e6e9dcf676d9582c5d853858
5789,0.00379334937695461,2026-09-17 07:18:21.147704+01:00,ac39e4fd154c55081d2756590f67a356eaf051aa5c53214af1d38283ada4aef1
5790,0.0052807121802187764,2026-09-17 07:18:21.147704+01:00,e4c3bbd84e4a1c32225a26ec8b95afc679d72c6d79407aab91064512fb67dd5f
5791,0.0029600852108690526,2026-09-17 07:18:21.147704+01:00,fecfdd115375305c4c866222d8f14d5beef40f545ee222332c77023d6979ec63
5792,0.006068106117819565,2026-09-17 07:18:21.147704+01:00,94851aa3dcf7a1d0d7dc1a8db905999a38274719d2c131bd290800d4530e0995
5793,0.0035711621911709525,2026-09-17 07:18:21.147704+01:00,447ee71d74d27af049b1cbda408a9ee1eae43de0c6f4fb12e8ade5f9dcb31dfd
5794,0.002283734143316772,2026-09-17 07:18:21.147704+01:00,907295d46cf6a2c3f3ab81809ed6079df57ec935c2a033fc44603916ac995766
5795,0.005148861370009319,2026-09-17 07:18:21.147704+01:00,915afbbbd686d03be48f8d584f549df622ef49d171d0ea30d0f325dfab69baa0
5796,0.007330679503891447,2026-09-17 07:18:21.147704+01:00,34f4d72cafd9e051418b88ebcdaa4370e0edddfc7a965adcc7bbf39deccb2a48
5797,0.0046598170803781695,2026-09-17 07:18:21.147704+01:00,95da6065af507b50b5950294bf348dc1231e55584b11be692d23e8b624e9cc4d
5798,0.004914497200451237,2026-09-17 07:18:21.147704+01:00,381fdd4436530f48e335ada2acef1082671b44485294e71a4529a82fdd05e9cd
5799,0.005926081089369537,2026-09-17 07:18:21.147704+01:00,806dec6842e04b684ee57e5b2b9661400d28d3031361c641beee3112bc928014
5800,0.010420290640204558,2026-09-17 07:18:21.147704+01:00,83322a75a11307b67b65eb29c6ad531feb03d5ee9ab84b5d81d98aac0e4b7281
5801,0.004422837003376318,2026-09-17 07:18:21.147704+01:00,2be969d9f29d99b7f4ce10256f5a541b5e7ef413f24c436780c3ffc2010c28a4
5802,0.004402552229791093,2026-09-17 07:18:21.147704+01:00,3e38dcac3770a693fd8d705f1e21f484be2952be303bd54d0e2e1d03abdeb3da
5803,0.007911980830799883,2026-09-17 07:18:21.147704+01:00,ed4678e8413a5b27a945090d56be9a03c94a7e576ba57d192f828947a3114e8c
5804,0.00991090004440181,2026-09-17 07:18:21.147704+01:00,932add4427e3bf2634d2b3019031dd0dd93721b78cad9b41a6dd2a6a11a39f04
5805,0.004399942691266398,2026-09-17 07:18:21.147704+01:00,de48b68b78e6659ae7c67c80a29767098806e37ad27336b170cdc0d7b34a23dd
5806,0.0033537913099483947,2026-09-17 07:18:21.147704+01:00,6205da43457c33400f1bea59262e545c717496f2d2e5e69b1f835f3d375d005f
5807,0.0033069856105796204,2026-09-17 07:18:21.147704+01:00,a6393646b57624ce20d1c06f6cd225179122596bcc3e1c966a9aeb124899a613
5808,0.009169573458722087,2026-09-17 07:18:21.147704+01:00,2748ce5c5c71ce833441e4bddf8c41d857e19afb89e418e5aa5b7b59fdab096c
5809,0.004000463090547112,2026-09-17 07:18:21.147704+01:00,b18f582d61aa65351e3e7d13b6b89983a4b307b5a3f4bb6aae3ecaca47f95e55
5810,0.006770709904089799,2026-09-17 07:18:21.147704+01:00,6c27a6c341028f4c992360374d0e28a4d5144b0bc4ed3e1266bc5288dcb9daad
5811,0.005471588671269022,2026-09-17 07:18:21.147704+01:00,4b9008627d6c25f455ba2d6b3578891a5b73b9f0176ba70d63df8da660526408
5812,0.00340614304920108,2026-09-17 07:18:21.147704+01:00,c8367cf7f08510bcfe4188d1dfd583cb6dcd1ace5447f08a0b07743371fc198d
5813,0.0030290348226639646,2026-09-17 07:18:21.147704+01:00,39905c675fcebc0f69d9e21abf3162909b146a9af05d99af788d06e2d0bae0d3
5814,0.009041249942490571,2026-09-17 07:18:21.147704+01:00,3a74bb990a059ae57686da78645d1020095bd80af3963d42b10de80f9ecc7ea5
5815,0.0029829038915391384,2026-09-17 07:18:21.147704+01:00,e72bfdfdf737a237a4ae34ab86cd61035df420c53acb3abf1068437363af0e0f
5816,0.0038923296105459492,2026-09-17 07:18:21.147704+01:00,c571665995422f607c4cd0d33ed13cafd95185a0da6be511bc7a1203b3fc9f3b
5817,0.0029762667134180664,2026-09-17 07:18:21.147704+01:00,86916dbb218380a469aa1c4f254d383f2d5c07ddab2c74af902bf52dd4087658
5818,0.007605498717740707,2026-09-17 07:18:21.147704+01:00,4fe8bc89b68bd3612fe2c6e5a8189ed5910553f7f86861b07ebf529b9de16c44
5819,0.005896364557859843,2026-09-17 07:18:21.147704+01:00,067822e6ccb538b99e6cb276144baa495c296d81897ae06d7e563a63a74e937c
5820,0.010385147847169436,2026-09-17 07:18:21.147704+01:00,9f8c76d061ec0f67562dc246f11473af1851ce9e98663fd241ba563f0885c199
5821,0.009008812695083466,2026-09-17 07:18:21.147704+01:00,3af9e670632565136d5a9de92d90a6ef0a8ac0c68a13cd1432dc7f625e24591f
5822,0.004185659536029852,2026-09-17 07:18:21.147704+01:00,86f5e34d3834ca65c62f24012f4d855d8bd0b89cca0e5b6ea1d05c96c985e571
5823,0.005956301381076861,2026-09-17 07:18:21.147704+01:00,704a444a79e38f16d78d6b9aa4bff83437c761099e56832094d89fff2e6e8a22
5824,0.0023612809678238175,2026-09-17 07:18:21.147704+01:00,8d50ce0c7b2fe0b9d00ffd4b4d645a63d3f6900900a541f7a9e20f3d0ed45853
5825,0.0040553012833443765,2026-09-17 07:18:21.147704+01:00,9bfa9567a66d9b43bfe701c1e20a69a2c11534d594ecefb8670abf2c33b4d306
5826,0.002407092451139554,2026-09-17 07:18:21.147704+01:00,ce1e36fd9f673320c72d255c4efd1f1648a6e40b3436a1efe200bdf8339e2d4d
5827,0.007824059870071252,2026-09-17 07:18:21.147704+01:00,445e3699a73bbe5385acf3378659adec400439c90729e997f2b7cee2a7a5807f
5828,0.005501646078945189,2026-09-17 07:18:21.147704+01:00,cbe9cb8b967db2d9f27fa9a5a9c4f0dfd84957609788bfcb8a09f4dbe932beee
5829,0.0029418162737599018,2026-09-17 07:18:21.147704+01:00,c8988b2572558d896b6ffabd8b69356e73cd837246b73bbeb5cf500f8765e36d
5830,0.0020299912030426505,2026-09-17 07:18:21.147704+01:00,f5572cdd0d3da99f03a83b3c944812ff8d96efe3f7d402329a44ccb8829d7633
5831,0.003650646451430875,2026-09-17 07:18:21.147704+01:00,c29bcad029154fd902d20db9d7aca3d3143f3caa70806d700135198de6d6bb2c
5832,0.0024704657281639274,2026-09-17 07:18:21.147704+01:00,56338e1e9d40734656efaca692513772e84c0ea21d54451717a8ee729f83c4cd
5833,0.004951942276192382,2026-09-17 07:18:21.147704+01:00,5d5ac716935ef440e26e9ab003c468c5b134be88ccbdd359ef9bdce8f3e1ca78
5834,0.01084821200902977,2026-09-17 07:18:21.147704+01:00,6eb1b50ad9174d5b0a85912dbb09af7e8561f2f2a24048b5d85ed220abbebf6c
5835,0.003905655458994294,2026-09-17 07:18:21.147704+01:00,8fb756874dfcda74a5255b6ede3cd76d1a7ac1592620547737071e74d7b873aa
5836,0.0019571460899278402,2026-09-17 07:18:21.147704+01:00,81eb065b54ca0f89a0017ee60b0cb447346e3e84eb04470d0e414cd962032f23
5837,0.00992146029961959,2026-09-17 07:18:21.147704+01:00,ce367b01ca9b1d4d888fbd51e46e0ec36a6d3c93283d1f0708668d7ec600935f
5838,0.007115752525796238,2026-09-17 07:18:21.147704+01:00,41e7d38af85b0d5d257b7c40983e458b896a125b7db5201bc39424c2f2815757
5839,0.005188856355775305,2026-09-17 07:18:21.147704+01:00,bb6abac8f9044d98d66a856339e5124d0e242a58ccf802e7f0d23240ac0cc685
5840,0.0033106292197667584,2026-09-17 07:18:21.147704+01:00,97d5dea35a4833860d338da61078b1175141494c2da13ef943d655078b3a185c
5841,0.0015329278193464775,2026-09-17 07:18:21.147704+01:00,2b5f8e61e60b51cfc7bd968805287256fc0850ccfdeff5c86bb6e211a568605a
5842,0.0067165527049187984,2026-09-17 07:18:21.147704+01:00,8b26fcf938f31ca454c6082a0391cd12d9765cd5a0277b156b3031984515c423
5843,0.002192020808807623,2026-09-17 07:18:21.147704+01:00,cd5f5df9fa1c5baf238690c9c4d86f25ee4e022c4dddbf7728a0aae9a8f446c4
5844,0.0056576223031116635,2026-09-17 07:18:21.147704+01:00,b3bde10678e2edcf862fda57268ad413c1881c0a4a392d8f452a67a521c3ec75
5845,0.0018436033994803991,2026-09-17 07:18:21.147704+01:00,24d48d83f32a88914e2b5c145db24c757127f94c09a291ee14abcdab7161fe4f
5846,0.005414960587753483,2026-09-17 07:18:21.147704+01:00,f7b55ddc7c9a68f02c75fac728146bc50ac3bceb9d94c6d5dfcfd2112874a935
5847,0.004526728840811034,2026-09-17 07:18:21.147704+01:00,dd8c16f831de4202e3df8de5e53d88b942827b07f14474d8d94f7a30b278012c
5848,0.0033627751644206404,2026-09-17 07:18:21.147704+01:00,82de3f9857a58240bd9f5b7813ccd8f5f7f98b21f3c51720c9b2481524c36b72
5849,0.003259695953181614,2026-09-17 07:18:21.147704+01:00,6063ea6677b45d3476eb7967baecc5c7ad389925a3307956b2ff202a250ab959
5850,0.004337681557276271,2026-09-17 07:18:21.147704+01:00,22aab0b36333c9ce2f09f4d9c22f1249c04a330c904eb5f790f9bad57ae0fb60
5851,0.004680323481993167,2026-09-17 07:18:21.147704+01:00,95cc3415dd74438af8e39a7ce501492abb02d2a0b077821f93c2eccbcaf10875
5852,0.0035751351503010343,2026-09-17 07:18:21.147704+01:00,edcc382bf87513f8cbbd6b04069364f172293561dc98ea369e299f397ece9b58
5853,0.005444485489264421,2026-09-17 07:18:21.147704+01:00,0cad0bd6d3139adcff49cf64ac94b9346d8274ad09fcbc306dcede2e386c3399
5854,0.0049049839045419335,2026-09-17 07:18:21.147704+01:00,bf7c126c3c4f5194e3442a6af8db2adf0ec493b3318a4f3697ee8e8edfe074fe
5855,0.0076187907226045555,2026-09-17 07:18:21.147704+01:00,460f9a13d4dd97324c86c8dd9cb6075e5ba7f517e366a06717db59e07adafb79
5856,0.005635597256600549,2026-09-17 07:18:21.147704+01:00,9a1fba983a0a67b86894611c092df72ac5dfd406d81e33dda8465cad562b0ed5
5857,0.0017980642610771753,2026-09-17 07:18:21.147704+01:00,2389aa6331d936a1638cca4620c57dfa8be82469074567907cafdfdb6bae368a
5858,0.0030157693713302246,2026-09-17 07:18:21.147704+01:00,a3dbd712c806e81c89d984583fbcd01509900bcde53cd4c746a6eed38d43e02e
5859,0.0031012004674199406,2026-09-17 07:18:21.147704+01:00,bb9fa0361280748158bc4711d4baffbeea5742f5de5fdf21fe4f32a93b1deb2b
5860,0.0031028234705460338,2026-09-17 07:18:21.147704+01:00,8087df3c668d4024735edb7ed32d16e0d2af3b6d4ee6d3bc649cb9911a0512da
5861,0.009501526846667057,2026-09-17 07:18:21.147704+01:00,9b6a6f1b3483cc91a2e0bbc398da112a0ae3be26d8c74d0b60ecb4df87e1414e
5862,0.007157988677257606,2026-09-17 07:18:21.147704+01:00,4b0deebd72ccacdbf9397c664c47bd8b1ad11bf0618d865f75e6361604b0febc
5863,0.007756825281965132,2026-09-17 07:18:21.147704+01:00,2962b76d5d26c36d0c14821290300f1d9b166e9e1f9ed03279ad2c213ac7adff
5864,0.007463378101262326,2026-09-17 07:18:21.147704+01:00,54dffca9c712e3d784f04b7fcb34362bf7371d31d0996ecd2ded291c9bd3a449
5865,0.0021489859248439705,2026-09-17 07:18:21.147704+01:00,f87ffb5b08bf26c3399f9928be24d8c61571616f7f1c5a4437e9a85a164ca8f6
5866,0.01270724434334472,2026-09-17 07:18:21.147704+01:00,5fbaf4e3bab7ad671f9ba702207720fc5d934ed6bf389a095141257e4e3f3ab4
5867,0.009037230977245807,2026-09-17 07:18:21.147704+01:00,7887975299a7429b18d7c10ad17f73c7633579f05f3a80af3e21ea48861207ce
5868,0.004808372427557415,2026-09-17 07:18:21.147704+01:00,9c1765144df34115c9ae030b5860ea3f9d4cca1df9f3c3d2a794bacc2f654c5a
5869,0.0025748573908560904,2026-09-17 07:18:21.147704+01:00,6a554ed4953bb81e449b9a9079b2ae7ca515036c27a5e6941358e53f40243fd8
5870,0.009790148502630462,2026-09-17 07:18:21.147704+01:00,ff70c84bb1ce5451f40aa76ee7c0f002a3821c3f0315b14b60693787eba6a5f5
5871,0.009442807008680134,2026-09-17 07:18:21.147704+01:00,25a970a1539a6c87d42d682e2da48e53f7e708b505d55d91bb1cb3205c850738
5872,0.004325863205360114,2026-09-17 07:18:21.147704+01:00,30431d599867aab79762e2c58e2ec87797464d1d7a5a22ec7df00ed2edbea209
5873,0.004675310134654647,2026-09-17 07:18:21.147704+01:00,bc819cdc74c8091ebc8314a00e11efac736e7b4c80d80bc160c4dfdc56979247
5874,0.004457469780600473,2026-09-17 07:18:21.147704+01:00,9c368c75b21eaf6752a0ed80c96c5767fb17987a5b5313c13887044e04e53873
5875,0.0016088886190190636,2026-09-17 07:18:21.147704+01:00,7c527b144a54c1423477aabc5f615b95d2282cb6d23eb95aa3ca881237361be7
5876,0.004132239530700047,2026-09-17 07:18:21.147704+01:00,494f67185cfcf3dc5439f4594ac02e55926fe0ece43921593a9b2f3bd84c4368
5877,0.004316480061148046,2026-09-17 07:18:21.147704+01:00,48fe88052a9b3aa53d8e39174b73115c7fdf4513428833586654b5e582c762cc
5878,0.0024429746869272947,2026-09-17 07:18:21.147704+01:00,82aada092ba782eaa0cdc7072a5a8e68639ca62c4c0b5a43f46396a3041db241
5879,0.004190683744715536,2026-09-17 07:18:21.147704+01:00,5def96d47d454a06097d2f1f4a39c259f42bd70d230e2bbab377feaece4bce83
5880,0.00999542018394375,2026-09-17 07:18:21.147704+01:00,0aff6ad67e9cbbe23a64be88ff106ce77aca881153ae4eac6b5919139c426b28
5881,0.007136768115964891,2026-09-17 07:18:21.147704+01:00,20f9bc49863f1fa0adc0e2b9b8d17afa9ed14de29f7d4c867bc9470c326d196c
5882,0.006837613798446376,2026-09-17 07:18:21.147704+01:00,73fc82579b8e8b312c8953b936864f791e7e1ef574cc083bce19df26cb0017ed
5883,0.006497430334195133,2026-09-17 07:18:21.147704+01:00,aafc38fdd4a9e0c4c86657d97d272de3d215c768fa954879b51098dca704d1f6
5884,0.0030144101824775265,2026-09-17 07:18:21.147704+01:00,6b1b313294b59a7bb7e48ee655a06051d08e1de8cf1936ec0f7352bbee9822ac
5885,0.0013795478264299655,2026-09-17 07:18:21.147704+01:00,307b5f9755b8672e14b988d1264726562723a8be77d1efa1d495a78234aaec80
5886,0.004214523194687959,2026-09-17 07:18:21.147704+01:00,4b9d2cf0005564d3eacec8f6a469becba51550b0ab9eec00957592e028aea381
5887,0.0049599014324496,2026-09-17 07:18:21.147704+01:00,d16e9df8138185422f29b10c567585daa30965efe33fa7eee128845516f5230d
5888,0.008337694956266056,2026-09-17 07:18:21.147704+01:00,c065a0d6bfdff780f97d179075098a9cfa051957ecfbcef09a0cbf3212fdbc79
5889,0.0038923296105459492,2026-09-17 07:18:21.147704+01:00,a53b0d2aa9547d447f8a4061c0ba32779b91376f292d42a7586971739a6999e9
5890,0.005438803612285201,2026-09-17 07:18:21.147704+01:00,b8c8cc3b55c31b340c282d1da526350ef7cd1bc67e2775e9054903c06d07f0d5
5891,0.004771529161364002,2026-09-17 07:18:21.147704+01:00,c242418323386fee5fd1a3c1e27a18afc406972b96f8621df2088fe0692f96b3
5892,0.0028164204848977483,2026-09-17 07:18:21.147704+01:00,36d183565005a0d4e4fa5eba9fa4b14948ca58dd6c8e1a1c46ba8fb4c8863793
5893,0.005466523544653225,2026-09-17 07:18:21.147704+01:00,63d8e2fa4ca40ff72bf05f2c4d26b2e1266f588aa198aa18eae46b10df261de9
5894,0.003507657260890364,2026-09-17 07:18:21.147704+01:00,8fd25ea9e795152b898c961ed25b16f435b1d09667f0cd7dbd40ec47ab36a0d4
5895,0.009429114893396923,2026-09-17 07:18:21.147704+01:00,413f3d81716208e1e9e548e3384092add6ba7c22e4b96cfcbebccb40e9c486da
5896,0.005572958966100352,2026-09-17 07:18:21.147704+01:00,9f51536d99af60fcaf8f3bb5909971bf9083f216789cab08ba57ba8d1a965e42
5897,0.0054581983648050265,2026-09-17 07:18:21.147704+01:00,3c40647f5fd4614277acd5fd8f63eccbefd117b5e6b13933c19c56d077f2d883
5898,0.010099284807867098,2026-09-17 07:18:21.147704+01:00,924a9ebcefdefded5e27ed5e3f8eff03743b489388274ad922fab7e167ae94fc
5899,0.005282978369877065,2026-09-17 07:18:21.147704+01:00,6ca7ffc83a94d13d997cb1682c35183da874b88f98019e582a929cdd3eac8776
5900,0.004463058207487215,2026-09-17 07:18:21.147704+01:00,ef042ecfafbda9918d514e63526d10adfa2a1f0320505149e4653653591a7306
5901,0.006140660741750646,2026-09-17 07:18:21.147704+01:00,32921d6135fd7d5006fdea6c28cf5b10bdb8d3b0b6084c5aa1dc30637f9912b6
5902,0.0058238547152752495,2026-09-17 07:18:21.147704+01:00,9d0a0a780ca1d41adb9dc5f3057c0db255c78c9865221579ad4ecad6bc934113
5903,0.002296523897148935,2026-09-17 07:18:21.147704+01:00,9cc3be77742d69b2fb7af4837ee80df237fca6ad9993cb8a83ded39a2ca667cc
5904,0.004735107081238134,2026-09-17 07:18:21.176029+01:00,053d1ad7be60097d967c99f9664740ae6294821884320e71a567201111236a6c
5905,0.008029615980827551,2026-09-17 07:18:21.176029+01:00,143322128e5dc7429186893eb353c6ca0ee0a54dfb6df8e8f03ea0d19f53c45b
5906,0.010604399639540449,2026-09-17 07:18:21.176029+01:00,7fb5939d371ac861aefa76cadbe952561f9e7b70d0cc84aeb49d9fe77ab420ce
5907,0.008518646419746407,2026-09-17 07:18:21.176029+01:00,83d0c7fec857a574d70df40b73d64848c214fc83f4a2bf3129d18d0fcddf17c6
5908,0.0032334044776765954,2026-09-17 07:18:21.176029+01:00,05e28fe4b0866f6b2145f7dd16839d99d68533d8ed056216acf15ac35a467cce
5909,0.0036632541361468784,2026-09-17 07:18:21.176029+01:00,f03c1fe039a5a54783fee1204dafb5e8c4f670de8aeba477d9534ad8c595667e
5910,0.005017905571330957,2026-09-17 07:18:21.176029+01:00,cbad590c50db3f2ad81a5c2a6b66f68329ba683868a70cb5a1efece547931224
5911,0.008215905990705825,2026-09-17 07:18:21.176029+01:00,71e8d7621a9a2e8b8c2898b3877790fb8130246aa1d590bd112afb0f8ec734c0
5912,0.005241932835866892,2026-09-17 07:18:21.176029+01:00,ca47a41d787f8d83a1fa7af9c522da4ac9f4b3fe0a25e86d897c22b7645ac838
5913,0.0034586308325713936,2026-09-17 07:18:21.176029+01:00,811ce29ab56fbac9d789cacd55aad88bc9a8ede00bfe254ff15ad97c3ab5fb27
5914,0.005104959490054916,2026-09-17 07:18:21.176029+01:00,56f66f7d0a59e38a72ad3915a6277108af2a049d1923cd4581049e0ea61ec35e
5915,0.007070709260046308,2026-09-17 07:18:21.176029+01:00,f82ae2ac60fcfb9e2683a0f5b5e6346fa9d2cdb6bc3a1b47e2d3f4b0f0d8d590
5916,0.0017600367809439432,2026-09-17 07:18:21.176029+01:00,435dadcd7d1d390c6269c26f624789a2b33a13393c580d1756d27bb2d253bc0f
5917,0.007540276090472729,2026-09-17 07:18:21.176029+01:00,15c39a49b1ce83a65cd587c71125b41de86913f703e34b569cc322b142fae7a8
5918,0.003860263286158186,2026-09-17 07:18:21.176029+01:00,a21b31b94b817f9abd0b4094c2fccaf24273e0f5347ff6f79fd63c3f33e21bb2
5919,0.00459455011129446,2026-09-17 07:18:21.176029+01:00,b8199a2fc3fbca6f46734b67fe1bb1297b22ec32949a8a7a19bdee9296388e58
5920,0.0034834063096629815,2026-09-17 07:18:21.176029+01:00,4cf479ff79d218bb12ddf37ee160ef797610ce6deb69fdaa9aa664d76960404b
5921,0.0051842922823361086,2026-09-17 07:18:21.176029+01:00,db941d6972d3d90f15007ae4f8617a215324b2d7eb526f0d7080a688d845e42c
5922,0.003481120285778585,2026-09-17 07:18:21.176029+01:00,51010345573b70d2f3f8a7473e4ae2fc726bffb8050b021b31e05418fe54fb8c
5923,0.005738258353457009,2026-09-17 07:18:21.176029+01:00,1bd1071fa851da3eee0ae21ce6828df03dc404fc31bcb8e28a107f4793a408d7
5924,0.005992614667781686,2026-09-17 07:18:21.176029+01:00,e1febbf5af8c9ebb94a43559da8ab57e42f1b61b535b91219e3722690a964a1d
5925,0.0052854602771840505,2026-09-17 07:18:21.176029+01:00,e79c21dc0de8890335fd5e9e899b607267d230dc52ac666ec14ab2e1fd8c6e0b
5926,0.007224040264724141,2026-09-17 07:18:21.176029+01:00,c8e70bb3a0b151ab2d00f12abb7b1c40980dcf0ff8dee45408dea01237915a4b
5927,0.0067628247765604485,2026-09-17 07:18:21.176029+01:00,3643c94c3052df9e0c835c4e7004cb2cf96fb473d4e48ad907ba1dd459fb6f3d
5928,0.008057335202264492,2026-09-17 07:18:21.176029+01:00,19119ca7f533e54699e6808ffaedae5199441820bfa297d58c4457c330d7d72b
5929,0.007317122539733132,2026-09-17 07:18:21.176029+01:00,7beab6f2612be9f82cfe2659d57bd71e6fa55f9b4789983a9ac06a69563dd3e7
5930,0.007266101768261696,2026-09-17 07:18:21.176029+01:00,aac7b07e4d5aa4671f39f2336f297f6bdb5de410f5c5fb182caf40283a8ebba0
5931,0.0018896539250080112,2026-09-17 07:18:21.176029+01:00,14791a37c773ad3956cf03b76ccb925fdccd75dfa75a4d4c12187bb7a482842f
5932,0.0035041742895819787,2026-09-17 07:18:21.176029+01:00,388f06635c27d945676c4ada8bcc0b68f9c696ec263d932739b4c252de1dfe93
5933,0.0040564381847023575,2026-09-17 07:18:21.176029+01:00,1aeb8231e46793bca693259e89148bacd6b3f57bd845a4f24b8588e8b320a732
5934,0.005934846993784759,2026-09-17 07:18:21.176029+01:00,776812e65c15f47be812c5dae8b8bec609542667f3308183742fa5b5f82131b6
5935,0.006947110036030917,2026-09-17 07:18:21.176029+01:00,04d94021dfae74b2b913aead2d60884821291be7f67572d003bc1001883e8e64
5936,0.0014351462409566273,2026-09-17 07:18:21.176029+01:00,6feed08e55e7ea312401f5e4163aa307fbfaa65c73b1acaeb3b35e091c583144
5937,0.0044285102872628,2026-09-17 07:18:21.176029+01:00,b1ab38cef6c2c6ba1770f7bb1ca93fd24a312b7e371ff9b920f5c458ab19de5c
5938,0.003632838759368152,2026-09-17 07:18:21.176029+01:00,1ad5f9a89211dfe55fd2561c3adbe732e87c8570dbb466b24ec134af0a7590b3
5939,0.005679453794779161,2026-09-17 07:18:21.176029+01:00,8fe785db9e2823760c0fe46896091bf9dbe394710bd2e166195cfc2dcc6d91ec
5940,0.0040929167327933445,2026-09-17 07:18:21.176029+01:00,c7033165dd5bd083577f3c5125473fdf5da49253e67fadb0e2f1e9ae2a4ef142
5941,0.004152192722062785,2026-09-17 07:18:21.176029+01:00,93b590d0ca3deecf66516114a7bdce3735338fe76da94b127dbe81ca90a316a4
5942,0.005149983351962318,2026-09-17 07:18:21.176029+01:00,5914d9d148e9781202fa1acbfd1dbf940e5e80fb3fb3c1a6a51c4c7e42fc70f6
5943,0.0058427417632237804,2026-09-17 07:18:21.176029+01:00,b0c3f30bea82e7d6ba332b6b732282ae054e7d8474d5e9d16eb9a6cd9f225079
5944,0.0067628247765604485,2026-09-17 07:18:21.176029+01:00,9a87658570348099239a8769214ede2f82bdc4f0eff4238d43f0d5045a9cc0a4
5945,0.006389609937352698,2026-09-17 07:18:21.176029+01:00,27ec4776339763451934bbcb9c9d0d71d8b92a1b1a1ee0d90c956c090b6c9c3d
5946,0.00840781562229019,2026-09-17 07:18:21.176029+01:00,e03f25128b7837371e4301fb29da3b80777ec1a3728a6938ee3e22b98d6bdffa
5947,0.011907744474736224,2026-09-17 07:18:21.176029+01:00,bc0aee1e44cb3dc401fd74c8a98f4c1872b10cf464fa335b8f153b1b88fe6d73
5948,0.006780932763632633,2026-09-17 07:18:21.176029+01:00,31d59762c44961c40ea830553d7f6ec7832fb9f2e1488903b80a7701ace1784b
5949,0.00595213235522849,2026-09-17 07:18:21.176029+01:00,c1e3a897d013b2f75479fe04f92f6f8ca52fa620e93f9723bd544a115311f89b
5950,0.004147496884383363,2026-09-17 07:18:21.176029+01:00,d97dc8a98b20c300aa3a5463a2a59499d540b9bc51a7fba2e7b0ec7c648395c6
5951,0.006362860362438665,2026-09-17 07:18:21.176029+01:00,7b5bc67ab35caaa7b4be60c145e76b973225ed128702bf38a98566f65784e2da
5952,0.00434262285888541,2026-09-17 07:18:21.176029+01:00,d8049a179889c432d7522b72d7bf6ef801566557d490b853b4774b7c07c2fb91
5953,0.00540468007691451,2026-09-17 07:18:21.176029+01:00,f9ea80b72a9d2eb21afd7b85a94434245fdcf4903f3f921d1040894141db0900
5954,0.0059381135630657885,2026-09-17 07:18:21.176029+01:00,0aa8e384f51845d83d08a358d8cb59d56f2b3982c2f38d7a299430d4c15785a9
5955,0.002995272295655943,2026-09-17 07:18:21.176029+01:00,5e18e7bb4017690052537020c05a8cc4f51771994003625d1a05d9711ace943c
5956,0.006334828836651051,2026-09-17 07:18:21.176029+01:00,a4c78989dbf25c92516f0a37401be5010c5da11257f8070cb47b08f96c3f0764
5957,0.0045268881497280734,2026-09-17 07:18:21.176029+01:00,6172d9d301bebf06e030dd886edbe980d3c330fc33caabd0061b169391f85790
5958,0.007680252833643567,2026-09-17 07:18:21.176029+01:00,f32983ce3c020bcffd0b9284f993531c8a2def9cbaa1e64f7f19a392e17e514b
5959,0.005548966728247843,2026-09-17 07:18:21.176029+01:00,6670b5ea754142bed95c9b31a143885faeba5565076e916dc193bd23999e5ea1
5960,0.003463502022465138,2026-09-17 07:18:21.176029+01:00,5d31fcff1c05e7b1f30b071b0db0b2e6c37258256b5347498fdb88cb4925c30f
5961,0.008756253342286477,2026-09-17 07:18:21.176029+01:00,ddfd5fe92d1eb802324f16fcbf5d59805d97cc8afb71e955f6f0222d0c38d6c3
5962,0.009030597559774364,2026-09-17 07:18:21.176029+01:00,6d7a6c4273103e6244a4043dacefdfc031e314843c44d6570a9f82528df36f9e
5963,0.0027457934974290015,2026-09-17 07:18:21.176029+01:00,0a17b480b15b39d010f909ad55488ad8b210ad614e0f0039b3599aaebe85b4f5
5964,0.008930012814696473,2026-09-17 07:18:21.176029+01:00,ba550eae852279a7174d51e684064f4403883952a94ee508a9d74df639b12e47
5965,0.003284657940159742,2026-09-17 07:18:21.176029+01:00,6b789205bf4ade604946547247fc39aab2b4af1a447d4ef0f62694c65a109574
5966,0.0030421165930448273,2026-09-17 07:18:21.176029+01:00,03fbf8ab036a09a7021489dbcca429919ab0f1aa44031918fc00098a8f935d9e
5967,0.0021647926995352618,2026-09-17 07:18:21.176029+01:00,2ec7952b522f33cb1a717abd9cd00213da339f275af4eec7b068fe2ebeefb92a
5968,0.0038827939592412093,2026-09-17 07:18:21.176029+01:00,a460e2ee815a7aae9db2829481c17c735b870c036e733f5c5291bf250579896b
5969,0.004553245326992291,2026-09-17 07:18:21.176029+01:00,dfd40d0b454e35b8d1fde4388f340e37425a60934e93024fd26345213ee897a0
5970,0.005073198427177016,2026-09-17 07:18:21.176029+01:00,b21e866d3b12bb23dd3ba878039a56b2956ad1394de0a85da58dd13a7a4cbd13
5971,0.003553327546484275,2026-09-17 07:18:21.176029+01:00,125766a05aee4807f3c66e6bb97c80287da0fb2819c12616cd93b0c39e856a2d
5972,0.0052426229007229925,2026-09-17 07:18:21.176029+01:00,9d8904d2f07a62876a90d65ce98cffb5cbe2323d4718379414d07256a05cbd73
5973,0.00323487196110017,2026-09-17 07:18:21.176029+01:00,f9091263e56f537ac70aae91fb4b36e5ab08984f03639b3e9b2205e8d86e4c75
5974,0.010652386116261367,2026-09-17 07:18:21.176029+01:00,c3146edec7cd98245d0e1d87a16c5452a61f13300d49d452789cdd4fd7720456
5975,0.004536985308739872,2026-09-17 07:18:21.176029+01:00,8577fbbb63303bf4e0657019b5e228a23819295e1d5a3a2e88d073504f68119a
5976,0.003859520111464167,2026-09-17 07:18:21.176029+01:00,68ef3818e3e8d794cb38c6f19b43ee06ae08ccd820db37087577bb45aad22f6f
5977,0.0021647926995352618,2026-09-17 07:18:21.176029+01:00,01f6d9713b730e14845744ebed793767bd74815b5eef0cb1965ab8e1e8c19be5
5978,0.002188344575682365,2026-09-17 07:18:21.176029+01:00,0303f81a0fe9c1a587ab9033c69748d1fe6c0859c963feb5df4e9f633ff65fbb
5979,0.004483313931641097,2026-09-17 07:18:21.176029+01:00,fc65a6b48e76e9dfa84075a9418074368b904fe9859a0cc6d816cd6b7bd9312e
5980,0.005897195569122974,2026-09-17 07:18:21.176029+01:00,234fee83e58077fd1cb1709d95003511c8ddcaaec483e0a6fbda50c6ee477f55
5981,0.004122841145431302,2026-09-17 07:18:21.176029+01:00,59c49512959f10a80b259cd5736e5067f5fb64057a6066c68010302780c7ee11
5982,0.00428461185858975,2026-09-17 07:18:21.176029+01:00,6f11b8a28308dd6066779d5e984a1f22489ad59d915c15b97b5864d80810620e
5983,0.004747494416299655,2026-09-17 07:18:21.176029+01:00,a0c04b0c17525e4b3ec2bd15faa517aa014ace9fe347addb7c34365788d18fbf
5984,0.0026911321061012686,2026-09-17 07:18:21.176029+01:00,aa7f6afed2d51d881e10a4afcaae78ad5ac92760d9adcb7be1c7a631874623b2
5985,0.005621367598821623,2026-09-17 07:18:21.176029+01:00,cb9f3268e9df1e0ac7a57165ce456957cf170606115e160c153e1c872be6236e
5986,0.00881446856519404,2026-09-17 07:18:21.176029+01:00,114bac24a77468ddd07c12d14a6fc64860b7113d6b8a35fb9ccd49a909885efa
5987,0.0045340311412089395,2026-09-17 07:18:21.176029+01:00,ea3afd47a80d6fc1c167d3bcebc3ea07c57d5bc472da0ededfe351f83d565be5
5988,0.004201809453762331,2026-09-17 07:18:21.176029+01:00,78266315e80c398a691d60a929e879eb3c63b6f1fc78ed29a959d3ebb3a8dd51
5989,0.004682569690779047,2026-09-17 07:18:21.176029+01:00,75b0993e2a2579857cfb535c1b9dbd65505661902abee3b224ae9a3564d18522
5990,0.007082205155573346,2026-09-17 07:18:21.176029+01:00,2ea215af44d2959571ee3aba22ee06ffc15213f2a5a5c252913c72f9c18159c0
5991,0.006502744257793764,2026-09-17 07:18:21.176029+01:00,1b267dd43ef0a37a76ceeb298718402ad50c1f7586dcf023981b0c2202ffae60
5992,0.005154074651460548,2026-09-17 07:18:21.176029+01:00,587cc3d8e2502ed63ef3142478001e918f6ce46d16e255de0fcd4f8fde43c02f
5993,0.006306584691640662,2026-09-17 07:18:21.176029+01:00,28fcd7a01028bc63630941c237d53120b419e10f6ea4189cbb615a0d00fc13e2
5994,0.007275958311518743,2026-09-17 07:18:21.176029+01:00,9bd1ab93e1d491af2c8a605af28fb7032c0af634c236afb4ae070864c6326d7a
5995,0.005503259262645016,2026-09-17 07:18:21.176029+01:00,86d1b447b7024445239e6f25ae125504a62de4c2b890690e62a8d68c1b2ce4e6
5996,0.003282887032540139,2026-09-17 07:18:21.176029+01:00,df850a8e0411e0dca2281bce685943ab6dc4295e5a2b44389044964c5d34be5a
5997,0.0031808331658431666,2026-09-17 07:18:21.176029+01:00,64c42b1523c0f6355d219e337b99b9b0966edf0197de1e2804c2f96b817f3db0
5998,0.006400724311061295,2026-09-17 07:18:21.176029+01:00,6c3fa9b934c2473e699821c4b56e72a4bfc9207bcd786f2c97d28b1864f70fb2
5999,0.0040078650441664875,2026-09-17 07:18:21.176029+01:00,d681ecc34a5be6ed56ddc8d55384cf67393c5d72d36346c7c51d0cc77f1095c1
6000,0.005617777612352447,2026-09-17 07:18:21.176029+01:00,6663f97d77c3550d8c8f69fc16e4997e1c8d4209402ae216cdadea018cce009c
6001,0.005862779173866132,2026-09-17 07:18:21.176029+01:00,99ed667482ffe9cca24f026ab6758a2bc582569971ca0f09182e2e011891b61b
6002,0.004269126648922984,2026-09-17 07:18:21.176029+01:00,25acea6e9a623aa7d86c093ee66c4eb65181096b5b654ffabd51276b0d29cedd
6003,0.0035206124138763904,2026-09-17 07:18:21.176029+01:00,1c881daab9c87019f7be40944f5ee734333eca1c30c3729735c96df88a16faf7
6004,0.007977496490311773,2026-09-17 07:18:21.176029+01:00,588c164d835ed9814d497d4fc6da2ed9ac1b7c530d77bd237f0fad7846d49429
6005,0.005534121251426283,2026-09-17 07:18:21.176029+01:00,814564762e2c48f99a0185a2f77bb86d2ec97997710be8e204f7e7d016d03e76
6006,0.006496985557055569,2026-09-17 07:18:21.176029+01:00,5982d04670900d39a4c9c5ecb02086a7c03dfa7c46d411be250fa9143386110d
6007,0.0038477089064160625,2026-09-17 07:18:21.176029+01:00,bab464d3090a382fef2e76677c3ca1654b0f229a7283aedf501c7e191875fa45
6008,0.006132525794107475,2026-09-17 07:18:21.176029+01:00,0ee1d621cb753f8029c5f6921e75d72b87ffe8fd01fac337c00e477c72c3d346
6009,0.006118368771392573,2026-09-17 07:18:21.176029+01:00,504956d381549a1bf72a97c86871c64aa1b12cb14f40deb2f0009a3d4b042234
6010,0.009005075773425264,2026-09-17 07:18:21.176029+01:00,f80ffb1e8450b8dc5c6fbb4b0fda2070faf8f257a27ca26942cecf22c0e6b90f
6011,0.011223258427874902,2026-09-17 07:18:21.176029+01:00,f3d23b4babf14d2d5c66344f114e7f81f816c7d4bd7e739e267af6fd2cef21f4
6012,0.0042930943846241415,2026-09-17 07:18:21.176029+01:00,6f1d1eb27cfc15f6825b67bca4338579b6e873466e7960be882c780000e732ca
6013,0.005734571092214777,2026-09-17 07:18:21.176029+01:00,51e4d95e0096bee8e638dc2779f922d9d48a7e6f6508786cc3ed6d14ea88ea68
6014,0.002473901226227908,2026-09-17 07:18:21.176029+01:00,1482e34914f02e8944ab4b1c960852abd5d26672a57fafd90b8c63c2cadc7fc7
6015,0.003919562258625559,2026-09-17 07:18:21.176029+01:00,743c564c978bc9c825d0cb3245d05ed1b6f9394bf865ce7ed559b175453900c8
6016,0.0022980281749926464,2026-09-17 07:18:21.176029+01:00,1d90a1f0944f70fe9b585641ab9af1614019e26d0605cad16b20a48c95586588
6017,0.007554814756565855,2026-09-17 07:18:21.176029+01:00,345ea4676d7a4450bdb1e7f728abb31ffa6691b63b1e5ab1a9d0a658188b4c0f
6018,0.005617397728666987,2026-09-17 07:18:21.176029+01:00,a5d44f806924ca9f05f3468a6ec172ab8c1fb221120163031b2310f1c09cf803
6019,0.003806301517049273,2026-09-17 07:18:21.176029+01:00,0e8450183b1a1cf855b6e9c5d0ae4cdce6aa9ff0fc94c2e6bc3046ed96b04163
6020,0.002218755455807966,2026-09-17 07:18:21.176029+01:00,82badab799144e5b11832c6e9a779884b0d4ef7bc355eb7ad1677d5ca385cc02
6021,0.004502576143913259,2026-09-17 07:18:21.176029+01:00,f14a8ece0960fb95e7bc7990810489b4715f5a61c24eea3e4ade4f3b8c060fb9
6022,0.0030421165930448273,2026-09-17 07:18:21.176029+01:00,48a1416498aa81b2efb7b505284781460735fab2bc7b864720d6ad71d3b21da6
6023,0.0038170724919662264,2026-09-17 07:18:21.176029+01:00,3bca5a8dd8f4a8d80191cf6f0f46345b2ebf0576c45d576609a87535277c8bfb
6024,0.009009181493864113,2026-09-17 07:18:21.176029+01:00,142442247345315018bdcecadb7139a25d0469873eab3e2e4eb6a79d38f5e84f
6025,0.004442607848803647,2026-09-17 07:18:21.176029+01:00,5021f4eee983581828358c9b6885d092fd1fecfccdfb17268ea3eeb3505c708b
6026,0.0021647926995352618,2026-09-17 07:18:21.176029+01:00,c6114c454f2e45915f3e887d019808860c83a6e3f81e12930c3146cdccdfc65c
6027,0.008147258594802137,2026-09-17 07:18:21.176029+01:00,fa6969ad2aba7e7e89f86fe68fb1e50d43d4516fb8d77e35e4ca42d9e7c247c0
6028,0.008645771069213616,2026-09-17 07:18:21.176029+01:00,1991dc5c288b37d205eb534802e833c3409623c15d9ab4a4afecae517c226f4a
6029,0.004516364025171428,2026-09-17 07:18:21.176029+01:00,32215263a0d26f8bbe845aad58012f824fc48026b8d95390766ecf2538332ec1
6030,0.003391692000973362,2026-09-17 07:18:21.176029+01:00,c89be24a1ddef26f9dd59c3ee85918fe9629a178c854ccbfd87560120bdfe641
6031,0.00215460519856085,2026-09-17 07:18:21.176029+01:00,98c5d6bd2a1e06839e5bccc73ba8d890a82bb1eacb05497df39dc2aa6f5a6fba
6032,0.008791990854081057,2026-09-17 07:18:21.176029+01:00,597604ad7595d8b937acff54350f8dad390c2481b9715c286f9d62d3a887fab9
6033,0.0024716426536464894,2026-09-17 07:18:21.176029+01:00,e8166a0bc676752d7bbb8e61cf7d8b5b205a0ffffdd7518d83fed3ef05d0ddaa
6034,0.006324825824175303,2026-09-17 07:18:21.176029+01:00,6386fd185e78c06d64494c6575009d1b68c5651e02c7c1204622ef25ba2f87a1
6035,0.003253129538809962,2026-09-17 07:18:21.176029+01:00,a6a0503a6365e571277d07a9795b41c8e5c90fc9181b617a36284ebea9d4b73e
6036,0.004924572979089685,2026-09-17 07:18:21.176029+01:00,37d10b3becc43ba57cb7110a1a29b5516786c5dee5d84484e24f42f813bb5241
6037,0.0029485823926205597,2026-09-17 07:18:21.176029+01:00,015a33896df563327b5820f55a94274dc7b0d44a4c78cd0f07f3d7515c2d39ca
6038,0.003553327546484275,2026-09-17 07:18:21.176029+01:00,72c8e20dad50446a6b400ceee2636fa71305734105dc1e7c5cfc8b4cc62582b4
6039,0.0030470642304953983,2026-09-17 07:18:21.176029+01:00,a0cac82d1f200c8221c771fa735463d5bbc38e9e565625a4625b835890cfca16
6040,0.004108489878606395,2026-09-17 07:18:21.176029+01:00,68ce7db2a3d035404af5a6c9fddccd7156eb380d51d43629238372ba63d7d23f
6041,0.006155056361811842,2026-09-17 07:18:21.176029+01:00,87f0751bb88d9de6a48335fcfe07cbfd489215fc8e58ea0a28caa4b09d05e857
6042,0.005380277134838372,2026-09-17 07:18:21.176029+01:00,7c1300e6615d84bc2d7d2e0841228c160735ad2b1429aac5486c52b22b69bb74
6043,0.005294352063876211,2026-09-17 07:18:21.176029+01:00,f5c039586481a7635707eca8c6ddfdbb9519fe32350939e15c5e60876cc91058
6044,0.004662324904598139,2026-09-17 07:18:21.176029+01:00,9dc14a48dc46fc22abfa530d86537f1b099ac089352240aa6cddb41bdabed38d
6045,0.006780932763632633,2026-09-17 07:18:21.176029+01:00,fabe267c022416024fb3dedcc8770b9052050890fb331e76068e7df0b36e2122
6046,0.005996432709356435,2026-09-17 07:18:21.176029+01:00,ebedf54c41f7a297c188d90d38c4a9e9601ced50f1c986ae1bee05ae3012cdc8
6047,0.0021535569461122376,2026-09-17 07:18:21.176029+01:00,bbfa290345565724b7a95f0b746e4fd15ce1d1aacc86807ce8f3fd58ad7a0358
6048,0.0028563673293981007,2026-09-17 07:18:21.176029+01:00,22d0e157f5a35215b718aaf7a452408b01dc38436e69c9256fdd317fb954943d
6049,0.003587995062235391,2026-09-17 07:18:21.176029+01:00,a1fcc578865293ebb1b71c8372b149dff85185025d52da3ebafe94537015547e
6050,0.0034834063096629815,2026-09-17 07:18:21.176029+01:00,8c0f3e3b63f4d4e68687359ea2cc67858a86a4aaa55fbf9c4b640e10ed3ba8bc
6051,0.007057234350194076,2026-09-17 07:18:21.176029+01:00,27ffc11ab32b79588532ef9cc985bc01609af4126f9a8ce6514772f60934e508
6052,0.0043975762160065384,2026-09-17 07:18:21.176029+01:00,f13c576e026d6f6a0c58f231e27456ee2df379b11f5d36b2dd56b0ec0a3dafaa
6053,0.004101407786710622,2026-09-17 07:18:21.176029+01:00,25bd78888bfff8768d98b9d130d58280fa9a1aac0be43f399aaf9be5f751579d
6054,0.009125532788118715,2026-09-17 07:18:21.176029+01:00,4404029d5750c3a550c5fa0a78903076a67fe9292eb28f058242f3408474be45
6055,0.0022867110313990794,2026-09-17 07:18:21.176029+01:00,20b242fe019c8f0b312433ba88f27280d334d99621bf785d5babe5763eb585de
6056,0.007990500877629203,2026-09-17 07:18:21.176029+01:00,276a6e4fe6ec93915e75091bac59d3b895a67cb7459e3b462efd00dfa22836bb
6057,0.007623416173530475,2026-09-17 07:18:21.176029+01:00,f6ffd022132493f935b12e4535c2afe351e47d8a4320a36e81feae962e3849c3
6058,0.003605426373389849,2026-09-17 07:18:21.176029+01:00,e1b1e2882abd020d868520833938f51d1664c9310e8a217e0ec369bc8c8dba87
6059,0.0031568627492900183,2026-09-17 07:18:21.176029+01:00,8f38856040336088274a0411f8c15efb8aafe9fd34f27375c3eacc6fc64ede9c
6060,0.00843433652034296,2026-09-17 07:18:21.176029+01:00,5c099259cefc60cf398eaa3e98817dbeb714523120ae1951e5a1fa8e164a89c9
6061,0.011309875537886434,2026-09-17 07:18:21.176029+01:00,77ecbc89597ee6673789d9fb54af547b7430228c5e624b282064954212230f33
6062,0.0036336468060507677,2026-09-17 07:18:21.176029+01:00,793df559c3d1e094a623187ea09e0ea1fba41769b1ebe9216b39220ebea0fbc2
6063,0.005548966728247843,2026-09-17 07:18:21.176029+01:00,12d80c6cce99cd27f7e9f400cbd0534614c38afbe190d2b8a8b24bda7f15034c
6064,0.004396930595320092,2026-09-17 07:18:21.176029+01:00,bf763fa63a60de254017785e44e1fe3325c21641393e66ab84b0ede66ca73865
6065,0.00215460519856085,2026-09-17 07:18:21.176029+01:00,171725678106190cf6f597a2513a4e99f5375be5128d620f7cca5ecf803a5b17
6066,0.0036632541361468784,2026-09-17 07:18:21.176029+01:00,e97ed70f433ca2591d54f338e287fd2739e0f8dc60662182e488c468c1cfadf3
6067,0.004244816119393011,2026-09-17 07:18:21.176029+01:00,141b610d0045abd492cdb765ad6e9f35a63fa547aa4833429ea7c92693b26b9e
6068,0.0033845762194102376,2026-09-17 07:18:21.176029+01:00,87adad668d91a633049dd3e567da1de9a086b0f2012976200209c1097d1a3473
6069,0.005503259262645016,2026-09-17 07:18:21.176029+01:00,bb7d5aa7134d1161aa3697a8a4c0cbe3089840e5329fc4634240ec7d45c39af1
6070,0.010318642262380408,2026-09-17 07:18:21.176029+01:00,78a7e0cda1744f7cb482a822327543b72c20f78b3d13998fee19f6180e28e761
6071,0.006955245531881651,2026-09-17 07:18:21.176029+01:00,8d8dea6f7dc054882162c36083d67de99d09c7224473d728f9669090d6e9815e
6072,0.0043519748914604755,2026-09-17 07:18:21.176029+01:00,d5d0a73803f55fc244b8d5be01ade957954525b1ec219cce851b949611ab3110
6073,0.006717678573430518,2026-09-17 07:18:21.176029+01:00,7fde0b7658accac4d9d1ea67ecf490bdfb676fbbf860e90b3fc0542964060e8a
6074,0.0038803074873195223,2026-09-17 07:18:21.176029+01:00,f4c1af1c8ca0171d35a344271247f713dc89305280b1e007e1512ac604bf9b23
6075,0.0028672900549727223,2026-09-17 07:18:21.176029+01:00,eb471f81f00da07c7a01258761e01bab4974f2df42a359ef1c8cbbaee9a3aa27
6076,0.005503259262645016,2026-09-17 07:18:21.176029+01:00,91a0b281b4522562a5be7062eac070d758a92853c016f16863445f36a67f8a92
6077,0.0055728375558107045,2026-09-17 07:18:21.176029+01:00,74244248ad20e5f3029caae15ce0d934446e81e0d0e86ebba26a2817b9ec1462
6078,0.005975328007013775,2026-09-17 07:18:21.176029+01:00,97ecc71206e0e735e62680c307e1df3f0a9eccb22b990379634912701d921c88
6079,0.006496985557055569,2026-09-17 07:18:21.176029+01:00,a1418915ac5b12aabc02c270d2d9a13a2e3e36c756efe034a1ce0cc9ad317203
6080,0.005171019432132945,2026-09-17 07:18:21.176029+01:00,e6ccdbfb50267012bb74eb6f0bfebd7204d47932df44f538bb65efb77f49aae7
6081,0.00502799754310953,2026-09-17 07:18:21.176029+01:00,054df3cf2fe83491a27ef976add0eb4a426aee943fe772ad2a992e606d12911e
6082,0.003383817844565045,2026-09-17 07:18:21.176029+01:00,df7b718241c6e5c01444cd39c4053c562acf1b622e9ad572d3df33ac117055e0
6083,0.004948185685305588,2026-09-17 07:18:21.176029+01:00,782f80c4e02532ffc0f054839e1f15c79a5de14ec1db39044b9ac23efdcf2977
6084,0.003282887032540139,2026-09-17 07:18:21.176029+01:00,5e8c019aeb1bcfd3f6ab283e1ff47aa8e0713694b11e4df83145acd80846a270
6085,0.008574865903657029,2026-09-17 07:18:21.176029+01:00,83ce679e06577df9d912d0beb15d07c0acad15c67bf2149eea9e8f37a1c58fe6
6086,0.005297330819295443,2026-09-17 07:18:21.176029+01:00,3ef381b4a825d93ed92cd08e7708b8f213f627dac8588de7fba13e4e3620d80c
6087,0.005944049897680323,2026-09-17 07:18:21.176029+01:00,2b5d483031205b1864051ddd08db0c0be52f7d55e08c634e7c97f9141f3a149c
6088,0.006968013192681662,2026-09-17 07:18:21.176029+01:00,904a66c8e36e478ebeafe01593910ee1150f940f2bc3e04707610caa7509b809
6089,0.00502799754310953,2026-09-17 07:18:21.176029+01:00,5b722d3f557341c6b9fafdf4f018a2e045e98bfcabe30e7a186cdc4cf2c95dc5
6090,0.00628300282644038,2026-09-17 07:18:21.176029+01:00,96ce06a5869b1a1abe5208af3935aae4b1d36af59d2f33ebaf097dd86082cd84
6091,0.004497211831191298,2026-09-17 07:18:21.176029+01:00,b8ec4fcf2b8130675c0157fd8c79a27224eb834c1f15bd9d205b2f9681c6a76f
6092,0.007035136703161202,2026-09-17 07:18:21.176029+01:00,1eea8eb7b11ef5eed82b6b568e94b54897b253918963646b0a3ae9ea03ddefd3
6093,0.00336035895441819,2026-09-17 07:18:21.176029+01:00,790d9a8582287e80c0a2675d42bfacf64727bfd98953cc69328c910446f1b806
6094,0.08843887119445536,2026-09-17 07:18:21.196942+01:00,9a9a3a28cf9c8c64a13d6f0bc5205363f5a41e57bc5d03ab867e808b5c97fafc
6095,0.1735088257453688,2026-09-17 07:18:21.196942+01:00,f0711f053282c5842adfa7f3043d5f893f5e23d3fcf8a19c306d22c26b217329
6096,0.2341130300052572,2026-09-17 07:18:21.196942+01:00,3cee00f3d81e28e883cff6edc2328858ccaaa40ce28af1d9faf790722304196a
6097,0.17208150290652435,2026-09-17 07:18:21.196942+01:00,fa011b57d814564824106c7fdf9ddc90ac4a10f7a8efd58f231e98c9b1931a54
6098,0.12056146528249687,2026-09-17 07:18:21.196942+01:00,0a2d4f0adab949aa91fe6fa153cdcdeca7b96e644c82c39b43dfc7e102a487ff
6099,0.13107635936880568,2026-09-17 07:18:21.196942+01:00,4b02930c98f85a9905ea7ff72c334e90e6baa1810a81337f05ae88267b869b13
6100,0.08021994549709163,2026-09-17 07:18:21.196942+01:00,380072744cd3f8eeb87c10fa09f3579af06e5a03b18e015431e6988750b9050c
6101,0.13070590391747994,2026-09-17 07:18:21.199902+01:00,c64a2e991b74ce6b19f66dd0483c47a697be81f483912d9092cba1516ef990e4
6102,0.06740067634832787,2026-09-17 07:18:21.199902+01:00,6175ddc137c3b1e99e0a1d03bab7a5535f01c048ff3c64adf44eca6beb6f8693
6103,0.13930104072381566,2026-09-17 07:18:21.199902+01:00,7c4d4529a660aed8d54b3e378da9dc91403a835aeb83c5b709abb228f82e0129
6104,0.20912319824970604,2026-09-17 07:18:21.199902+01:00,399e6bcaeef4ae5273eb54eec660bd35f6038e5a4cc2ef405810a7663c163cb6
6105,0.12367432457293652,2026-09-17 07:18:21.199902+01:00,9accf6da8264415dfe2fe1ad20daebf0c48b5e5eab3a76edd6a1d176ca39bbe0
6106,0.24624246536858657,2026-09-17 07:18:21.199902+01:00,62cc188bb2c8da401f10e7b00e42ecaa491b0b026ba44d54a1f587ecf098ae73
6107,0.08355239081914749,2026-09-17 07:18:21.199902+01:00,0fc0b1ef2456f8e40475f5c045a38e25f4a4040cf886f620c10b675a246b5c31
6108,0.07228916980400213,2026-09-17 07:18:21.200562+01:00,4dc732987874061aa8833e88b69158cb51ca96b07645d14606f2bcc03e641db1
6109,0.07246865350190447,2026-09-17 07:18:21.200562+01:00,f7e428999fcf373881651bb416d4d3b9fb94e10259ec149abd4ecb548dd3dfa3
6110,0.07221764649724739,2026-09-17 07:18:21.200562+01:00,a64be4de59d5166248625238c50017b037c0689740be1d7052a256b475101619
6111,0.03772997525253024,2026-09-17 07:18:21.200562+01:00,bd9756b9ce821b61ed658acc4ddbf30a538981738e3eea98bd1c37b2e52a7565
6112,0.06439123065041681,2026-09-17 07:18:21.200562+01:00,caa77f85348e500e266b77c7208fe2094c793f81ce112c22211bdca35f3b53f5
6113,0.07566251358195043,2026-09-17 07:18:21.200562+01:00,0dd3114d1f0227b1d9d8e7ead86445989a2c4bf430b0a7495eff33d95914a4d7
6114,0.09618643216344114,2026-09-17 07:18:21.200562+01:00,7663576a505bccb5989895240689dd1f16181bf096516c4107925d598e4cd2c8
6115,0.1062318340596138,2026-09-17 07:18:21.200562+01:00,55500356243c768752666c5ee8f75038c7b055db98861c23f31ff50651165d7f
6116,0.08689707023609793,2026-09-17 07:18:21.200562+01:00,97cd720e77d61cac5784f445707695f1e1fdeb23b806a7efe33d7aa26b7cc4cd
6117,0.09585487288711653,2026-09-17 07:18:21.200562+01:00,52bd06b68239a5280228c2d46015115c5c76da2fd8b244d8498bc750781909ca
6118,0.07417414425729958,2026-09-17 07:18:21.200562+01:00,a875df880a6a5f2204725bea73575bce04a0cecfe335e16a3916a859b7785ab2
6119,0.06450058229225789,2026-09-17 07:18:21.200562+01:00,7b4bf09188a0122005568836e99f473286f7a21acff962521074f62e91c4d586
6120,0.0813958748161217,2026-09-17 07:18:21.200562+01:00,d86cbce5615e76aa02d84c1c86a1ded0cd7fa7849b17d0b102ad4c33c8b84290
6121,0.0853643068036722,2026-09-17 07:18:21.204145+01:00,2e4fd7336dc1c5d8be6152d20ff88588af05036f2cd7504988c7cfc402c2ffed
6122,0.0695960840491874,2026-09-17 07:18:21.204145+01:00,581bc99e5be5cfa557971dacc44aa95eb289a2ce0a32259a932c5fc90a571501
6123,0.03509753057267463,2026-09-17 07:18:21.204145+01:00,4ef43a30a6f5181e54fbf276e99fc584f435642e12be677488c9834fe7f6d07a
6124,0.02730110146787413,2026-09-17 07:18:21.204145+01:00,495194f4b2f9e517f158f585147e855b57501ccab405773382409c79d97aaaff
6125,0.05755405563851576,2026-09-17 07:18:21.204145+01:00,bb29fa8dbcc1e6c271960032d449a73466acbf7a7ddfc76800b5a7c7c6724c3e
6126,0.17719426805286104,2026-09-17 07:18:21.204145+01:00,eb6fc5c372e5efde6c271db6629f7d4f65d1f48ddcab609060fd7aec0feb014a
6127,0.07162318245000693,2026-09-17 07:18:21.204145+01:00,454813b14686d37428a9d2bd52b7848097e0a98d26a2d6673ca25ae97edb0904
6128,0.0799435527631268,2026-09-17 07:18:21.204145+01:00,d333dfaec7e4deddd41c284fbb6371143106e13097688db8bc6f8a8a2a94629d
6129,0.04074764461285234,2026-09-17 07:18:21.204145+01:00,20757fcd0d90054a6e22a319e6a179540545f10cc43b073786c5e208c0671e24
6130,0.10712486379086303,2026-09-17 07:18:21.204145+01:00,8fb7c04998e7ba663dab458a59fc4871d0be7b8836cdd868ed6de45a6962e6e5
6131,0.03212817659555388,2026-09-17 07:18:21.204145+01:00,2e4099092fcaecd440861f8f74c36277835e9f15a23bb8c4adaf0fbc7da6b543
6132,0.08988383113025897,2026-09-17 07:18:21.204145+01:00,a0329a773b38310c9f5f46323da0534101a8321f1687fd301ed8e5d68f827877
6133,0.1264414020725528,2026-09-17 07:18:21.204145+01:00,b3097e65ba2c406ca09cbe1344090b819b728c4ca5b77ed13aa99d4fbe499190
6134,0.1208303854213949,2026-09-17 07:18:21.205254+01:00,d4c3c694d72520a53789ef487c4df474e947d2e98d243298d7978d6b4508d18a
6135,0.06625131163431983,2026-09-17 07:18:21.205254+01:00,aae047b383b92b07d87ef96bb6fd7cb8f47439d392e7e7e5078de1f2b89afd35
6136,0.15307611008581112,2026-09-17 07:18:21.205254+01:00,a08b4a2f73ae56850ab1df0ce7c6fe3b10d73daf9d4538eb1a7b8c2d1edf3824
6137,0.09676426407408026,2026-09-17 07:18:21.205254+01:00,1f525b82f474cf6762cfb42e387852c971ca0e95e51cc62eaa2e83894b9792a9
6138,0.09535216678059295,2026-09-17 07:18:21.205254+01:00,aab41f244341675c39ededd40f5cc6736449df29b7683d370edbdc1e015434a7
6139,0.15809103440033034,2026-09-17 07:18:21.205254+01:00,4d7f98a25b947c777e91cb09f7533e94bf563c67160c08c06bd05a8805cdee1e
6140,0.08703108666148046,2026-09-17 07:18:21.205254+01:00,cbced3ee1362564ff8b2d9c6320191a1aa55908b56750356a7e7e95bb4f9b47f
6141,0.0922843504239887,2026-09-17 07:18:21.205254+01:00,9692a3d923062fce859ef5b733b8207a96cffd27948e392a82d050406e0c4ac3
6142,0.056311064127996927,2026-09-17 07:18:21.205254+01:00,2774101b034f84d0576558d11fdf9ab0f49d36284ddc5084ac58b1d6402d488a
6143,0.07400822639000457,2026-09-17 07:18:21.205254+01:00,51ac48573b59374f2f667a184ef231137f721f448929347c11957e00351b22d8
6144,0.10341894364606248,2026-09-17 07:18:21.208205+01:00,be839eed64e0a200779b98dbdeac46ab9283b1ae119de85f547e0eb7adc03bca
6145,0.07746357133028552,2026-09-17 07:18:21.208205+01:00,179d4a2c930f5f72031ec77f272d0991ac073b6c5581e97a053b78f0455d8601
6146,0.11083560817214418,2026-09-17 07:18:21.208205+01:00,0b60e2c37ededf05f16c4f40e8c22bacce702323e049c2c8e1276b71d9799bd0
6147,0.11366331855192162,2026-09-17 07:18:21.208205+01:00,4e214dc4e960fcbbf09562ff5bdaa34ab48c7a28eea1db1eb3a3c57c47b5eb2f
6148,0.22231030356035925,2026-09-17 07:18:21.208205+01:00,8b4401255d7c39ca151662ca39baa7e89d79acc32b0678abc867be6f916bcb03
6149,0.053332642729897115,2026-09-17 07:18:21.208205+01:00,3ded734e2d4cd7f93b484429ade40944519d3a7a8a32cbad45e7988fcd56b1df
6150,0.06508005560259406,2026-09-17 07:18:21.208205+01:00,634411990bc7fd3f65cccb8a22e7f16e65c7318e9cddd102438071bdeaa279c6
6151,0.04391765311859998,2026-09-17 07:18:21.208205+01:00,6950e99e84c03b7cc04fb7637d5cf8a4297ce31cf508926189a83bf77e7b34a9
6152,0.03717907593749927,2026-09-17 07:18:21.208205+01:00,d927ab14d3d2e4cd2e5ac1130389a71955030b25e84cf7bb5b3af132e165ed4f
6153,0.17279882735063654,2026-09-17 07:18:21.208205+01:00,d18e242f258b7c9b727f666a88d309694a6c16e53a4582ad767c3dac44274b3e
6154,0.05033619266794033,2026-09-17 07:18:21.209970+01:00,2a2ed09b0e4983e6c121b2570e2552a4926920fe8909bc7bb956db560593799a
6155,0.03534549979245174,2026-09-17 07:18:21.209970+01:00,61de97664ceecae8fed3b543924bd36be5cd6e26a7449036901effeefd60ca74
6156,0.11855191484947711,2026-09-17 07:18:21.209970+01:00,809e4e4e3aac3c704bd0b8f45d010424deccd1a4d633649ea95dc0b72cc5ccc1
6157,0.04122091669087014,2026-09-17 07:18:21.209970+01:00,9c3747f6b1e4cd1792a0d34e5e6fa3668865a843863c07ca2cab14e5472b635f
6158,0.14493043093948002,2026-09-17 07:18:21.209970+01:00,f6855416ef51a26546be6349442b60580c16055a622858018db0e04d04b53e26
6159,0.16192395737097362,2026-09-17 07:18:21.209970+01:00,9cb56f50e0c01c1c2a56a12a9a8fb611c30d8fc18306dd27ea3be22e6ca20024
6160,0.08409285250006673,2026-09-17 07:18:21.209970+01:00,1acfa0590de3ed0530ef5b3c1c1a97f6260261134143de942a6515d869db5df9
6161,0.06190859969498658,2026-09-17 07:18:21.209970+01:00,f98d6bc271f292839f5249dcce0c77c84fde0ea576f5eab1a3839d89f88595e8
6162,0.1496058163551397,2026-09-17 07:18:21.209970+01:00,d81a22b1c46ef1a0d2c51a2f04b25c4c0baa1e3b4391ed55053fb1065a7d2d80
6163,0.07103991137058904,2026-09-17 07:18:21.209970+01:00,558704ed8a5e9d8be36690650cdac6b6b41e88d16bbda07cda6afe7928cb1ad6
6164,0.08104390776802506,2026-09-17 07:18:21.209970+01:00,4c199f58fbfd48d2c8c21ab13784a7b7e7a5eafe51690823a1f931aa10ef104f
6165,0.06497634305829685,2026-09-17 07:18:21.213989+01:00,2a255bf468e7902de2fbd5fa9cfcebf6ab9285c48599b765359702785f1fd855
6166,0.09030638821465176,2026-09-17 07:18:21.213989+01:00,d1b16e201eccf455694a4dc72227faa354e8a47543609337f948dfc740b39e96
6167,0.14110332746054194,2026-09-17 07:18:21.213989+01:00,63454afd532d37e988f3b3e2ca21d6b3960aca88f0145c12610b112ffde0f669
6168,0.061442701605148295,2026-09-17 07:18:21.213989+01:00,2f0cf36fb23eadc1dc556909d0a28f0bf7217936bfb699e5dd9110008b007a10
6169,0.09923194355265141,2026-09-17 07:18:21.213989+01:00,90992434dd07571a2a8e08f063fac10281d1495d514e9e4358310c958c508812
6170,0.10591861431392159,2026-09-17 07:18:21.213989+01:00,873ff0f4693f67d94fc98cc01d1960492392304f9cb991a7a8cd104304d1aa03
6171,0.05070650983985484,2026-09-17 07:18:21.213989+01:00,ab86422f4eca7885d63a546e83cd0fb4efe3bdc75ebac54506d53b87048ab924
6172,0.05973093225197961,2026-09-17 07:18:21.213989+01:00,eb69036a6eb4b905467bc5c1273a56fbb4759abbcba6c795e70488436d962a0a
6173,0.18105628049513142,2026-09-17 07:18:21.213989+01:00,68eaf7f40f229771606f529881205ba83c16a522d68d529616e2c61fbd761cc2
6174,0.07495151144141464,2026-09-17 07:18:21.213989+01:00,e6a15994bc3b0f50cd2001bb16be8c5580be0d2449bafb1570515075fcb5db06
6175,0.0705754477664076,2026-09-17 07:18:21.213989+01:00,e630af26383267b9420a3e7b9272f43dfd0215cc2ba317ccc6242dc68e7cbd12
6176,0.0850393581274142,2026-09-17 07:18:21.215800+01:00,20a58ab9127fde58bab7e731c5ce0b52059e30b2cb1607d0d69a5af3b46be065
6177,0.24799025950344336,2026-09-17 07:18:21.215800+01:00,749759d4cb13a901784c069cf532cd3d9eb4cb63a7a987b4dcb35eaf3120eef2
6178,0.10820992819198054,2026-09-17 07:18:21.215800+01:00,260e4ee355223a9b942f457c628dd43b119568e52894b0527faf52f7eaf83471
6179,0.22455855743543357,2026-09-17 07:18:21.215800+01:00,4eae60d4af4cc2cc70cefd3c32b3f9eb0fd963512d9129f4827a9ae13966061e
6180,0.06570308459263127,2026-09-17 07:18:21.215800+01:00,a1956ea43c26c3f2725ceeea9a50273239c5c0264845bbfda089601aed911d67
6181,0.20762177724849273,2026-09-17 07:18:21.215800+01:00,b723999d098c7364ef0385ab59b0224ecdded43c82ac4816aa57ea08d3a583a1
6182,0.06087703490060441,2026-09-17 07:18:21.215800+01:00,ccb5a41df3cbc4d3e3f7ba34df0290829179bb6ecbb772496055ee3f9cd73ff3
6183,0.053613669088364416,2026-09-17 07:18:21.219637+01:00,936284f524b718b9cff45d193987d45120f547e1410f006652bdbf5312ac5713
6184,0.2667492899107742,2026-09-17 07:18:21.219637+01:00,21121d9ce53cabbb044e9f8660ad1773b17f84382366f517e6a274ee59bc181b
6185,0.1203743511238615,2026-09-17 07:18:21.219637+01:00,3a2817dbb5784154b3300b8c55fba70c9945fbf78a7ef30cc17c5ca5844c84ea
6186,0.23695142352667015,2026-09-17 07:18:21.219637+01:00,c086781e34c78d189077a3e353939935d0accb8c908d7354f93c1d35f501745a
6187,0.04321960743097488,2026-09-17 07:18:21.219637+01:00,3557505d4064915435302b1dd155d1fffc3fa8b49f9769259e77721563b236c0
6188,0.2403701004859153,2026-09-17 07:18:21.219637+01:00,67b1a2c10ef865eea257dab3b5c1776c7e4179be25eb7a09ae58ca90c688eba8
6189,0.038721558433439635,2026-09-17 07:18:21.219637+01:00,9a90ef14d55ecafd6b76cb01efe0084886f4610aee085fece710244fcb227142
6190,0.07026852063705204,2026-09-17 07:18:21.220913+01:00,757f6142071bb3722fb588c53fc36bd7a343c55b3dbc7c83f46f0ed78338eb8b
6191,0.051467709381347586,2026-09-17 07:18:21.220913+01:00,a6f40d354a7d7dd8915c88e83881f0832290008c67ec8a72139ddc685b70b0bb
6192,0.03992830820061514,2026-09-17 07:18:21.220913+01:00,06ffc10bad0c3e010c6dfe577e3d490df17531c874fcf63b39a64d58c3eec1c9
6193,0.05031364120301642,2026-09-17 07:18:21.220913+01:00,b90a660757ae72e6d9fb2e34100399ddce9dbf38aeb69040c0d79384b6f6bd46
6194,0.07653620104751171,2026-09-17 07:18:21.220913+01:00,f1fb21bece73da5c05c8f3798ae584c33f85a9921798af8c86859e8ce02db929
6195,0.07607390841113107,2026-09-17 07:18:21.220913+01:00,72d9e3c3171ee4a0a90b32bfbb6bf956d19b298f4cf8e63e3e85c6726e0cb691
6196,0.11809111731654327,2026-09-17 07:18:21.220913+01:00,1c1bad110d424cc226889f128090819da644ebc23e29dc98618be0dd39d6ab4c
6197,0.06775447041580468,2026-09-17 07:18:21.220913+01:00,c44e42cce3de879a88ab6c5fd05b8e5a2cf8bad3b416239e474b5c1c87df8898
6198,0.11384087222404861,2026-09-17 07:18:21.220913+01:00,ab653e7e8024d22010c3789748a9ace4075231da1c0cd5bfda4f1bc93b2a4faa
6199,0.12944090248348963,2026-09-17 07:18:21.220913+01:00,eb2e39ee81e71abade8ec25dc21a07cc1a8e5e1f8204a84503454d597b510f2d
6200,0.08374465352764061,2026-09-17 07:18:21.220913+01:00,247566f30dea6647317e6e695892d78c1e05e820e6f5cef3c7afc79818e16371
6201,0.12253969515179916,2026-09-17 07:18:21.220913+01:00,8de68afeabac8d07c69a905126ec762f9e78926b5721360937a592c0dc70230a
6202,0.08357471404522634,2026-09-17 07:18:21.225325+01:00,3a58dd0f3aa1c6598b4c0ba418a5b613c72cc733cd740e8e5445bed656a14494
6203,0.04860062562532068,2026-09-17 07:18:21.225325+01:00,f61569963ecafdf24235f30cde9c6a3fe7b03fe30a75178c09def3d605a45f62
6204,0.05575646771791075,2026-09-17 07:18:21.225325+01:00,140996c72e7c317b07c32e8bb6f7389164b74fbb30fd605d7d62bcd86cf7fd1d
6205,0.035986183243964825,2026-09-17 07:18:21.225325+01:00,f97f91495527a9eb7130b497298b2672dbbdeada63c69321c17e65a6f0ff6d3b
6206,0.09839696632719815,2026-09-17 07:18:21.225325+01:00,cad639839eafccd86b02c89311ddeeea9d8d0b16856e1380a71d3639a7b5cec5
6207,0.023811494781461297,2026-09-17 07:18:21.225325+01:00,c420b70fcdf5ff11ca92ea7feaa8c326222fe851cd1714fd291cd7ef49d8a05b
6208,0.1155071718037046,2026-09-17 07:18:21.225325+01:00,845015fa3c92bcd247fe08bcfb7b3fcbd9418126278cec914bf40f6aeda9494a
6209,0.09037993569450285,2026-09-17 07:18:21.225325+01:00,ba3ca7facda8a30983543213b91cd33bfc8b109469333384c6814cc0a835fdc3
6210,0.1255990207468716,2026-09-17 07:18:21.225325+01:00,16ae8d01e1d2d49d4a8901287de423d409551b8aa7b21ca42a0c87f49f28e593
6211,0.14395806810244818,2026-09-17 07:18:21.225325+01:00,11b7d4cd0231d073d19194fa78ad9881af7f927cfad63ed7e2193397e60714b0
6212,0.06587364645285983,2026-09-17 07:18:21.225325+01:00,36fe00428ed3e7037ccdc9e86d5610f8423098bff8b1e1d5a73d904318531d84
6213,0.11255570545853082,2026-09-17 07:18:21.225325+01:00,d256ab40fc2d494a9ff80a2fba88579a57ae75d903ad2d39efa83a5f64da2e25
6214,0.1141533047036944,2026-09-17 07:18:21.227437+01:00,5db04b0c77b27e390875b1dbb33358ae7324d4c6ee2868e32b8a839245d9eaf1
6215,0.10236184571086833,2026-09-17 07:18:21.227437+01:00,175877992a97157ec20cc67f30f735ae976d2ee31076ba549f2f17b441428d2f
6216,0.04165146304420463,2026-09-17 07:18:21.227437+01:00,85a0f93b36692419416ef72b911a98c3421d05633602f21664b73b18820bc6a4
6217,0.11775471296338248,2026-09-17 07:18:21.227437+01:00,52e26e2ef0ce3acfef0a4967c1c018ea54264f5809fc41a451ad15424966402d
6218,0.09819285388946444,2026-09-17 07:18:21.227437+01:00,0aceec6bdaa40f29558ae05678b71d50a26edb95d2de0fe35b457df6986466cb
6219,0.09205386429476423,2026-09-17 07:18:21.227437+01:00,14ef632d03ae565ecb6c5abd9e69127babee93d971fa637b24e6f712f5930cea
6220,0.06727039042287884,2026-09-17 07:18:21.227437+01:00,a8e4ae5e3545f9be814363b66996c41e46a8e3fd8ed2f6abf98bbb1d5ba83e58
6221,0.09715996601326098,2026-09-17 07:18:21.227437+01:00,3efcbee258efea2446d431abf73aa43e03403a9fb55602b6442fb07850d9aded
6222,0.09258725402625437,2026-09-17 07:18:21.227437+01:00,c6b89513788f30a7d4529aa25e069c49f3b6142f0d573a728a71634a7bdde767
6223,0.09843976348002592,2026-09-17 07:18:21.227437+01:00,28caa26c5601bcf8ab0ae2435c144530d3b8feb93b381e1cc462f19d9b0fb64e
6224,0.014038734196773405,2026-09-17 07:18:21.227437+01:00,539dac7d6e0abac4bbc06c890e2daaacd2caf22f43891d7bd6f715a3aba9bc54
6225,0.06433584725442794,2026-09-17 07:18:21.227437+01:00,833df7d8580883d0bca124c7e412fd0c7be7ab8a8eab031dbfd241a5e25d2e7e
6226,0.10387574127715642,2026-09-17 07:18:21.231086+01:00,065d5cec59be636fc49c2e8583110850f438402f4d3cbd1e35caa035d8c0b78a
6227,0.04076130000882495,2026-09-17 07:18:21.231086+01:00,6b88a8a1d30fe2f139c320c2668118dc63a9710e350ac978eded18f98d18dfb9
6228,0.05478406229544981,2026-09-17 07:18:21.231086+01:00,b38f5b9cf860604d7126b7bda5ee80fa7e813c53c3a423410fe09e87d4988a8a
6229,0.03847819186955127,2026-09-17 07:18:21.231086+01:00,8725396679ede0f58f6bcf58b1a1ae8e7476bb6afec71ac632f056e1b3400f74
6230,0.05535384942953987,2026-09-17 07:18:21.231086+01:00,7a73ef0c380c57d378b92e27fe27b35b39839e3f2a236761fdfe13a1b2f90649
6231,0.1837260748554412,2026-09-17 07:18:21.231086+01:00,22710e844ca55e3c40997676ada9a84de5ff7f522ef8088817b512135f843eae
6232,0.059411167673148385,2026-09-17 07:18:21.231086+01:00,7d865d5fa399db3f7a86072b6b44525c223680c9364b6b9ba358d4ffe64bfe15
6233,0.07714389769844938,2026-09-17 07:18:21.231086+01:00,832222115356dcfaad2c844503f919897492957d2ba5dcf5456df460625ea816
6234,0.12102824585746952,2026-09-17 07:18:21.231086+01:00,5f86c10a5f803a058c3819358a929bb6c23ee2b51e087c2378d3d3b830dc58c1
6235,0.18659915900934157,2026-09-17 07:18:21.231086+01:00,1f13a42a13bb3ae425ddb30434bb5f4a564d2a800d8b590419d50c7de2645b8e
6236,0.025714732749261678,2026-09-17 07:18:21.231086+01:00,9685857300c876835f059d0183a1b6cf286f6620d2894b453bf4f57317c124a3
6237,0.05312357727636589,2026-09-17 07:18:21.231086+01:00,e06a9cb5803fe5443d0c406553b4406d372adb3d7188c65fdb584fba099dc3d0
6238,0.12668974509016714,2026-09-17 07:18:21.232924+01:00,f727d51b703415c26f6d6a68d4e38f8c17327256e3a4d97456b743604db33e6a
6239,0.1074568626595572,2026-09-17 07:18:21.232924+01:00,4b3d43100c7c7377fca2e4722dc9551549347f1152e280d6099bb8f66be1dd84
6240,0.16602528468937977,2026-09-17 07:18:21.232924+01:00,4e227ba03c5787bffa3ae88f630eff67453736cf079100318da5135e66bb67ad
6241,0.06347246203185396,2026-09-17 07:18:21.232924+01:00,d01528932c04863a929570b2b1660c5bb19923a91c3a10b6557f87a37f87a2b8
6242,0.09493587757788177,2026-09-17 07:18:21.232924+01:00,4c078de13478bde0d7d649ee8f93d7a24e190d39f7976bc0691e44b882339156
6243,0.0413223717528373,2026-09-17 07:18:21.232924+01:00,1cb2003f9f352f1e481f5c4ac71486cb2ba87b75e40fb600a595d171f3d4e8f4
6244,0.06661875680157332,2026-09-17 07:18:21.232924+01:00,89676dd0cff51c8dd6ceb2aeee44a35600cb1d4f452cb67aae06dc7c1142bea8
6245,0.07349356006654983,2026-09-17 07:18:21.232924+01:00,1df8ba28858759ad31ba8b61fbfcc88fbd5f8e1074d81943acabcd59636dfb65
6246,0.051235746680595336,2026-09-17 07:18:21.232924+01:00,32f6dcf4cbcfe0e46405873d995523d1ef0fdac65701879491a3b58e90115784
6247,0.0579554261005572,2026-09-17 07:18:21.232924+01:00,4293062d2c076cd6777d837e301fa8d10f8559ea3c602b33e31afdcaa159e9c8
6248,0.1507939065490471,2026-09-17 07:18:21.232924+01:00,1e77da94c178a0bb36f418bd8ef8d4634ed8ed1d01807a695aca832c95abba8f
6249,0.10506805909862871,2026-09-17 07:18:21.236776+01:00,51348922e1e87c5bd1648094b677241b6ef50e5fed658da2a88f0695647b4f4a
6250,0.09692759208930064,2026-09-17 07:18:21.236776+01:00,b4c80b6ec37e7bb440b28034e7dcbe3bd289360620ca49ceebc39f5243804b47
6251,0.11898205817005358,2026-09-17 07:18:21.236776+01:00,88f696003fe0f47ed54e78a315fb1d8c96d82080168d041c0eb13b2c549ee91a
6252,0.08362961688995617,2026-09-17 07:18:21.236776+01:00,405ecd678d7a6a1fd279cc88a8f00d853adf530db4fe225762928ba7b99437bf
6253,0.11883163636889268,2026-09-17 07:18:21.236776+01:00,14352f16604e92fffbf8213e54d48026fab32378695449d660393b10106d9772
6254,0.02647788355239565,2026-09-17 07:18:21.236776+01:00,cb41b3415ac1bbc1edd76d028e2ef4b5c5fbb84306b2fdafaf55f7256cfdea8d
6255,0.054056044486844625,2026-09-17 07:18:21.236776+01:00,1a5745b812e8b635d6f0f04fed9e462a45152c31a53abeb17a302ad34a966671
6256,0.0944864387317063,2026-09-17 07:18:21.236776+01:00,506c1ab2bcc994b02970476088bd02c69b7adad3ad08d445a9ad6e8532f1d9b8
6257,0.0693751302376238,2026-09-17 07:18:21.236776+01:00,e2380da51b165bc80c6b5274abd50aa175ea4724700478ad56d11195cb8a2642
6258,0.07386220972899095,2026-09-17 07:18:21.236776+01:00,8a08c08ae9bad613e4b3760fdd7c1dfec92650c4c8a49d8130e044a5ca5ae328
6259,0.15830333064560692,2026-09-17 07:18:21.236776+01:00,1f3823f96e556fbee4455f5197e969e68e0be9fc4ad703f58d51c8c2c9922347
6260,0.1315140632869589,2026-09-17 07:18:21.238490+01:00,012f342a35904e9c4b9f75684d9cf06105aea5b35aa3b473e390e36c4e7c2e06
6261,0.13338895391479227,2026-09-17 07:18:21.238490+01:00,78477f3325fa9b1b15e82fc50b1c3432bdb03110172dace7475b2c72c72217df
6262,0.20916445949454773,2026-09-17 07:18:21.238490+01:00,ed973c4c39e1c78def4faaec813839c9f0db5156c05552223b94949e0b8e9957
6263,0.15164429065978327,2026-09-17 07:18:21.238490+01:00,472ea79a2e3e3a3b99dc833f12fa7957e77408e25bae8b3fb177390b7f3e1801
6264,0.2517952416832563,2026-09-17 07:18:21.238490+01:00,7a90fa8aab6ebeba73c2680400bde32ca344a7e07011dfcd69df443cddc238cb
6265,0.12249299096066149,2026-09-17 07:18:21.238490+01:00,ca8600b015deddc1dbb69ef489d2079907e3e682c1818a972f469df9032e08a4
6266,0.12356978887385393,2026-09-17 07:18:21.241317+01:00,1faa6b07b3e4a8b3f1ca14485a1b00c8bea27a5360288008f50ab963fb85e4d5
6267,0.13489193022381565,2026-09-17 07:18:21.241317+01:00,801f6fce5367d6e570459ad0e840f2161f3097cc746eadad4d66fa5f866b33f6
6268,0.13998420879049214,2026-09-17 07:18:21.241317+01:00,2dd338ca8125dc2a81278c591361914269e1f5ee396309547cfa5e9ac43d9790
6269,0.15139743287919005,2026-09-17 07:18:21.241317+01:00,2dc7a54f292767c2cc1953868a40ebb9ec0177232c1c0ecd8b4ac64b90a44975
6270,0.26753494837986896,2026-09-17 07:18:21.241317+01:00,cbd7ee95a0eb9f28655aa8ec7f950d97902aa81e7ff7b650181b5631722658f5
6271,0.1826216908527793,2026-09-17 07:18:21.241317+01:00,952831ac3ae842d44ce76e3085d1001cb66a2933ba0899ed2eb7d1438a9fccfc
6272,0.11317238071827036,2026-09-17 07:18:21.242400+01:00,7120dd1c2655f46b638fba7956672e25c5198706aff2f065ead8c976f0b3f35f
6273,0.05711163180079838,2026-09-17 07:18:21.242400+01:00,a501e623fab8da7ba33bb07423d01811e0964003f2e14472fb911339af21f785
6274,0.17851130857191408,2026-09-17 07:18:21.242400+01:00,67084bf1b4085a161b4693022e5db0ad63262b95e8dabab9ae874b0667ba21b0
6275,0.05256254675162344,2026-09-17 07:18:21.242400+01:00,4eed40d1fcefd9973d38d493fb37983071ee3aaf153365a5639d91c8df68a0fa
6276,0.09951464099533792,2026-09-17 07:18:21.242400+01:00,d170e0dcf2f2fd24c38975696cf81758cffa7344c325afaf879f924d25f914c3
6277,0.07748421091390409,2026-09-17 07:18:21.242400+01:00,c878d13febe3c7a6cd7514d2bec790c3a428011b59ae5fcf1eacb21e8a121501
6278,0.04719588016997303,2026-09-17 07:18:21.242400+01:00,77653ef5fe47accfc5c8c94b5736be409cc7ddf0621025a4bf880954b304db8a
6279,0.05841457887806699,2026-09-17 07:18:21.242400+01:00,e3ec8e255493c0dd49bae3116e519f8bd04c666e9e5dfe4984f4f9b30be2648a
6280,0.0359924818787959,2026-09-17 07:18:21.242400+01:00,59be7e76e1c5fe121caf5bd4c6c87c968351f891b994ace7947109b006877a82
6281,0.11848127217064033,2026-09-17 07:18:21.242400+01:00,e430c55bfd408fb4381e4367d482316c5bd726d81abc08be32619b6c979baba7
6282,0.09799115303998228,2026-09-17 07:18:21.242400+01:00,69ac2329355ff18d2200d45ebc6a2cdb39042d2335f2ae2b518d7736d10df912
6283,0.06356791411069308,2026-09-17 07:18:21.242400+01:00,de23c37fe580b3943c446f78bfb4a8085a1d2f093e474375b89bb0573dc32304
6284,0.10768961722244828,2026-09-17 07:18:21.247036+01:00,583db3221205f3d4e8d88709350b3f7f97535c4bedeb99da3323e33794469832
6285,0.09122091942855029,2026-09-17 07:18:21.247036+01:00,ba8846fc7a279ca3dcbe6c3a3918bfccce8120958c63a77270bd39af9e2b149a
6286,0.17696323568140876,2026-09-17 07:18:21.247036+01:00,7a91158189e29c6def771a0fb4a811fae09db54a69a87ac0d0a78494db6c7d68
6287,0.05434753303022335,2026-09-17 07:18:21.247036+01:00,1c13ad903aba900a44933e18dc76f960a4ec127c8037e7b77e2bc5096408cd86
6288,0.05515508665293561,2026-09-17 07:18:21.247036+01:00,287cea1eeaacb1323c2d1099034291f4374f25f601e3545e41b5a7bf5e7ff864
6289,0.0899022384436641,2026-09-17 07:18:21.247036+01:00,4e9275ec8b59b20e8a9d8392d62c7d5289c02b08104e7603c0ff28acdb46ad8e
6290,0.03913424481065513,2026-09-17 07:18:21.247036+01:00,dd4b3d20892ee8c8e34984f43acd2c2b98a4a3fd96b3cbe8242b22173d2beaee
6291,0.06276276923968196,2026-09-17 07:18:21.247036+01:00,c4a0a988ec8abc113615c319a5d87d2f62bfa14ca626077e0c964b5375eb01ca
6292,0.027067543815504743,2026-09-17 07:18:21.247036+01:00,b0dd49929a0c205fa09e77e106fedee397e2591d1b7504820b38cd4e95026883
6293,0.15821886725938117,2026-09-17 07:18:21.247036+01:00,9901432d1a7fd51c0f59ecfcb463015916d479458748b358618f87ef5ec8085a
6294,0.08459737861764663,2026-09-17 07:18:21.247036+01:00,23bddcfe20bda59fc28885536603698582cbb1978aca80f2c3940ed6a2f947c7
6295,0.052940565797900095,2026-09-17 07:18:21.247036+01:00,d5f21f2e5efc363eb653f375a60593796fe2b47e7852c2992a6e15c941279481
6296,0.04533491808614902,2026-09-17 07:18:21.249054+01:00,3623d8ae0927fbae96d81a77d01ba089ee66b994495a9cd5f0f853ba004591d5
6297,0.09987045546467298,2026-09-17 07:18:21.249054+01:00,ad6ee2548c6472232d4884004ab283f8f252b44fec806a5e26b6020cc03c7864
6298,0.12279023330068928,2026-09-17 07:18:21.249054+01:00,3c4e4bb1243864d1a33a644cb09c9a6e3d7a082d976dead7261431cdfbc5d4d4
6299,0.05609854887607823,2026-09-17 07:18:21.249054+01:00,28d70e603d0f959e051cadacdef6414a1bc7c9ec5e27f668cf60cee45b342676
6300,0.11804767335271471,2026-09-17 07:18:21.249054+01:00,755f4a2a6d11d17810f92b39b3ebc565f4b6e5c99a1d424e07371d31e4eae87d
6301,0.09766786553213876,2026-09-17 07:18:21.249054+01:00,065f8d2fdb70ed49c316bf37a0e1e4d2837033db6e3e34afceb6151e35d6a56e
6302,0.15683385071567554,2026-09-17 07:18:21.249054+01:00,170c6a9a2034e9484cc253ca831022fac1446bf2271ce4f1d52efde50b13c6f3
6303,0.1060388814121787,2026-09-17 07:18:21.249054+01:00,2cb808718c3c8c077a59a5af5d0d995f5768f61c9b6f17c577563751f3d46e59
6304,0.08035167623891531,2026-09-17 07:18:21.249054+01:00,456f403bd54b38c8c985a52c99e39b0022ac8272a256ac27d80aff934c208b23
6305,0.11696589702078743,2026-09-17 07:18:21.249054+01:00,bb97a528e55513dbd3fcd3338e146e2b29fc5fa051c33795145ec7724a25ab72
6306,0.03396142115821489,2026-09-17 07:18:21.253134+01:00,9aa1eb7becb900f8a5abb92efd838574c57493dcaae19833344fc7afcf461674
6307,0.10146633769742247,2026-09-17 07:18:21.253134+01:00,f02c74ce96208091a6442efa012c8924cfad7ea7f993df0719c9af566bb945c8
6308,0.10570930163576202,2026-09-17 07:18:21.253134+01:00,865048e29b878f8fe0583d56a468625dfba2dd3fdada97ad034306ff1c9d9246
6309,0.09644422999525114,2026-09-17 07:18:21.253134+01:00,33fb6046236c465480cb71a97c5cafeff4df9303b48ac74b061de064bbcc6661
6310,0.1137721733906165,2026-09-17 07:18:21.253134+01:00,425930e1779c1c6ebf62f90fcfb54eaf221596e9fae4b844f348e20cec03b691
6311,0.07836292338646217,2026-09-17 07:18:21.253134+01:00,ec38b463ed59a22f71a2df61903a6f19926d595151d459842c00ae6b6f90d987
6312,0.18263747883020162,2026-09-17 07:18:21.253134+01:00,4b962666be5a6dfe8efded2a04463c1f7544170b87623c3a11fa672ec7a62aad
6313,0.08653594384957121,2026-09-17 07:18:21.253134+01:00,e63c954f32acb5c4c0ce933b1781def545377775242cca82d4735016a21d2082
6314,0.08899545275620828,2026-09-17 07:18:21.253134+01:00,3a502f5ff593d3605af65338df7c28127a9bcc803afb4e9ac20cd4f9c3db67c4
6315,0.1121147373002897,2026-09-17 07:18:21.253134+01:00,f4af3a88dc126f214cc22145f81931252092c86988fff8a8913c7a80773d7e75
6316,0.03997396200595222,2026-09-17 07:18:21.254904+01:00,3094cf606cf7bfce83be58857e75210c82093427509f381746a68af5ebc8bf4e
6317,0.04151412490477265,2026-09-17 07:18:21.254904+01:00,18710870433bfee9a290573c089c64c2e0f166f95516c4824e59865f3e1597d9
6318,0.015359511674538763,2026-09-17 07:18:21.254904+01:00,9b93b6ae0f00050752390a93e242186f47f4cd67c1c17d3032bc93294571760a
6319,0.042296170805321956,2026-09-17 07:18:21.254904+01:00,873d921afbc0bb6e2454a33186e036de3e0da1fbdce445031f6b2e60089c6e72
6320,0.034177295922091136,2026-09-17 07:18:21.254904+01:00,a9978ceb53056821374d673120d505073fefd9e70c7222c5a064341fa9b3ec35
6321,0.03254814849463636,2026-09-17 07:18:21.254904+01:00,b9e42a4d9fbec1be4bca941c269a765cd5a305fbf4557992443e6fb7016ec155
6322,0.03469867211644929,2026-09-17 07:18:21.254904+01:00,8f7dbb15a2d0e3b91d71ee5d68ae6a6e407acaee4a4404d0d04d32de29e052d0
6323,0.04012033520741623,2026-09-17 07:18:21.254904+01:00,fe1568005cf32b250fa394964958e0d4186ed5e601dbbd14aecb6090ae244a3f
6324,0.03663173706175997,2026-09-17 07:18:21.254904+01:00,84008a525378cafa9e88252ef5dbcdedab687224f663655bffd652cde88f6cbc
6325,0.018736454139591904,2026-09-17 07:18:21.254904+01:00,ecc0381746dfc3cd2f31fc22e09e2986de14ed75144fa34a77f11fbef35d6e51
6326,0.012351667700333987,2026-09-17 07:18:21.254904+01:00,6f480211c792f1eefeb3eea17adcb762cc9070db0353fdf6403410140b189170
6327,0.026916832421017712,2026-09-17 07:18:21.254904+01:00,3c95bf8b2fadac4528c2396d89b5c5c979c468a06824f1ae3bfe7350ba864d42
6328,0.054758354859619475,2026-09-17 07:18:21.254904+01:00,0ae9f4fd07166585b5b8a02775bb710cb2b8a6bd85265e70a4d577912275bad9
6329,0.01381656287529445,2026-09-17 07:18:21.254904+01:00,27d1784f8413bd28fbe8303b8a2d0225d21d567b0afa4e1f2f4408fcf8f01f93
6330,0.030975338802570914,2026-09-17 07:18:21.254904+01:00,f8720d6a6592b235e8ee4351be7949960e2ecc73fd9fe2e5344f21c390de39c8
6331,0.019281332306251356,2026-09-17 07:18:21.254904+01:00,2d750a51292d0a1cc5d7245604af978b9f203165004fb7fe55d27c66f3009213
6332,0.030380066592323125,2026-09-17 07:18:21.254904+01:00,f21df7d4bfb3e420829f1dcf7a7ffef6d92ff9cf98afbad9a22f4a02769b1143
6333,0.029746217381808243,2026-09-17 07:18:21.254904+01:00,afc3c16ba7f636f8349364c659357f47b7ff18033da2b0c5db546d671ca22b44
6334,0.037952852573057014,2026-09-17 07:18:21.254904+01:00,a3863c0ac144928da2f3b60d1c5eee27e6843e1284b7aaaf93b11760582388c6
6335,0.02947806295168797,2026-09-17 07:18:21.254904+01:00,54cf7d5411f0b195e777bb14bcb42395cae0ac20c026dd8209843ded74c74893
6336,0.05964993252417992,2026-09-17 07:18:21.254904+01:00,9ec585cffe8d22924ad7039b00f2c2725efbe681e283e20f2e73c5be8306ac02
6337,0.015162846014551633,2026-09-17 07:18:21.254904+01:00,8b7b83c38348af9d2ca3fe4a778a3e607d87513a289277e2ea0619d902aaa561
6338,0.058624447174537984,2026-09-17 07:18:21.254904+01:00,9e9b3edf7d46ab975ed08eca7d2da35722e3264f06b236931b02be1fadd25a26
6339,0.043332519234084,2026-09-17 07:18:21.254904+01:00,5877478878f3b920eac6b85c4b086b2573443b759790a58d3a7935240589f873
6340,0.028437397997138812,2026-09-17 07:18:21.254904+01:00,3e1e0efa6eab9e6e6f1d9f5faf8d2c891aee3c92dc647eb98c5d8a3fb4131c15
6341,0.021057291741435204,2026-09-17 07:18:21.254904+01:00,ba5fe78d4086a9f65402bf9280439a89837cce4b31a4136524ba115ff12b0aa1
6342,0.030729434563412896,2026-09-17 07:18:21.254904+01:00,56fce024c697663d2cbf47025da2b7087ce88c7e71260692edd7e3e411657c50
6343,0.037709883118374136,2026-09-17 07:18:21.254904+01:00,e4ff3f11eb18c63876e7a0d4d952a9f98210b1aea61d5fd14bf2f15a5e8218b9
6344,0.06090540298400099,2026-09-17 07:18:21.254904+01:00,4ccd90c282cdef901446721191555a950f63e0730f1224dd9e1c4842bf3e32a7
6345,0.022677143851789674,2026-09-17 07:18:21.254904+01:00,ee2ce84d4d16647606078c8fe9b8b83f6ce4c962f16864f0ddc132257df4a3bd
6346,0.04495482981342785,2026-09-17 07:18:21.261947+01:00,b23739cb19148c18280c9df4fd275180cf3f8a3ee35e210c75745a88158c2977
6347,0.0404115081290706,2026-09-17 07:18:21.261947+01:00,844827b7aded585b3985b7760b418d1f420755f1c75765815b84e3402b4e4773
6348,0.015154949381560916,2026-09-17 07:18:21.261947+01:00,49c892afbd03453d179ea2f42a6429a10d8e275e36f4f4408b9ee5d11e6706be
6349,0.04013644115934759,2026-09-17 07:18:21.261947+01:00,ef185e6c62236cd975d88366dc290d8d671021ea0df4d1142858435d85af8261
6350,0.04435064110389315,2026-09-17 07:18:21.261947+01:00,97196fb09376e219c35271b7e0196046b735e9986ab2cc35933129facd7d88d1
6351,0.027573840485211963,2026-09-17 07:18:21.261947+01:00,c9674f9e9fef9e31d3505f89c919043d3f383135797f0cb470f5464f68ed0f5a
6352,0.03594925706722577,2026-09-17 07:18:21.261947+01:00,0bd0f73bc67548f9772ee25d690ae29c64f24d2a5e983979b12340fb91b905ea
6353,0.039413322247390616,2026-09-17 07:18:21.261947+01:00,74707b968778626162b980a630ba3c4922ed8e043dd1ee20b4ea039cffc4e38c
6354,0.025907704416072787,2026-09-17 07:18:21.261947+01:00,d2734e0df1a703b3c27e5ac3d1c41d1ec418716721e95f732aec324824da00bb
6355,0.018157190915886467,2026-09-17 07:18:21.261947+01:00,4ccd1eee4b8c063817ef8ba647eeff2ddc8ef9e543bf77dee3456f3be0e4ae2f
6356,0.017295957372032933,2026-09-17 07:18:21.261947+01:00,e8a1f95dd6a3ce4143dfc9df105d59fe18ec643f453f9380c5bbca7cc846d3f5
6357,0.023068860581753198,2026-09-17 07:18:21.261947+01:00,7763d6fb84f59e1f6ca82550fa27f1297565ffe80a67349bd73a005451ec3fbe
6358,0.054579727141329144,2026-09-17 07:18:21.261947+01:00,ee8e6408f975d66b9f6490954c405600191e4f3324a8cfed215f879c8f7bf6fa
6359,0.011861430186422528,2026-09-17 07:18:21.261947+01:00,5aedcf7e151c0df9051c021e5dd317f8622307f784b8bfcdd5dcf61fe410d83e
6360,0.03337518207717133,2026-09-17 07:18:21.261947+01:00,4193f5b7e0389a508c7e5597938e561d7d82cb20871a5e18e3bdc7757bada065
6361,0.033055147555287226,2026-09-17 07:18:21.261947+01:00,8c51d579392196433626ade46ac30db597924216e63a5477a5078d5ff62558d1
6362,0.026313457518900497,2026-09-17 07:18:21.261947+01:00,c4a69a6212d401c818440f3ed1736d6861c6ae61f1eb8854cc122b5cbc6f840b
6363,0.02696812775941747,2026-09-17 07:18:21.261947+01:00,b683879e4a23d79f8c293759514968f6d9a0e20c3a58e476d0459717b2f9761c
6364,0.029232463234358953,2026-09-17 07:18:21.261947+01:00,c291e996c7ec76ec762e256c0baed9a9be5b1efab9d931fa6fa215fb196c1420
6365,0.023390272471821398,2026-09-17 07:18:21.261947+01:00,90e2dadc920d6add6f51366dc9cb4c320c4cb62ecd5603095d06cd5c4c6fdb9e
6366,0.1115002680591452,2026-09-17 07:18:21.261947+01:00,7c798140a32951981c4849c0b3410d52c2a7481a7d9c333ddf09fe25629a3983
6367,0.013134370393888789,2026-09-17 07:18:21.261947+01:00,526a1d46ecb81bfac6438545743987a61e55d4343b183d3132f7ae9389754eaf
6368,0.06153726957407007,2026-09-17 07:18:21.261947+01:00,8acf1011b2de566f0fb999d65561a5ceca11caf7a897b773dcb78f9c2225ba32
6369,0.035103326008044604,2026-09-17 07:18:21.261947+01:00,9a9fa88e6a373d85ac37cbb8857848c3fba23a04df3b00014859e32eaf7ee4ae
6370,0.021549223903913565,2026-09-17 07:18:21.261947+01:00,2e4e9482523e37a36d9c8eca148096a1970ecc212df2708560ac3011a43354bb
6371,0.01678795134231291,2026-09-17 07:18:21.261947+01:00,ffc286a1cac66f225b469b3274d46b1be250e412e61cbd6791360965b9bbc049
6372,0.02974245607789087,2026-09-17 07:18:21.261947+01:00,900f30b0b325ad0098d37bc5f5e9e5e27b6aeb30b8d88a14753cd96c9a9de12f
6373,0.014753796083700471,2026-09-17 07:18:21.261947+01:00,13eef7dc6569202497763810cca57722d88bd04d3aa1b5480aa12d9720efbdb0
6374,0.06504692542461069,2026-09-17 07:18:21.261947+01:00,87f6a3a85cf1265f345be8c9d2723df68add45bb7790d8189d0f5f966412ac23
6375,0.019694102514840602,2026-09-17 07:18:21.261947+01:00,a3751052a88c25000925f8a4f81204a38262e5b666fbdeb2931f282414c850ec
6376,0.15717162030914358,2026-09-17 07:18:21.266156+01:00,f7c358a44258dc4ef6d43530996a4acef24d672a557defbc3db8746e8e6dd038
6377,0.09114608154956845,2026-09-17 07:18:21.266156+01:00,4e75d3c30fc90336b97680ba06810bbe0bdc1af0611164c727ac468dd7119dbb
6378,0.11940490647292047,2026-09-17 07:18:21.266156+01:00,50a6a1740eab42e81ceddd9cff4c7fe2cb84765d416fd2868e44a3c0411a5024
6379,0.04426593532299624,2026-09-17 07:18:21.266156+01:00,599fe4400560590c9e7a507075d86489e103590b9fedf0fdf1bb68d41be7110e
6380,0.11815213647280653,2026-09-17 07:18:21.266156+01:00,ff7cb5a4c84ef38c2e576d225dbf4c628c6723643fe0d10afc46b1094e400b3f
6381,0.06688919832248832,2026-09-17 07:18:21.266156+01:00,cdc95319d3f2191ec9e15fab3385e876a127d58480af732d05313d6ec032ae02
6382,0.09087894868978617,2026-09-17 07:18:21.266156+01:00,7f2d6302450d87a1cb415bd31edd916b3bcb9364c25887937eec5029e2f8e106
6383,0.0621192100540517,2026-09-17 07:18:21.266156+01:00,02bb44f07c827ab7fc8901bee5eaca53d28e55b417ee6f3d9bcde363193fc0cd
6384,0.08945748306390622,2026-09-17 07:18:21.266156+01:00,f2d1fd557df02a9dc1d2f1ce1c2a4973788f5d15dfd149f27a79c2ed1ab7fba5
6385,0.07689532829454622,2026-09-17 07:18:21.266156+01:00,e8f21bbc4e4705fa57f9710143a4be16687ed5d5d9fbeb7c9a592e2d8487cdff
6386,0.08361915144778614,2026-09-17 07:18:21.266156+01:00,3c91bed80797c558eb6d2f7680dddd6ae320caddad6a0f6b72be5d450111a980
6387,0.12345587151558945,2026-09-17 07:18:21.269986+01:00,a8fd5c4a21f878e057859e429e5b247ecd8864afcf99ffb1484b9780b6ef9d85
6388,0.1391074225970761,2026-09-17 07:18:21.269986+01:00,7a2b3ee111acb3313a0b321c1854759df945e8304bdd5f6e02fbc3319bbd5107
6389,0.11302387248660467,2026-09-17 07:18:21.269986+01:00,d560e5810985b10eb423b6f16e1e8b715d1a24af8dbda8abbcc45f62caec3b15
6390,0.055491336209541386,2026-09-17 07:18:21.269986+01:00,998b98e25883628524579e51a2b0aaf0ef7e206e6e5dcb46dd2798bb331852b6
6391,0.1015933596831289,2026-09-17 07:18:21.269986+01:00,ac1a4b5b041a3fbf5ef3e8418b2ecab23cc924876cd2d6aaca13f16af50bb00f
6392,0.07848003040843592,2026-09-17 07:18:21.269986+01:00,95176688c0e61d295ab4d2409c3e888a0f36579021fc0bc0868250e6f4b8653e
6393,0.04786090032173414,2026-09-17 07:18:21.269986+01:00,b28ea8cf4901574bc769ddd13873229a8705c0e9ce0a8f58b63687fc696f9a31
6394,0.04393514160879498,2026-09-17 07:18:21.269986+01:00,5fa7e4be9a9820b941e64f5a9711a63081afd251e225a32f8e1a8bb775272aad
6395,0.12749179183831374,2026-09-17 07:18:21.269986+01:00,475e4cc0d3a6fe86823e8a7dda2dd4d3432dbcc0c0488dbec4fe6b7e983d0fb8
6396,0.08649337659855819,2026-09-17 07:18:21.269986+01:00,49b7839cbf45e052889991e038cfd9eb16e7db5513acc58cc5260cd9303664e1
6397,0.0830668967322226,2026-09-17 07:18:21.269986+01:00,f050744904a425c198d89d8de6f15341781f6fe3779e26f9e5468c86643a2033
6398,0.08052252357728688,2026-09-17 07:18:21.271745+01:00,7768d118c905faab304f41b92a3a3f0834e63f8fddbdded2a026fef793b653b3
6399,0.0550078591255801,2026-09-17 07:18:21.271745+01:00,b6f590c5b34874ab35227971a2657d324d3ee5769311f85395745ea334a39f8d
6400,0.0653938262155686,2026-09-17 07:18:21.271745+01:00,ff5924ff297a6e0914a248b8f8780dbdf7c533ef70d3a1251a9bb7f3c34094fa
6401,0.025701851609982514,2026-09-17 07:18:21.271745+01:00,b7a9886396eb94148e74f28eeab6aed743cfbb116c9a80b3864936655a810574
6402,0.02211538774526619,2026-09-17 07:18:21.271745+01:00,542a10c2b8a3b40c67845d794502df1c0e3e6c735e345d32f290351a437b58b9
6403,0.07502477340856792,2026-09-17 07:18:21.271745+01:00,51763ad4e229a6929460d02bec75843026d8392f76fd067a199e38fcbc8ace22
6404,0.07637716911572588,2026-09-17 07:18:21.271745+01:00,3e2e84483b6069467da919e6bc5a580d7653e26761f3306aa4d9f1b5ed226c3a
6405,0.14317180971189308,2026-09-17 07:18:21.271745+01:00,6a3c6167a51dd81e48ce9dfd41c831e59c380d1749fe182e05a7ea924b27ee47
6406,0.15345478539601087,2026-09-17 07:18:21.271745+01:00,3e0f26c7215874620b7e63ecc7fd074bfdc241abfb929dcfc6effb45ab19eb4c
6407,0.10960551987788225,2026-09-17 07:18:21.271745+01:00,6a044ea0653c2d8b7d11c61c9282e3378f05b16e6a30f232d089856679eed861
6408,0.19362449421623568,2026-09-17 07:18:21.271745+01:00,df7fd00b214704a089098c20bff6e7cab2263f7eb1ef879601431535df87070e
6409,0.10324289373244198,2026-09-17 07:18:21.279135+01:00,301dbbfb036ea31d1ae004a0e9c3eebe5e2f81931a600a09f1078f94626ade1a
6410,0.1144668254564716,2026-09-17 07:18:21.279135+01:00,a803e8aeb2ecffc143237acf7be7af94e99a3755ff135bc52ff5e94436bbcf26
6411,0.06538725116438765,2026-09-17 07:18:21.279135+01:00,42e6d02cbb70120af4dc6f64de871e1e1dd3c895b3c801142361f34b38a1f23a
6412,0.03889992845167849,2026-09-17 07:18:21.279135+01:00,fddc826f139c690b2694d60ae150df068f2cd7f2b38146cac61b3f47e9d78269
6413,0.039035266947880135,2026-09-17 07:18:21.279135+01:00,3f106ea7ef24fd8f5967458cc60d5138e5fef2c9e5351694545c821385970344
6414,0.11467398498999606,2026-09-17 07:18:21.279135+01:00,d2340be84b11bb01b3e4eb5a06d4648fb101f8c0d7b460d8c663c7945ed33f63
6415,0.12613017206490898,2026-09-17 07:18:21.279135+01:00,b5f307db4b3603a4632355b3d08978b8c097654ac3969be6a53a02bee484b641
6416,0.13528630319474944,2026-09-17 07:18:21.279135+01:00,aae162b5fa3aee4d2146f3a0af5281acf1319b64a8f95a96239e136081a4da11
6417,0.11283709453513446,2026-09-17 07:18:21.279135+01:00,d9097eac93b00dce8fef1a607d023b50342f9e7ac6105d145219df9db6d93fd1
6418,0.039046173326025974,2026-09-17 07:18:21.279135+01:00,dbf28e4d707389ecdacf89b264082d6e8611bb4bee30a12460f33b20048eea69
6419,0.11099410613632507,2026-09-17 07:18:21.279135+01:00,c89ed26a7fcab47134657deccde2a56dc533adb5c063fb24fc6d0db98b406681
6420,0.04113654710092124,2026-09-17 07:18:21.281331+01:00,b0ffa001c426aa90ef0a2c7ad119f98df073ae8fef99e1319b18b40fefe47854
6421,0.07802201725925909,2026-09-17 07:18:21.281331+01:00,af776f034d1ac491a396bd42f99cd680c22396e3e00f2f134cd0aad084f40774
6422,0.07157583459513782,2026-09-17 07:18:21.281331+01:00,87bc4b75579f43bb7af29055e6935173d0cbf90cdff76e1cef76774e9731f636
6423,0.11274056731161718,2026-09-17 07:18:21.281331+01:00,d8b8692a685c0bcbbd852453f4d175a58b7ec331bde6a0f43eaa8815f166700f
6424,0.06501314019827589,2026-09-17 07:18:21.281331+01:00,f992c447546817541621bbe1771d1187923e2a59bedff6a0f473ac3300a2dcae
6425,0.09687369849289303,2026-09-17 07:18:21.281331+01:00,08622b87347f44b7093bd10222388eae3f260149da767737d6440b7c93a477e7
6426,0.06516113745308395,2026-09-17 07:18:21.281331+01:00,93187311711cc9e36009ed87f30450c9c90dd20c7326386eca75a162a3e6bfcc
6427,0.03779777764955122,2026-09-17 07:18:21.281331+01:00,002bc504c6d9233f6e5c6ad021b4594ce57cc9a1dfe55e0f53edf28c5d9889ed
6428,0.13548320628352006,2026-09-17 07:18:21.281331+01:00,5af015aa820ebd008855ee5f4ff826e0d3a45161368cde5911a475f4e67763a8
6429,0.11429539765219558,2026-09-17 07:18:21.281331+01:00,63ee4d3129c35926c18563d4797a9b4045053081e2ce3482f0ce06a87f67e11a
6430,0.11439338183170863,2026-09-17 07:18:21.281331+01:00,3e3d5b68849dc66414ebeaf24c760dbb72694dedbe580bd2d305ffdf99182959
6431,0.06750729417183626,2026-09-17 07:18:21.281331+01:00,40a6e7b6108c17292630b9f0c375b0ae444de8010b3ab11994d7c389da07c8a8
6432,0.05542297818588524,2026-09-17 07:18:21.285768+01:00,e4d0dc8b8b23251d31745b11236e7499df1dc37c0de7fa507eb8f0949f021f5e
6433,0.055105706831080015,2026-09-17 07:18:21.285768+01:00,b3808496805bdfa99247e7adde5817ad283d611485abf2b48b769591f626a777
6434,0.06146460376491452,2026-09-17 07:18:21.285768+01:00,6af4e359e0ffcc517f86d0c50112a1579036bf6efe77ec3abcad2912febc9155
6435,0.10458815997741652,2026-09-17 07:18:21.285768+01:00,1168efc9d29bd152fa8a39f87ad0d39775df320f821a5b9862bdda66f6ce08d9
6436,0.032214478942010134,2026-09-17 07:18:21.285768+01:00,ba4e58227e29b7819f34bd7bce8a91d63e92d21a84108e0f5536daca5eafc663
6437,0.09207974398775405,2026-09-17 07:18:21.285768+01:00,23b7700bb2ecdcd51b8a1076d0d8b67f3db8e9c622cc8580e36f90d30b1cd6d3
6438,0.09107673619747506,2026-09-17 07:18:21.285768+01:00,c299b1b15ac90f0c929c75478ee38c9c840f0d2c1a3870bdbc6478fbe4e02528
6439,0.04497421809650824,2026-09-17 07:18:21.285768+01:00,41cf7c8db74a8e5a354ccc999ef6a3102e5655a05f6655e631e01402c336a054
6440,0.12364925053380321,2026-09-17 07:18:21.285768+01:00,1e4ee169fd9fc4eba568d8f8a0e9cd4814a209c914ef0fe8461808ad02668938
6441,0.12495038368232059,2026-09-17 07:18:21.285768+01:00,7b7bddca155f425cc0c074e6728725df82f0149a1318982efaf0051b00d31092
6442,0.16555128341969952,2026-09-17 07:18:21.285768+01:00,23e6882503c0489faa93aaf6e7867376baac9ba49de67b3bd0117e9b5961dca8
6443,0.04892245638113301,2026-09-17 07:18:21.285768+01:00,66c1cd9fd0c882350f7410a67b75fde3708a7fdd0ef80b62662a514277c9a823
6444,0.06952375810745298,2026-09-17 07:18:21.287679+01:00,6882778f0407fa1dbc6c655c73db4f509910ce5a6bd518ab0b7503687c6dca2b
6445,0.07945830551673767,2026-09-17 07:18:21.287679+01:00,c8bfbfc3af37dfec5f12b0e31ebf7311946ed064933bf603cd71aa16798ebeea
6446,0.19940715856748548,2026-09-17 07:18:21.287679+01:00,dee62d060ecdd6c3e65a1230516a73bae089da70a7694514664fb42445afeeb9
6447,0.04604780936191376,2026-09-17 07:18:21.287679+01:00,afb54fb08c554e3bc40a171c77717e72d4816ed7f08207c585b99b61ef3976b0
6448,0.19927809496200363,2026-09-17 07:18:21.287679+01:00,a25d88d3ccda9fa2ae8645c83ffa19da153461ee4de0c9291fdba8730a0b3790
6449,0.10394145736662748,2026-09-17 07:18:21.287679+01:00,3d7c04d8101e1c21e5b96239ae00f791bf3e411faa1d460f2a340d0400eb633b
6450,0.12516235753943158,2026-09-17 07:18:21.287679+01:00,a38d784da2553c9b79dcff79eee434796790500460fcbe3cbf78c9531551f5c7
6451,0.07697055037891266,2026-09-17 07:18:21.287679+01:00,ea5d06b57186909c2bf30f0ce2149acdb393f61b5102b350e4f998203131c965
6452,0.10021050819943468,2026-09-17 07:18:21.287679+01:00,bc183b910b8287d05273e6b206a66bc6fd7de86b8699731482fd23d926b3cff5
6453,0.04216208326855802,2026-09-17 07:18:21.292109+01:00,6f562968c3cce960d419674a65ab94bb037496e52b717bb4ad1ce302c78ddf3c
6454,0.06880140243150232,2026-09-17 07:18:21.292109+01:00,b3ecba97994964800373d7e7418409c19df72ee797d33bd3f0a18788bb7f9ba1
6455,0.12930439372698121,2026-09-17 07:18:21.292109+01:00,174563ae7f55469b21b87010d7d8495862b803ddb3652d44729fa8cdcc5b37ca
6456,0.03847255020894949,2026-09-17 07:18:21.292109+01:00,7cd708dcb1ec75ca97af8f007a358515086ef13e4e5d678342d3175d9babac88
6457,0.31629718064579637,2026-09-17 07:18:21.292109+01:00,767862d03301f2a0d8fbba8e12480f32709ee65448e997d645d9315b3fa513bd
6458,0.10171846566104344,2026-09-17 07:18:21.292109+01:00,655af2c1830b832d2ff5535b955cd41a32868c4015692bba338bb920b7005dd9
6459,0.17408417662136474,2026-09-17 07:18:21.292109+01:00,95eb2f1141d6cbcfbe6201aa16bf28e04ed5959edbcc641b0a9a68e9ab49f8d6
6460,0.06623496416162883,2026-09-17 07:18:21.292109+01:00,ff78f4073d1cdad27eb313f85c71870e38e274da59abdf783d37add7ca5c6dbd
6461,0.06292478327417542,2026-09-17 07:18:21.292109+01:00,bed3a788c796b9a1ac95f061fa5cd531af6d234777f083a39ab086b8896162d2
6462,0.05586312093678894,2026-09-17 07:18:21.293913+01:00,77f5cf0fde3f3a8c777f7e9d85ae695e6fba8eb47930ce295bcad57097ab0e10
6463,0.06449182621942354,2026-09-17 07:18:21.293913+01:00,86d5ff40dde35fd6f4db4949fcfb91501370e34bdddd4979e05e949cbfeb99a0
6464,0.1109762514477797,2026-09-17 07:18:21.293913+01:00,3ebe21461ba59b53d826aef352c4983fe133a0bf4215fb57e79167ff3e00c4a2
6465,0.04234882289727556,2026-09-17 07:18:21.293913+01:00,eab8c1bc733fde9ce9ad73a571a724baca07123c1ca4fea69c7990855ca8f5a4
6466,0.1118689212478828,2026-09-17 07:18:21.293913+01:00,999ed9a28dd32136927d44546f99054d2dc70dcf2e3e5e57a3c6c36cef36a8ca
6467,0.09157913528998556,2026-09-17 07:18:21.293913+01:00,f26af801f427ce74845729b4e822f9054ddde7c3c35e68fb9845e1a3778446fb
6468,0.10066990391772898,2026-09-17 07:18:21.293913+01:00,4f2d80187152b9fa509d29d7fec86b547f73b90289c849ef58d52118839b20fb
6469,0.07908204525147407,2026-09-17 07:18:21.293913+01:00,dfcc85de8fbf6f7d2eed0b99526c891b6663146c52181e57799f0899ea4035f1
6470,0.0958170102125856,2026-09-17 07:18:21.293913+01:00,46194fc48514ed7daf964b908aae0d14405151dcb0d3903f38ee0010fb54af97
6471,0.16119679345141044,2026-09-17 07:18:21.293913+01:00,5f38ad55b6e7047789348aef7b9370a4955670ba624671e4254ec64e929d30be
6472,0.057642398746147384,2026-09-17 07:18:21.293913+01:00,df1d82a86b99d20300771a45139427a6c4ebf17b0ef4b437867af07ecd89375e
6473,0.028463770381517463,2026-09-17 07:18:21.293913+01:00,21d56e7c124d6324aecc30adfe1aa58871b23e31cbb6821652ad1da712feb42d
6474,0.03121433025314021,2026-09-17 07:18:21.303715+01:00,866ea5b9e233a820f23d570d5007993325d75f3e5e80e6e423c224723f487705
6475,0.07969744608922312,2026-09-17 07:18:21.303715+01:00,828d8b501e8aeed76c341f767ea7c42db53e03e3cd58449293425d77d96c0580
6476,0.09583406135198881,2026-09-17 07:18:21.303715+01:00,4049515e3be5e51cae638f720d2b5be66a3ce43ee029882cf261b7bd2052ec45
6477,0.0348339308035426,2026-09-17 07:18:21.303715+01:00,6d2d7b90f1967f9fbb98067bebd6f10cc00f6a3d83d27d56a8c6763ed59143af
6478,0.1238374077923605,2026-09-17 07:18:21.303715+01:00,28a498b7bd77c7b4c1408fc62b5724ab6c166174ec13ed7e5504e67f589ab3ad
6479,0.10057834408607019,2026-09-17 07:18:21.303715+01:00,01002aa9d782cc32880225acde455a9195566f7343da411962830e86b9acb8f3
6480,0.07211042306045409,2026-09-17 07:18:21.303715+01:00,4bea1f38f22685eafc2727b3fbb78835690d057fe519c9b148fab784c8c5daaa
6481,0.07716073969903921,2026-09-17 07:18:21.303715+01:00,6592004e099e912d3173c458e68f1434fab57b8286f56e3f9ced5358a12fac40
6482,0.11346831064223198,2026-09-17 07:18:21.303715+01:00,8644ac9417efe110f84b67e1c60e129cb63c683151ceed0c6ba913198dfeb7bd
6483,0.21103401422777923,2026-09-17 07:18:21.303715+01:00,d3668112b3f2810b85d75f30ab0935c7996d8afabaeb9b69a92bdaeb2b8892fd
6484,0.0417999426165189,2026-09-17 07:18:21.303715+01:00,76ccf22684550cd72693e6b06178629fd36c1afb45f5e8d7e9f21bd45b77e659
6485,0.018431049377651217,2026-09-17 07:18:21.303715+01:00,a780bea6bcd3bb85b948b10cc0f7c8a9264c4322b1d42e8b06bff668f9810b4e
6486,0.18371386474171442,2026-09-17 07:18:21.306053+01:00,47f55c2d3dd70436e7289a9b29c40d67bd921303fc7a06097f0e58b70584b483
6487,0.2733256995263289,2026-09-17 07:18:21.306053+01:00,a90fb58ef7723c459626240c24aec3a6f6398922c0c64f2941aedba8565dc8f2
6488,0.13651576625910594,2026-09-17 07:18:21.306053+01:00,02f67b2361ba9892be40c8139ecea467e2a20314943460dd1f01f57d7c5094d3
6489,0.06751518404262574,2026-09-17 07:18:21.306053+01:00,307bed9705002e284a9299b96332275e5e5a1a3c1738aa4179e8d714f9041902
6490,0.18131236024132066,2026-09-17 07:18:21.306053+01:00,8a7f996295e831cb9135b44f06802d13b8332e80d633b8b402c6a2e5ce269b2c
6491,0.10481353392440731,2026-09-17 07:18:21.306053+01:00,04328ad16f30fabdcbae722156e03b44feb9b44fd14cfae41709e07e3d637cb1
6492,0.05280359126449718,2026-09-17 07:18:21.306053+01:00,ea090a285236b5cd4b270e49717a959f7a58df46f45c09d9104fc24d0cb9aa4f
6493,0.2842170632457736,2026-09-17 07:18:21.321290+01:00,6a71cbe80e0d4634f70cb7ad521a748d59254c229844e6e58129402866a70536
6494,0.2700281487690864,2026-09-17 07:18:21.321290+01:00,8ec343139b3864f7e4fd33cbfad894f06390cd7dcaa56b7b1a195ec49101c483
6495,0.09912183797573525,2026-09-17 07:18:21.321290+01:00,548a23cd88c4348377b3e77a582b3fb33d62f0f60c206409a717cd7d6ad81bcb
6496,0.043191853963990716,2026-09-17 07:18:21.321290+01:00,bb0d65c02cc0312c4a58b685015e38ba45b5e369a97be893adef369dff4566f3
6497,0.13397186865398444,2026-09-17 07:18:21.321290+01:00,000d5fd961ca316856d15ac3e7b43562069cf1888ce74df6bd1745eed56c0954
6498,0.10993731273508604,2026-09-17 07:18:21.321290+01:00,dd81b84094b89fc08ce85940154a953277089b3f3603db30616d893a4d13af95
6499,0.05953191465634363,2026-09-17 07:18:21.321290+01:00,c7d9d52a501ce5f9f0efabb1a25ed0e13c4b79ae010fb1d52d765ea7a2b39a18
6500,0.09914779813033675,2026-09-17 07:18:21.323358+01:00,f82d9ae8f518937debfa8e4dfb327c12c35ae04a5b6a24677a5202c6986806ee
6501,0.20982394702324883,2026-09-17 07:18:21.323358+01:00,735f8a0009ad2aa197570200c39a7074742bc5c940388575a2ef6e9f0190932c
6502,0.0802434382528966,2026-09-17 07:18:21.323358+01:00,2ddab287ac65429a44d14aa2b404230a7aa3ec1142ce27663ae09617a39dcbc7
6503,0.15961799373308153,2026-09-17 07:18:21.323358+01:00,1dd9e93284a89b50a5af499e39063dc8eadf3448b06d4ab61d9ee0e7a3da82ad
6504,0.14548434027737067,2026-09-17 07:18:21.323358+01:00,4a1c2d5ee8dcf13f83e4944e9139eb6745c0af072bbd868c45b21ed1855c4a9f
6505,0.10228339184891411,2026-09-17 07:18:21.323358+01:00,b27c71c83679897220fefaa3572c04a4735c698cc00f697edb7d5cd514dd957b
6506,0.06589483666734419,2026-09-17 07:18:21.323358+01:00,f7cc5c57a8fe5239b661941feca234f9eefa7b7ec8bac9367bad3fdef72f81a8
6507,0.1375042540668073,2026-09-17 07:18:21.323358+01:00,7c74f919cb6ab6c2a8d83546cc71b5bff91c20b2e3a543b7cbeed2afa318d3d2
6508,0.1133270773473881,2026-09-17 07:18:21.333468+01:00,d665d8bdebe3100eff252c0d526bcb20305fb61b257bf35a6cb0415f3ff24744
6509,0.15817340863190063,2026-09-17 07:18:21.333468+01:00,0666d5322dd50b8e696c8e97583da6407ddd4527777bbbdca83beaf4bedbd325
6510,0.04776878745523471,2026-09-17 07:18:21.333468+01:00,c622bd791d367710c18e48e2568c8b762c04b82b5ccfd3d9251d32d299636f83
6511,0.1919565810093596,2026-09-17 07:18:21.333468+01:00,0e13a5f1d576d96295aa5f24aefe03c153d188e9409b13cf973246c8cb775e38
6512,0.18421627536821455,2026-09-17 07:18:21.333468+01:00,fcd7017c3a4e69630f0e4057d36342682fadf48508a29ca153d5f9d91f864a3f
6513,0.1058250337572512,2026-09-17 07:18:21.333468+01:00,ad851dd8a348ddc41e27eec37e5e13655c5aa423ce9e25d7ae8b9b4ca6d14bd6
6514,0.02347983019637589,2026-09-17 07:18:21.333468+01:00,369319d6b32c57e991f017d912e8b6997aedb6ee676f5f3d4a05eb8ebe36cc99
6515,0.1752530062342753,2026-09-17 07:18:21.333468+01:00,c198f0f8385e93c9fe11c04f3df2eeab919119bbcb9fe7c74887036a96ae6fef
6516,0.12982696180550798,2026-09-17 07:18:21.335058+01:00,633ced28867f45c180a9e3748f73dfa7c13a01cb4c0a4fe6e81cf23f1f513603
6517,0.16134365802065748,2026-09-17 07:18:21.335058+01:00,62068637b539e743683939e3e944b4838426fbb8318da50dac802c1c9c3a988a
6518,0.18475804267402868,2026-09-17 07:18:21.335058+01:00,8fb7a44eb22133ecb88b03767f69d36381621e6360809af6546e2920953f276a
6519,0.17795131626366695,2026-09-17 07:18:21.335058+01:00,6f4de73a863b5823abd55c7f4b1ee377594c6ee55b8d64114eddbf1f20770798
6520,0.21372946687761643,2026-09-17 07:18:21.335058+01:00,d43310c8d4ad7ad051c559fa8aacec17d20741fafe2e7f2ce8996e3d2e0bb689
6521,0.13239055435852254,2026-09-17 07:18:21.335058+01:00,cb362f8bbcb4f28e67089fe435602eb8baa8109a257d92b666b5fdb76c27752c
6522,0.19558666431218383,2026-09-17 07:18:21.344584+01:00,8186efef8782c4cd0a8450e8581f8f2fc8eda3bc9c2540c3f1dba869f10e2620
6523,0.21210183880400554,2026-09-17 07:18:21.344584+01:00,00931a60b8d07ee5045eb32fc6d303a666870c1930a09eae05552b07a3b851ba
6524,0.10226173135094097,2026-09-17 07:18:21.344584+01:00,2616306dbea18943bbe860bc09918bbfb82664d8346e6811666a49dbf2dad7c4
6525,0.18344864077242737,2026-09-17 07:18:21.344584+01:00,d03e9583759d17ffbee8879d1fb38ee40fef0d9a0a88b1603336c5079a87c5f1
6526,0.2146753733034031,2026-09-17 07:18:21.344584+01:00,b5b6479372f2dfdbb41b9533a47f10ba339e0b51205992b8e9aa754a2feb3061
6527,0.09192575145703909,2026-09-17 07:18:21.344584+01:00,cb0d9e7658be3bcea31b0f7e565c50872f5dda6003c613b5765ac7a5cfe52792
6528,0.18911245154438786,2026-09-17 07:18:21.345946+01:00,9aa81556f4949b5b59ffb0899da3a99546b70bcc9d701bc7f4c4fe79a9100c66
6529,0.1282474860219679,2026-09-17 07:18:21.345946+01:00,ea2380ec0b33d9d0ec844321ec3c2e42846f6894d13431237b09fde8117cf8e4
6530,0.05178414577831744,2026-09-17 07:18:21.345946+01:00,bd4c98c5baefbc4902c35c8362f968c3000db96b3d192a3a99045268076b7f31
6531,0.05692228510710778,2026-09-17 07:18:21.345946+01:00,4a24ced6c1b4ccefd63b249f09807c54f410373054defe222cc0814870e0143c
6532,0.1982036218860892,2026-09-17 07:18:21.345946+01:00,92e6bfa165665e90d9e9edb9fa3bd2d439ffe6492a81685ab8d2f626eb2438d9
6533,0.030949071801088114,2026-09-17 07:18:21.345946+01:00,bc5912f4614fef7fb14d52d9225f00b1f6dc2f25a9acf2eda85d25b3e373e782
6534,0.08999136575808275,2026-09-17 07:18:21.345946+01:00,d9d89241297a703fdbc7a9361e2108d590fd0fcc80f2876c73d63f717487565b
6535,0.11134156105273137,2026-09-17 07:18:21.345946+01:00,8fa300daeff1e0b6ef9e0723eb61e574302cf3428702ec4e3f53e499c5a1bbcc
6536,0.08954609761377078,2026-09-17 07:18:21.345946+01:00,3c8fad5e965034f8e856a9d830a2511cdfb6bbf58a5c4cb88b73b5a44242d107
6537,0.05390191343645689,2026-09-17 07:18:21.345946+01:00,79180645082036e57ce71686d5256b1e188b371aea101c82613ab9c7da4c3ce5
6538,0.15535129328653652,2026-09-17 07:18:21.356882+01:00,a3d64d479abe5950fa07921ab0df893044a4127ad2386222879b0d7829bcfbd8
6539,0.19687649405587798,2026-09-17 07:18:21.356882+01:00,7cb7afdba8dcb8c6bae534e81d13887813e28597696b0cb0bb83dca0f513bf32
6540,0.05742939744975767,2026-09-17 07:18:21.356882+01:00,dc96db6c7045bd8b313032973cffaf9a952a7dbbaa9f8bd9efd22ff14db050e0
6541,0.06196220868782786,2026-09-17 07:18:21.356882+01:00,ce4dfaae39c4744f66485cf34aca3af3c3945712a3956ab2cf766ed830fe7a16
6542,0.20710951054353138,2026-09-17 07:18:21.356882+01:00,815402a821aa7f947dfad079ec8976bfeb130b11211c051e4fb6d1b4c741d882
6543,0.02858509867528413,2026-09-17 07:18:21.356882+01:00,f7f9f286830d6ead0d5ab5b8527bfbdaff142cd9114bf87a65bd4f8695af2e11
6544,0.08453356138796289,2026-09-17 07:18:21.356882+01:00,e6ed6c0e5b29c9d600d1b71be3819685c48e0e80242c6e1c8f6fc88bb2588cde
6545,0.08897190790923604,2026-09-17 07:18:21.356882+01:00,7d7677aa058f57d8d639b249efccf10f7d4e103b096a0ee59d5f3ee906baae1b
6546,0.07307358228363513,2026-09-17 07:18:21.356882+01:00,636fa68c8198bea1b8471f994f07db0cb9fa6ba388b91f987f535a52ac5ac787
6547,0.04610694572035031,2026-09-17 07:18:21.356882+01:00,5b56db54bf2ff792125ffb869b2534775a15f5f52aa46cea25022d72ce053554
6548,0.053080929644468346,2026-09-18 08:15:19.330886+01:00,c5f2ddca2a532c883da1e32bdd94677516a3d0a71801ab9cf738820f6191da52
6549,0.12148885899624012,2026-09-18 08:15:19.330886+01:00,9e51884919895c24f586175f3c1986a20d9104f6ddaf12665f0b8cd97e5b06bc
6550,0.07425594842397153,2026-09-18 08:15:19.330886+01:00,f161bcfb883bbf8ecfa40202e315fc5107a55ec0e2dcad24ee063314c457727d
6551,0.04000989093401425,2026-09-18 08:15:19.330886+01:00,b52d29e24e56828ef948783b24e4a727d472521cf7015e32529258ee4a9c1189
6552,0.09260720307158185,2026-09-18 08:15:19.330886+01:00,a8dd8c8709f39a1e2b0621ccd4774295acbe2782b2a0814e98ced62e3511c1cc
6553,0.07412604569344389,2026-09-18 08:15:19.330886+01:00,a7c082d0e0b2d840823edb9c1781ebc2842e1deb854835f92d3461b72672819a
6554,0.11553985181393357,2026-09-18 08:15:19.330886+01:00,ac24b35d84a7815f8d3b984d94848c1fccc709eb211174cdce752a4eacc49c27
6555,0.10622409024379997,2026-09-18 08:15:19.330886+01:00,3280ad762a88bb2ff96d333406953f3f5f2e2b83a1f2379e59c07ae76b1f403d
6556,0.12386526450540568,2026-09-18 08:15:19.330886+01:00,9c2a5627bc4cc194978f0ec4ab36e03b8efcbe72457ac26343a47a215733603b
6557,0.0657175491304325,2026-09-18 08:15:19.330886+01:00,08704b5a2b81dcce8808b718304a2cadb41162731767af31e4e91296527ef2ef
6558,0.13308436754270828,2026-09-18 08:15:19.330886+01:00,f2f19836e4bafa4b235520f1d71d26bbb43819b45fdc5b2bcbcb73053e223e6f
6559,0.05970949071550129,2026-09-18 08:15:19.352542+01:00,a912ef7f32a8fba20cb1e8e6626a6732a62ffe40aeeaa2f4c0f45d978b3e46e6
6560,0.11042065148581433,2026-09-18 08:15:19.352542+01:00,7acb8b6619a6af49662b54bc80f2130c393a27b426a255f0344286085a17944b
6561,0.1351574466175124,2026-09-18 08:15:19.352542+01:00,17938a1628243f53f4f40e6f823e5cf26636d5002de29e024e83d2317916464f
6562,0.037377311432568915,2026-09-18 08:15:19.352542+01:00,93ff8c40bbbea5acb9d379f88e070057bed4e7165a5d662f5f44e6998cd3f6b4
6563,0.06224088487003017,2026-09-18 08:15:19.352542+01:00,1b13d66052778a29f65d0eb920891d20a4f52a5525997969b4cceb10e36513fd
6564,0.06736883883049127,2026-09-18 08:15:19.352542+01:00,0dba58ea4bd89184920a09c5474b85f78b5f602888fe90b24b232d1cc19a2e36
6565,0.14534384033501316,2026-09-18 08:15:19.352542+01:00,665ca7a5602c3af845234554d69c50d6adc3da0f8ed80b1cae0ed2a8bd07cac1
6566,0.1183816533419776,2026-09-18 08:15:19.352542+01:00,3869eecf91b004de8330b036e040321ad8a9e52a7d00c9e4d85f60c5568d439d
6567,0.03426185040436866,2026-09-18 08:15:19.352542+01:00,562509246fcd5e948194ea3c40f9c68428cf27c45fbb1768b137ddf7f6f53e94
6568,0.05751676648547688,2026-09-18 08:15:19.352542+01:00,13abc3498dc88684324312f1285f279d79fc5ce8c3132a627dfb9dcc061b2c6b
6569,0.17222126548124533,2026-09-18 08:15:19.352542+01:00,fd6e28cec6e57f35aa2f2de155a5fef94dca25039a23dade45b95e931c78d1ce
6570,0.14106393403556974,2026-09-18 08:15:19.354857+01:00,35efa38ddfcb9e14a283b50d1216a965e726be1821451c8d223ad2760fb06175
6571,0.11731757300490185,2026-09-18 08:15:19.354857+01:00,0513a2b67542c6c557a26c0a042d3f4b875fe58ac328ae0731c172fd7a0134a9
6572,0.1652793358674597,2026-09-18 08:15:19.354857+01:00,bc8c71e594a2d6d378cb007e75dc0be82185fe5d879b006c0bd3eede30ca7275
6573,0.08734564835413554,2026-09-18 08:15:19.354857+01:00,d60c5cba1c4ddc7c690df7eae78b3b7a8133dfb2cd162e84a78b4f994d18dfd1
6574,0.1356317875001305,2026-09-18 08:15:19.354857+01:00,4e02f0e6a2ea47df11e75945478500dae7cd37a3e01893e8d68a95668c857734
6575,0.2136302315661495,2026-09-18 08:15:19.354857+01:00,166205fa6dc08c6e6748279ddc023253d46a29fc6e1ed85f297a0bb86f389619
6576,0.1397314896716532,2026-09-18 08:15:19.354857+01:00,65cbc03a8385343c2edc9eb915565aecbfcd8ac2084d932ed08447e146c1a354
6577,0.18138006547142244,2026-09-18 08:15:19.365313+01:00,8065555d1d76e49dd630df628793c28ba198c76bcf8f703b9f193eb24d5a6c39
6578,0.05786503814558333,2026-09-18 08:15:19.365313+01:00,3c1a7b3e0a281cbdaad212147a7429784fc973f937fa611be634e953a8fade41
6579,0.0808697346825664,2026-09-18 08:15:19.365313+01:00,bea3c6946812b3f032373c1cf41d3891836934ed0bbeaeb7335db43448f6a100
6580,0.011878012333778595,2026-09-18 08:15:19.365313+01:00,da81f5205d58eaf2d2f3ad5337ce87637d80a78a00da7233c8982d9674972782
6581,0.17937581721388735,2026-09-18 08:15:19.365313+01:00,f77da780707125c59cca6fe06cb7b54b81df6166ad3d9d7aa06361cb9ec5c42b
6582,0.32427952562552104,2026-09-18 08:15:19.365313+01:00,03da1a41f41089e5c66de7d7b5e6b3f11f7b46ee3f464ee72e31d620c46c031d
6583,0.16435180652724093,2026-09-18 08:15:19.365313+01:00,4e108d1f359cde3830df07c1b88fd653d9fe98577d3874c32c6e3b25367a59eb
6584,0.11918900646323694,2026-09-18 08:15:19.366980+01:00,e81d36bc3affaa2241535fafeb65e445cd435cfb0a4f5cea6b068bad204b65f5
6585,0.04715759285277915,2026-09-18 08:15:19.366980+01:00,dd580f970468ee5777d3b5401ece125a110ead0dd3514db7ead55a38aadd3e6c
6586,0.029350742989021347,2026-09-18 08:15:19.366980+01:00,31547b408c021e8b51c3889346289df0094a11b1bacf84c00eea32f416b16d53
6587,0.02945457046281166,2026-09-18 08:15:19.366980+01:00,d49eaabe7b65af517331cd3b42c9d7d0f488b084b7f4ce00ece0b8ba14bea8a4
6588,0.03760873349609301,2026-09-18 08:15:19.366980+01:00,fcb28be89256b7b926e97529e3871f54c1b7de2412b93fa650a9ecda6f47382f
6589,0.08293623213385655,2026-09-18 08:15:19.366980+01:00,9d5b68cd2c4dbb24bbf38f7cabd7cff9741fe461b87918bc663e80755a2f3681
6590,0.044658330205249425,2026-09-18 08:15:19.366980+01:00,02bcb1fe1eb7ec1102c652b2ca6cc4bd1b29de218f9801046b013c4a01ca27a7
6591,0.06619704429814617,2026-09-18 08:15:19.366980+01:00,ab230ca1ebac2b7d837ba85f3e7268415a12f35bda0e0f55b98dafe2ad8cfc5a
6592,0.060508914401389675,2026-09-18 08:15:19.366980+01:00,2c4193954b663e1d85352df5d182926de4aaa9edf68ed69cff2d26fb32c99f4d
6593,0.07133339823508926,2026-09-18 08:15:19.366980+01:00,296e2061fe132a8747cacfe913a870be302357850042aef1c4d975056bea2d81
6594,0.0259465496109927,2026-09-18 08:15:19.366980+01:00,e6c3b48fffed87a3d91f3edb01d24e13de4dfe138c087c60264cdedc43db766d
6595,0.11786554126691347,2026-09-18 08:15:19.366980+01:00,4a2b4ec6efa3e14caeb6662f85eeab8ba40a8ee0e9e7a88fde872886644c22f8
6596,0.06827461955092054,2026-09-18 08:15:19.366980+01:00,57f17b5efd7a08a0bf5d617e3a051009ddb2dcaae50a3a898ca2f15e3ff68a4a
6597,0.1995187240335002,2026-09-18 08:15:19.366980+01:00,0b70a675dd2a25ca3781befbaa98f3ca3d0c12711290ceab1cc35c581e74acb6
6598,0.07111007053899114,2026-09-18 08:15:19.378046+01:00,09f49b27909e540fa4bd44203f5ba88e661e091be7d81f863370c4d05f5ec892
6599,0.12226445947836245,2026-09-18 08:15:19.378046+01:00,ce2ec19685da2c09db4173a368b2d861262816a408883886be906483804ad68e
6600,0.037494811274374526,2026-09-18 08:15:19.378046+01:00,cd2f026c377c4aead0d4b2827184d7b25f3e71df06ecde6112d254f2b9ad9e82
6601,0.010735845316591507,2026-09-18 08:15:19.378046+01:00,f8dca34382b945b01c0355d254db5b29245cf93915467c6196bd23bd5de01e17
6602,0.039528797465306846,2026-09-18 08:15:19.378046+01:00,781861155d6cb103f4a676ee6c47f9a0c6809f3f8e8d538edb01bfe4c8e5a0b9
6603,0.09658103810615186,2026-09-18 08:15:19.378046+01:00,f79acb4171733f443feb2a8f58f43190133b6847858d91762528d48be1884e95
6604,0.030882590504625565,2026-09-18 08:15:19.378046+01:00,21cb78ed0b327e553ea78abe1e6600beb8492e2ff8a82ae93cd362ed25e603d6
6605,0.05774849288697331,2026-09-18 08:15:19.378046+01:00,6d70597db753d15fd7a5f71858fad83eacf8d3ce65d78e3feecde6c49fbdaaf1
6606,0.052882332182769484,2026-09-18 08:15:19.378046+01:00,68c135fe47eb76c1fa7848c45b3fa76c9670fee201ad519878d197063e949f25
6607,0.06468475909380195,2026-09-18 08:15:19.378046+01:00,d7a63cc65021eaa4100cb0abaaeafa43a9bc09d96eefbdb4235bf6176f591ba4
6608,0.02715904160270694,2026-09-18 08:15:19.378046+01:00,cb7c2261d84208f5674fd4ccfc2bc415e76fb1e843070cd44756807edbb2d2d5
6609,0.09873760980325584,2026-09-18 08:15:19.378046+01:00,f2aed1aa83155ff7f28c40de863ef2b983837ee22143598020decbd9869014e9
6610,0.11038368559641834,2026-09-18 08:15:19.378046+01:00,743f32ddaecf3eb052d1022f4ab126ea4ea772fbeddd1e2dece042a898223cd5
6611,0.1798064661496703,2026-09-18 08:15:19.378046+01:00,12a4c61fdf8998e85eaa7e89571e0ce57e546bca1f74eb844ceb2164450b80a8
6612,0.037389610623082575,2026-09-18 08:15:19.380622+01:00,25163af7564985ef679ff36bbb14eb0b417eaef65eea0514bed578a4330f0031
6613,0.16886838063156584,2026-09-18 08:15:19.380622+01:00,8438596985db3740850e63dd9c796c12ce012b38cedcb51960ae1569f7f855a6
6614,0.061345389132075545,2026-09-18 08:15:19.380622+01:00,e57de374531742bf6f53feeacd8f96f8374f94c22774fdab9f9d7501e88b1566
6615,0.14091518004645653,2026-09-18 08:15:19.380622+01:00,1cfa5e16f61b5ec5954a977f71c0f6773cce60e520ac1a52c6a7497667a8ab60
6616,0.1003406549233809,2026-09-18 08:15:19.380622+01:00,634282874495bdc3c75a27cc68dd60496a6471e3dcfbc172999db161c83293c0
6617,0.062218067021754045,2026-09-18 08:15:19.380622+01:00,8ac18121a54bf7853536038977dda5a9c815dc09eeed9857bd256c17e9dc4685
6618,0.03013538465410736,2026-09-18 08:15:19.380622+01:00,8f4a321687e5ef3173f91c301c0fd6b6b218f9e514f18c6e277cc70d86485591
6619,0.03308598102838872,2026-09-18 08:15:19.380622+01:00,e7aa8b3527dc677c293b64e215bf35b5e77abbcc43f18aa278037220d2483d33
6620,0.0652767679048916,2026-09-18 08:15:19.380622+01:00,b3d67ddeffc2606418f1b3ed5da27d619891d16cb0b3cb9894b523b0ecabb78d
6621,0.13977908710143533,2026-09-18 08:15:19.380622+01:00,977d9bb886aba4de7a1b586d01cf4d9c2e0c12191c10304f50b9fdd8d435133e
6622,0.08713272816755684,2026-09-18 08:15:19.380622+01:00,e1bc1fbde649deb3246ef976d6f48e62ef0a7961c9be5990cc8b6361bc7dbd60
6623,0.07351276876530463,2026-09-18 08:15:19.380622+01:00,0ccc1f9144093d9b26c45aabb35588d37d0bf591ea1c20c0266eeed2f2ccdb37
6624,0.017705912907400107,2026-09-18 08:15:19.391241+01:00,b282274e060d29208e6391d73a0d3f030d5f66a26ce2237f3611d06c16347e88
6625,0.19447243175673284,2026-09-18 08:15:19.391241+01:00,447fece7c9387a6f6b88ac51bad2c0f9e6c58815a349a79420744a0f68f29721
6626,0.09913045655870567,2026-09-18 08:15:19.391241+01:00,5c8c07d2521ef779701742a4aea4061c74f9b5d6fa173210817c4983365cb327
6627,0.10490136609216592,2026-09-18 08:15:19.391241+01:00,e7a1a972766dbbbebd095dd1bb5398d3aa5224d4641f7d177315b2870cf93bb9
6628,0.12794373941538337,2026-09-18 08:15:19.391241+01:00,f924f16539c59b75f7bc042100060cb33e3c9583644ea8d56e2cbf8daf7c65f9
6629,0.08097627536275798,2026-09-18 08:15:19.391241+01:00,d3314c8fafd4d552e3bd7d454e4707691a8923edc4a0da2005f72e61245820a3
6630,0.04033416099279704,2026-09-18 08:15:19.391241+01:00,4e286371042170658a3f6087e4d3fccf94277d2a81e43a9f92b9424acc107cf9
6631,0.019086500917083273,2026-09-18 08:15:19.391241+01:00,8d4a6a7dc705b6a2343f8a2296c1504b7a1b1ec037120105facc0e55005a9905
6632,0.04718538352387376,2026-09-18 08:15:19.391241+01:00,e73ba22c99f2791c718220780f39c8c9a11cab2a7bb220b7e9188b2d3f3e1994
6633,0.12265271592520668,2026-09-18 08:15:19.391241+01:00,46f13c49e46b61d10d0ca217b2f52a72072049bef507919e4baf3bac7b2fe828
6634,0.08389949505318187,2026-09-18 08:15:19.391241+01:00,4a29cc9035a0bc8517e1126ab73dca98392eb66f2141684672d915e7a45a986e
6635,0.061711561494711575,2026-09-18 08:15:19.391241+01:00,a827d66faa58f6b9d07ebbd007a4836dbf3ed721a522ca49d64947e3c536bc87
6636,0.16145807645795457,2026-09-18 08:15:19.393493+01:00,60d44c56e790f2cd6aad7ce117271a6aaafa896a44e7e007f211b580bd22889f
6637,0.11459624920861611,2026-09-18 08:15:19.393493+01:00,1e78e6f3fafcc3cd701d9ddbf10252a8ab73a45161f9ba65bd9a1ea6c5ee143e
6638,0.23207441713915397,2026-09-18 08:15:19.393493+01:00,f09760d070ddb4df8fed0748345f7d32dfe1f813d970d3b9ad2e76f5febbe50a
6639,0.10091152607419117,2026-09-18 08:15:19.393493+01:00,c38c8eb7a6b4c30653c853f01109ab0c71967912cf5e7dc0b1f49e3015d18629
6640,0.10231526810376151,2026-09-18 08:15:19.393493+01:00,1fe07d84b27849773ece4038a0d4d9acacd17f8d577d835bee9f0a4ec9d6096e
6641,0.06108210822505936,2026-09-18 08:15:19.393493+01:00,e11b13be4be074cfbcb4b800c4221a7100294910b50ee0dd1c44b4cd7bf241f9
6642,0.06627988747356686,2026-09-18 08:15:19.393493+01:00,7be53a3af4c264708209c12464e2863285825d8d194d219fb69e75c8f7cdacf0
6643,0.08934100661055758,2026-09-18 08:15:19.393493+01:00,23051bf7b978db361e23bb8e0d947cf95a62d7c3a4f5d269cd2441d2a99c1a30
6644,0.07194146070713892,2026-09-18 08:15:19.393493+01:00,936a69eaa0d547cfcb24decbcccc625a21fa6be123bd4f5a2455f4a6caa94ecc
6645,0.22850266803810546,2026-09-18 08:15:19.399347+01:00,374f0b0ed8b568f847a896f1becfcf07d0a38792a61d5aa62b06b1333912bb19
6646,0.12933433075959064,2026-09-18 08:15:19.399347+01:00,60bf140db6d5e4d9faabe3d6b7397bf1fc135e22e7a00d6c717799301b8e826f
6647,0.15507763284201187,2026-09-18 08:15:19.399347+01:00,8f76d78679f544af9d581358e44d9dbe5759ed11d19251c45f81f77e46e03fbb
6648,0.09898258170943094,2026-09-18 08:15:19.399347+01:00,8a71d57e0d28d54adde3ee98b9ad967cf01be75540a262bb961f8061c41a3600
6649,0.13185631635883513,2026-09-18 08:15:19.399347+01:00,5ef10a9dceb6a2322d133eff23f17c1b3ec51e0a60d3b739fe91cb2bdda3daa4
6650,0.056913054248825895,2026-09-18 08:15:19.399347+01:00,bcee08e7208daf29db3357c5eae2ab1ba14717324ac172d313310226bed9a6a4
6651,0.03865644668583154,2026-09-18 08:15:19.399347+01:00,823229d0b74b91be71dd3946e5dff71cc2797b5c69f59afe5677d2b981af1c04
6652,0.10028112200709056,2026-09-18 08:15:19.399347+01:00,043249cd1b0ba60f569771d6b1acf36d7a3352d533a91c99afbb73f0574e7ead
6653,0.06039584735027797,2026-09-18 08:15:19.399347+01:00,1c3a84a2b907d348c2259b594d9fc48784e9b2a147c6959228a2762711aca562
6654,0.14863423364062603,2026-09-18 08:15:19.401622+01:00,85149fb733c4e816013021e270372755ec3c23dcc57e117313de22262b2ce882
6655,0.14242180097916876,2026-09-18 08:15:19.401622+01:00,10fbf8a0c632341684db455f08358fd9534e11d669e5e3d00dc650308c488e13
6656,0.10976760053003999,2026-09-18 08:15:19.401622+01:00,981ba71ffdefa1887150ce1ee2399d56979ff7f12c2dd045b95d29d5598fd678
6657,0.13825133801402836,2026-09-18 08:15:19.401622+01:00,be0233d143e738a2cc52fc367544893ecb8e7a3c4d48e12c288fbe4fb5e6cdb3
6658,0.18910592367119242,2026-09-18 08:15:19.401622+01:00,53bccb5d0b8b20eeffd50492fb85c835b21007301360d8bd61d80c3e8f432110
6659,0.16427132656776988,2026-09-18 08:15:19.401622+01:00,2a20189f71799447aa35f5f42771c2cc022cd73a2615bd3bf467b2b77d438c18
6660,0.10754777659717463,2026-09-18 08:15:19.401622+01:00,cbcfa03dceafe95fab83efd3e55cb967e47e187a163d0b6fd8570a692d242b64
6661,0.10469659531300847,2026-09-18 08:15:19.413657+01:00,ee10cf80616c193814b292103477c9db23f4dd905477d6ca12365575cbbd3f09
6662,0.12790762962569827,2026-09-18 08:15:19.413657+01:00,b0a4b01bb34b71e33813dfb8f48190bf2f8eaaf090b7140d80e2285b34d51575
6663,0.08905523565636624,2026-09-18 08:15:19.413657+01:00,eeb9b176315e85c03d53b94dd653bdced95448b5ed7c1c86328207fef9d3d975
6664,0.07231914930263275,2026-09-18 08:15:19.413657+01:00,abf280bfd5b300d8dbdcbd6571e79ba92f4398065f4a22690478369ccf0a3cc4
6665,0.1905040037580553,2026-09-18 08:15:19.413657+01:00,775f2355c325869a7ad5b076859695710893cdd400958650a7d74a4fecf64d70
6666,0.2141857896415188,2026-09-18 08:15:19.413657+01:00,e4cfe1a9edaf62fc6a202c0837b16746aff3a20bbf1ffac4c7d0af3f2910757e
6667,0.20133159670272013,2026-09-18 08:15:19.413657+01:00,2ad23fd0c0430834d2afd4bb3723942048b18ae6d6a691c8d3f4af316de59642
6668,0.05602309091600803,2026-09-18 08:15:19.415283+01:00,17beaf87205778868352811e5fab29bbf796c03f11600d609068f106966cfea9
6669,0.17263262884193906,2026-09-18 08:15:19.415283+01:00,9061a9555b21bc8426ba8a754070d01023a1adb1742a616d3892e1bab18d1c7c
6670,0.14737739552302154,2026-09-18 08:15:19.415283+01:00,9b0f6edc90bd9071a240e70385ad925d873e69fd1b561475b4c3952eaf94ad65
6671,0.17942554133433128,2026-09-18 08:15:19.415283+01:00,80983400ebb0a70d58b33400586448050603f83e7a24dd1e569917bbf05767cb
6672,0.10018649882818842,2026-09-18 08:15:19.415283+01:00,66b7d5e8a169b40d0f89e67840f50939193a47809ada9a2f5df3cc83141a974c
6673,0.10104984980209435,2026-09-18 08:15:19.415283+01:00,40dfc6eb8e7decd22b9d1b31ca6b4f06c2564340f4cd9aee533f434428b05601
6674,0.21164998578712022,2026-09-18 08:15:19.415283+01:00,d6f64dc54ee0276883ddef346949a3a736f35579599ec7700793b78d263dea33
6675,0.031655008967297074,2026-09-18 08:15:19.415283+01:00,551a55026fb047abe7d69d4af6e993491014a8aa1adeb78002f0835182695055
6676,0.029288581686515026,2026-09-18 08:15:19.418555+01:00,b24d04e5e6036645fa9a151cfdbb4cafd20ed4f57925c7c362ac9296be7037c8
6677,0.15155050484891344,2026-09-18 08:15:19.418555+01:00,d0052231df1c8f4b3e71819e73fff9cf7dbeb39711c1deed9023982eedc6d688
6678,0.2129362823401925,2026-09-18 08:15:19.418555+01:00,66c7393ca7b103b64f596c9a8f72e0dbdec9dd0f08d650981bcad2cd7b5945cf
6679,0.1361056388275426,2026-09-18 08:15:19.418555+01:00,9fb524efe4b79e9e7fedaa3573fda8cda9cd4cfc55461a43a949de0c42a880d8
6680,0.07046873867766183,2026-09-18 08:15:19.418555+01:00,3b728db2a1ab985cf601d4582e502318d868658df388b4c93a41da84813d6471
6681,0.035512956931336916,2026-09-18 08:15:19.418555+01:00,79615fd9af793a20c67a1b95afd58948a1f611d132c7d88b209484ab5fca6eb0
6682,0.3415716814953501,2026-09-18 08:15:19.418555+01:00,3400abf67919997f01d94939ae943550a37ba6223029b8bb65da80904a5001c6
6683,0.022565615192487554,2026-09-18 08:15:19.418555+01:00,eccca0b4df285ec53beb3c2f18302ba3b7d73da4e60b6b52ef959e6fdaae10c4
6684,0.11708903865978851,2026-09-18 08:15:19.419899+01:00,dc3e7dcecaff3a6cc53ea313a648981b4cbc495e865dc4228038322dfa3e5d5d
6685,0.05135254857563748,2026-09-18 08:15:19.419899+01:00,db14e9cb9bda916271ab7070da6a6af92bbef0761001daee87827d56bf318c5a
6686,0.08334020382311941,2026-09-18 08:15:19.419899+01:00,0d4fa50797a84db9bc6295b9e3ee56294605cc881a3f37ebf1c160597c93b878
6687,0.09113402950447119,2026-09-18 08:15:19.419899+01:00,baa0df65cac78ac397c77377adbcf8a6257d42614e0e33c6bf47ea30427de39c
6688,0.06286459514907687,2026-09-18 08:15:19.419899+01:00,f33256bbd107832b9663f5a90f9fbbdebd5529b0eb27dd52033ccf0dfbe8b135
6689,0.19938244083608997,2026-09-18 08:15:19.419899+01:00,b0d7198f61fce2f3f659e5093f99bd9a997db34e80c8c5a1caf51cc32abe99b4
6690,0.2994178956717211,2026-09-18 08:15:19.419899+01:00,dea88312d2bd091c8e44605278085ebb677ededcdd50d604201613ebf4858a29
6691,0.09541924778009547,2026-09-18 08:15:19.419899+01:00,30423e2be65835d8f15b605d5585fe0bb92b0eae54abee5037dfad1e47499131
6692,0.12135501447266453,2026-09-18 08:15:19.423334+01:00,9d885f4c89db60bd1f28d279d3a403d8eb268f079b7db25d2fc8b8fd9509da64
6693,0.0789240215605282,2026-09-18 08:15:19.423334+01:00,f0fdf19c8dfec352489a85cb0ab6f639ae0b8cb6995cb84dd8dae76d68ce9b2a
6694,0.07337116739987697,2026-09-18 08:15:19.423334+01:00,def21e639cc9e4c5f4c48115e4796ac9d774f7db513604755dbe9703bde5ff3d
6695,0.05040750930417538,2026-09-18 08:15:19.423334+01:00,c4ad3789992fae26d833c8ce43efe2eb7ca062a2d87c59cf806615582572c26c
6696,0.03308159668313901,2026-09-18 08:15:19.423334+01:00,543195d108f4967c1e3a76744c3c75f0b442731e48f7e94cda56b0ab0b3340f3
6697,0.39083567234917643,2026-09-18 08:15:19.423334+01:00,7e3eea45b30ab8ba543544f9d1c61b9bda39a255738f9ca0a0b042e767a9701b
6698,0.12614918449183835,2026-09-18 08:15:19.423334+01:00,f3cc6e7097bc0d0e47bd793f8eef7819a1bfc1697d4291b1b08eadfad80d757f
6699,0.12587583373860112,2026-09-18 08:15:19.423334+01:00,7ceea07c6bd613818e5eec4093f4c17bf81bb3f4a2670dfeb7a9705f4229fc2c
6700,0.033843755473124494,2026-09-18 08:15:19.425340+01:00,81c0c4fd53344e7faae341ce6f307fe58dfaa266361ac14bd54460b8b9435a30
6701,0.06638714661636519,2026-09-18 08:15:19.425340+01:00,a45799fdc82bea85b85ab3f06c1b4b8245a10f0e4b9a66fb447a1d09161b9bc5
6702,0.03290361828071725,2026-09-18 08:15:19.425340+01:00,87d9730b576c2f5579e373ae65e67771a972fef1cbcb101d7dc979f817d2e724
6703,0.03504206289744315,2026-09-18 08:15:19.425340+01:00,0af1400c65e3c4ff7318bb2e650d82b870d9682fc43e1d23f13abc5ddcd2e093
6704,0.05172263865576622,2026-09-18 08:15:19.425340+01:00,3cd5be19d9d4223a0b0eb9717747bf76c856ca59afab9806c133adaadaa3a719
6705,0.057829975219132336,2026-09-18 08:15:19.425340+01:00,6ad5fba329a8860c61b8d8fa715e64511c9fef5e71d5200f685da6a90da1f5c7
6706,0.07712388617799723,2026-09-18 08:15:19.425340+01:00,8400c9c89d409d3d00bb99264bc4f25d7d66b5b29446ed8ef906befdcfeba23c
6707,0.04212101951133183,2026-09-18 08:15:19.425340+01:00,34a40374f43f352decab82f4f85f13f06e9a6e91a62db96f8aad1ccb938b774c
6708,0.13755040392958884,2026-09-18 08:15:19.425340+01:00,2cbd357c670360fff19f436a487ab9ee73687bddc73c06b315896295bbc7645e
6709,0.14531010017205245,2026-09-18 08:15:19.425340+01:00,9b7450322bb4dab8c891ab9e0149592316b0a50f5cc2228ea44812287642f107
6710,0.09419660036298724,2026-09-18 08:15:19.425340+01:00,32d0a8a47f2eddd6c39b5b7a8f2af05fb331e7ccc8301b7be1654111023ab3c9
6711,0.05013694479623577,2026-09-18 08:15:19.425340+01:00,b819fffae29a5106eefec4921bf2182495c9d88e234b9b25b6c4b5fcd669d24b
6712,0.10135203292975137,2026-09-18 08:15:19.425340+01:00,1b2caf69d203ef15a9490030acab23272c517073cf1ea380bf13dee13a5e1c94
6713,0.021438823033360976,2026-09-18 08:15:19.425340+01:00,63c2df703ffad90708fb3ecbdaa01b0c3d811ca89667af45d3d88e8a443e6359
6714,0.05304099194414583,2026-09-18 08:15:19.425340+01:00,0c8676468067ef855b2cfc72308e7091b1a6e6589772531580f042db61c3d724
6715,0.02025525121066857,2026-09-18 08:15:19.429627+01:00,055513585883942bce6f1d1b9c4e81f62c440cc193ed949ef7a762f20ec005a5
6716,0.1451464604231164,2026-09-18 08:15:19.429627+01:00,604983be7cc8bb12cc6c1fe1c433e50f340b1cb7ed6e9ebe347309a97ac50dd0
6717,0.03481088477567802,2026-09-18 08:15:19.429627+01:00,e408cb060aa0edd2d0b8ef86470267dbdb0f73533903569316fd48a4c813b277
6718,0.02870964935443295,2026-09-18 08:15:19.429627+01:00,14b1aa2cbbcc0948e1d660b28fc538e6748fe4861135413d6f0fd37a2e964491
6719,0.04096360670301718,2026-09-18 08:15:19.429627+01:00,78ff1e7b8c0d458a7635861f790c31023876de409444ce74d8c3a74d465919fd
6720,0.06388082829211976,2026-09-18 08:15:19.429627+01:00,04fe5ff490f131298af03cafc50ff43244b970f42a22e6c996d987e32a68763c
6721,0.06594014120856807,2026-09-18 08:15:19.429627+01:00,7dd5d6cc49f3d631116d756d51cf6819ed3759205980ca7b0e97d3cf6d8131e7
6722,0.028646850433331303,2026-09-18 08:15:19.429627+01:00,9ac95f044c07e791d4fab299c9f62ec7ae071c16617daa2889352c1f5831973c
6723,0.08585220681323297,2026-09-18 08:15:19.429627+01:00,9feec43f7b986dcbc3e4799edc23a90cf2c2b6da881635f6929c5f4a8579083c
6724,0.1271318425146543,2026-09-18 08:15:19.429627+01:00,aa6306a06cde24af1bd9fc20466bb99cec9c783ba06c5c8a5c8453909a825d76
6725,0.12521660765616205,2026-09-18 08:15:19.429627+01:00,1ef4262e0901f591ac6d329913e98d9627defad1cc2bf4da711edf35c035b6ef
6726,0.055645847260884444,2026-09-18 08:15:19.429627+01:00,382e3ee69e3398a8f1d464b76d2cce9e7c19d604f2ff3ba821357f92b2b30a86
6727,0.09714996574497553,2026-09-18 08:15:19.429627+01:00,5b7e7ebf7f78fdd13ab6c82ff379b835ce9e0af1a7bf0af4cd62117120d5ea84
6728,0.031376963899335225,2026-09-18 08:15:19.429627+01:00,f3faf9490b7fdabe546587f682de466270a21b2004e3d221bdab758afd8a10e8
6729,0.04927289370982322,2026-09-18 08:15:19.429627+01:00,00c24dc3c7ca5f7e0a073620e06c5b816750027d1136001679c843e438c58fd1
6730,0.027609377179888143,2026-09-18 08:15:19.431891+01:00,03cd641a509c9dabcff30a7ec0748a5809f4f2d7614a782f8a84e04b4f8802c3
6731,0.023929027303720304,2026-09-18 08:15:19.431891+01:00,091768d4c9bfe73e6ed896adffdce4089657189338aa96d9db09495830459bf1
6732,0.0344671919933974,2026-09-18 08:15:19.431891+01:00,48bd003e11ce4b24a85bcb00d0a25282b05c3e487b1d47d0890b55d94fcec0f8
6733,0.028887392946260092,2026-09-18 08:15:19.431891+01:00,218fc794bc18a0018b3f0e0fe8f1fd42d2d3452543b086a8e8920eb7791e6fcb
6734,0.03421189937451965,2026-09-18 08:15:19.431891+01:00,83d0b3e937499b9a364178ef9cb449cb23f717cc5a49114a377e819d77e52d82
6735,0.021529383201507515,2026-09-18 08:15:19.431891+01:00,f910fbfa1b83359125518e01ef830bddab1e969a3265e5fc11ab35b6fa66ebbd
6736,0.01648544830605491,2026-09-18 08:15:19.431891+01:00,8d57e2eb27ca3bbf670fc4dd67b332d0d1c346d9afcc78e3c9552029cf259012
6737,0.04352490196471209,2026-09-18 08:15:19.431891+01:00,b4ba852fae016a78a5d440119014496e548aea813f1848fa0f6aa20d76986614
6738,0.03305975743042293,2026-09-18 08:15:19.431891+01:00,6f429d83e5d8c9be799278c3cf050349dd36bf03d4f8737ead859003e87d401f
6739,0.05595869308238665,2026-09-18 08:15:19.431891+01:00,44ffcfb8ba2101044a3338a684ebb1c03efb309b10771bae7b415bda22bddd28
6740,0.03680219510695027,2026-09-18 08:15:19.431891+01:00,f025b794df4a3ab73023e194a13e1345631c673b9a96f0fa137a95edba88c4e7
6741,0.03321843932726522,2026-09-18 08:15:19.431891+01:00,950ea3d9373c48144a0c0caef69610346ab777f9728d0806af869ec0b7c069e4
6742,0.04597344439713846,2026-09-18 08:15:19.431891+01:00,033e835b913e82a8d36805ffe71a739d446f989961ca11835d3ba130b5c7c74b
6743,0.0321491665048172,2026-09-18 08:15:19.431891+01:00,c069a34613742c590d2b51506ee446b8748d6feb0cfb2b868e5ac0181483f49c
6744,0.06045802096477596,2026-09-18 08:15:19.431891+01:00,5669843969f052ae8603827b857873565e024e73313ec0f6653b508a54ee1505
6745,0.09305595032313906,2026-09-18 08:15:19.431891+01:00,a035ceb22874a1b0ec126f4e8617b9129299d6eafe52ece52736a9d33c922540
6746,0.04606135695672549,2026-09-18 08:15:19.431891+01:00,fedc1a9520a0273ae0d05da998f73916b92289ac4357aa3a6bdcf901d18ffa00
6747,0.04875663156912188,2026-09-18 08:15:19.431891+01:00,e54cfa2e06d809702972ba72a45eb5ff9f5f1fa1e89c7a42c23cfd7afedd44b6
6748,0.0476572270276706,2026-09-18 08:15:19.431891+01:00,6922ab4368bf984e088389e38e66d0fc02a8237e7be2f93ed79b068bcdf928e1
6749,0.024069943285510376,2026-09-18 08:15:19.431891+01:00,bb3536628fc74cb01dfd252c9ab0cd60fcb933fcda80ba3e10a5b73d7c78dfa9
6750,0.027959601279087455,2026-09-18 08:15:19.431891+01:00,4b8bd5ebbfaca07d9090a66320607d91918f154aa80ccea13ef0faa1f033f015
6751,0.03276917580033715,2026-09-18 08:15:19.431891+01:00,ba633cc0d3c02e71a7175e2200ef40e4ff59c3790f869af3a74b3a3ceb0aa4a7
6752,0.10284494562826245,2026-09-18 08:15:19.431891+01:00,d538bdb5a9427fc0ba9d6f2204a8575511c14ddb6ac5d8247abc74c398b8bc8b
6753,0.030661232640620185,2026-09-18 08:15:19.431891+01:00,168d82eb137a96c658c5dcbea9b9fc1f85a33924b8837c0ba090b5116a8e8ce9
6754,0.01789959640570857,2026-09-18 08:15:19.431891+01:00,ae8f282c01290e2b22edd52f097aec4e1b82c0ed1a7966a32f7c3a1ea4f5b55a
6755,0.022429517811704176,2026-09-18 08:15:19.438023+01:00,a7b8b160d203eeb15330a7175cb433d2a738a90da55d1c64050d1c67440ade0f
6756,0.019889709408066444,2026-09-18 08:15:19.438023+01:00,1a0fa761ee62cc8c5c44e407b2d7f3a1e6f6ea9a06bcbabf49cd4e9ca31316e3
6757,0.035136819707154175,2026-09-18 08:15:19.438023+01:00,eed4a9925caddc87883edbc813a110ed9c759361d58d3870898de631171014f7
6758,0.0071016194700531865,2026-09-18 08:15:19.438023+01:00,5ee190ae9e3607a9a01769a250af2c98768381fe800b5a806e4af6fce6f0f891
6759,0.03828078271258099,2026-09-18 08:15:19.438023+01:00,cf0112bfbd73801a620490a69fd87d2f484754ba8f45aa25c43e3a5179b734df
6760,0.023476608029395076,2026-09-18 08:15:19.438023+01:00,ebffdde9ac008b9e8fc131b234216a5f6fedc0065d1a5c4c575cdcf163bee0f5
6761,0.013347017683154877,2026-09-18 08:15:19.438023+01:00,5be03fc187212f2e49ac81bdfb62bc0916c952d53fea5c481a6c86076361f4bf
6762,0.04635559806163869,2026-09-18 08:15:19.438023+01:00,44cee4db33c9e1485ac1dba8dc8cb8bacc667b7c48471cf4f5d1a7f58ab359b0
6763,0.03317869284424815,2026-09-18 08:15:19.438023+01:00,8f53b4abc355c6f04c4a4452afccb219bc350428b07c7b125843cdee074de7d9
6764,0.0461243873260442,2026-09-18 08:15:19.438023+01:00,7d97892a77020c5b39c2f84a30b4660cf953e341725a8d62af5bc9ac250ba30c
6765,0.0317897269733211,2026-09-18 08:15:19.438023+01:00,7d3fb1dca2edbf0ac67351d262a54061cd64f9aba9cda02fe4061358f6276314
6766,0.044595647344805325,2026-09-18 08:15:19.438023+01:00,d4cf0bd5706f9590e725a7c4a46d2ad20a834d3744b8e5581fa934a0d6f8172d
6767,0.06142419283208286,2026-09-18 08:15:19.438023+01:00,809f7a67faa1f7c3140fae082af8fc614bea83472b9249fda433817835700450
6768,0.022641949473418563,2026-09-18 08:15:19.438023+01:00,ec4ad3a538164ce6e4dcee0db108241ab51f1a0e9bb02e3cb7e81fc1186c9a56
6769,0.06341231888687396,2026-09-18 08:15:19.438023+01:00,b7959b980074fbdff8aaa877dbb765fa2c4b67fbd49c26427cb67b25c938832c
6770,0.06028161081986305,2026-09-18 08:15:19.438023+01:00,944cd04e60414ac8bb951d7e696273a4a4295d0b3e758619610ba78a05de96f8
6771,0.03726168358684777,2026-09-18 08:15:19.438023+01:00,6ca8785f05f9c50060664ca8495cff7be43da888d430d1d8fc84904707f9be0d
6772,0.04404983720247288,2026-09-18 08:15:19.438023+01:00,1398017f17b04e745621f73fb8af90805cf768abaf5e907fd2a7c37c1cc2d375
6773,0.04849502203799665,2026-09-18 08:15:19.438023+01:00,651b3b5368faeb03e7c9c5a37876d96aa394eb566884f985dcf2ba8a5adfb159
6774,0.023502309959376074,2026-09-18 08:15:19.438023+01:00,ab18d3e6daaf4212f7ea367b3f4754327c175dbf65ccc3d9b339103f79fd3e90
6775,0.023806462143204754,2026-09-18 08:15:19.438023+01:00,9f607f033ab61717020c3ae5f73471a37d60b9f34956974b0ba0eeb32728f9be
6776,0.04927350240007083,2026-09-18 08:15:19.438023+01:00,75799b3d4890db0d123c0f064323f6219a2d0205b2e86a9dc313d9a0400fcd13
6777,0.1345369580569966,2026-09-18 08:15:19.438023+01:00,b13c07f8341ab75a95e059beb674f8d6e89db0537fed8bd11120da0761f52f58
6778,0.03067359879228719,2026-09-18 08:15:19.438023+01:00,a54c7f69e24d349e8ada9607eade8c9d5f65b72a49a40e44dd4f59fe46745c1d
6779,0.03893442643634253,2026-09-18 08:15:19.438023+01:00,de0a16f0db3aec54a48f4e1f06bce09c5ce45cd8dd4efc805d178787db1341a5
6780,0.05159257067480267,2026-09-18 08:15:19.441473+01:00,c45cc626d02f20cace269ab7cda9347a8a32be03d8a7d060d8a4787ef6d67416
6781,0.04961242797110025,2026-09-18 08:15:19.441473+01:00,857ba2a7d9a81c792f721f672df1c2a26bcd32094b8a45db17ce41b66bbb2037
6782,0.12225918168370704,2026-09-18 08:15:19.441473+01:00,f5dfb0d36dca3de716ea3eabca80db76b849f393c4fe4672afedb6c6d4ab1008
6783,0.12427573584817947,2026-09-18 08:15:19.441473+01:00,f7a5c5f00ea37664bfcdb3ed3244800ff4afcbfa3420b676d2027605ca1ffe58
6784,0.0502174536703971,2026-09-18 08:15:19.441473+01:00,f69f9850603cf01b733c861d6b0a7eff2d0278c52d8499fd54ac65b1b7c51a73
6785,0.09568044309818258,2026-09-18 08:15:19.441473+01:00,4720860731cd842a386ca8c50d0a2188e3d6cf70e83cab612c9e32b62fbd6c97
6786,0.17479421108661833,2026-09-18 08:15:19.441473+01:00,8634039945d3df120a4f17c83f961173c1fe523debb6f10c60befe5659a2950f
6787,0.10956482370035422,2026-09-18 08:15:19.441473+01:00,ffcacfbfeeeb80c8505638348853a24a89b9a0d4b72e1b91964df1c824cd9b4c
6788,0.09482233975072932,2026-09-18 08:15:19.441473+01:00,7a490a7a8c822b1f02f449e792ef92ddb2bbae0ad20f05930994cccaea1693e2
6789,0.06585289990387198,2026-09-18 08:15:19.441473+01:00,f27d5cde59bbd80f00b864fae18bd2fe7cfb2723d1f752c1c0b105c061c64d73
6790,0.06132791261205707,2026-09-18 08:15:19.441473+01:00,d9c6029da479167b7033fe28fc796230a191a9e647abf68347bc966b19f7d2c6
6791,0.05784509427468262,2026-09-18 08:15:19.445366+01:00,b2d8bc2b096212ae9e26d860df39fea9196040c4fb192100215673dfa9739d23
6792,0.04206044163651605,2026-09-18 08:15:19.445366+01:00,cce1b8b5224bc4cf3a7640ea3b7d08feb24ff3bcfe7e5573a35a4629ff05b051
6793,0.09450933493416791,2026-09-18 08:15:19.445366+01:00,add408a55f531456cff651dc8d533e70410739a684bb6914f1c8a8a3728e76c7
6794,0.09926144450908167,2026-09-18 08:15:19.445366+01:00,e51e523bc65915e4507bab36a4494b208603083b1687329671e406010931ea56
6795,0.04581799204204888,2026-09-18 08:15:19.445366+01:00,f413048b7a6190aaf88d7648d47b0490b19d70c3dc10117a4c88a7097a8f147e
6796,0.09042892981226629,2026-09-18 08:15:19.445366+01:00,e714f8d9644d537fdae9018c399e28b856eb8c5dcc7fa2a08b45bb5ffdbcb71f
6797,0.16887792550220776,2026-09-18 08:15:19.445366+01:00,d5d3a858a9a0e9c3eb47761774e4492a2fccc0903fb425f48d653db7cd76dd5d
6798,0.10487764217881335,2026-09-18 08:15:19.445366+01:00,08f41174d0171335e168b31498d84fa1f32f7961775a25863c1deb71a04f6657
6799,0.1027712119514134,2026-09-18 08:15:19.445366+01:00,658a80b169836411634798dce67aa59ac1addac120f87f38006cfd37efacfcd9
6800,0.12145339536284917,2026-09-18 08:15:19.445366+01:00,e45277e5fad67d80f77a7a797d4949d180c2bff175dad1e11497b16575e2ae35
6801,0.0720965877959529,2026-09-18 08:15:19.445366+01:00,e8bfd07cbe3745823f11d8021801272049c5734292fbec537e7e37a5caf9504d
6802,0.07556193667711239,2026-09-18 08:15:19.447120+01:00,b02f39f65b3f6883000e63a7fae7104f80bc05eb09fa1a91547be95d8a692392
6803,0.17999702757155236,2026-09-18 08:15:19.447120+01:00,1dde47b4e69fae55e9596f4814885a661eab2cc2fe3d83af93c0530e9c82230c
6804,0.08286039902012118,2026-09-18 08:15:19.447120+01:00,4b253648ba777454efa27a8684575b9c5ac28e12f74d067a720f3e279f89e9fd
6805,0.060363613850345915,2026-09-18 08:15:19.447120+01:00,f4269b5cf1fd9dd0ab22a060a035a12dfa69ac9a7297eedd47f11b554528d787
6806,0.05526018530578817,2026-09-18 08:15:19.447120+01:00,9775406de8f86f2468bd81f291947129ab86b2766a2fd42eaaabbe480b4affaf
6807,0.10368348435497583,2026-09-18 08:15:19.447120+01:00,03adfd7ac39e8ab5bca39c0e5832bee33b58668da35d059118f9b61284a529b5
6808,0.03608085461462323,2026-09-18 08:15:19.447120+01:00,57e6c18e13d576749531c0bad6718176d149525fbf8add6a2c93fc2d6939aa2e
6809,0.06529523084107106,2026-09-18 08:15:19.447120+01:00,9bd2e9b8b85ee9e10415fd216014fb37d1c746c4e2b0eeadbfb261ba34bd2ac7
6810,0.046297959534559466,2026-09-18 08:15:19.447120+01:00,afd2f5b57076d3d61d7e26a53559baf7bf6ca30f56b17ba6f944c2069631a683
6811,0.04212216779175344,2026-09-18 08:15:19.447120+01:00,2fca27327e58b0baa66ef9a251a5eea6ebd5f7c1b080da824690d3095b18e64e
6812,0.06615849963312544,2026-09-18 08:15:19.447120+01:00,77e8bb54a1bfde1d9eb9d5bf1c0269480f64b2fd2c2ed23f5d3ad175d1b53eaa
6813,0.11865425431846867,2026-09-18 08:15:19.447120+01:00,6e996e056972136d64159584322590ba191463648c65d0597768b8d2316ad297
6814,0.06766438648650276,2026-09-18 08:15:19.447120+01:00,d715d46d2bca2e9c193979d97cce426e203c2d42965c9eae7f50641afde5872e
6815,0.1574114273577552,2026-09-18 08:15:19.451008+01:00,8d37d6dc70ad7b614ac5b0d621e6c52306b264a427b8b7d652dc09260f085dff
6816,0.12705454506615002,2026-09-18 08:15:19.451008+01:00,ef0eb478c6cca1996b9f47b23737e399032d883c43044737d8a94215f108528b
6817,0.028428481220393802,2026-09-18 08:15:19.451008+01:00,d8d35349b5102718d92a6a92c6f2f3de8411f3a1563c6b5cca726424539dc88e
6818,0.11379588041863259,2026-09-18 08:15:19.451008+01:00,f0e62dc68349ac1ed7a5396bbd60eec3d9c4257690bbe9c9a2380810eb50efdc
6819,0.043042193714025526,2026-09-18 08:15:19.451008+01:00,218b02be6c0ff02ce821d5641fe72c74c21f0808459d5ef2d7b7592f9c4d09e4
6820,0.10904756750825105,2026-09-18 08:15:19.451008+01:00,473c44d8c826e55a75cccf30b1fd94a0e5a71ae31924ef99448f071d332f0945
6821,0.04588853839855185,2026-09-18 08:15:19.451008+01:00,a1a42dfa2d11271e3e8e39e686306cc920fb51457f22b85df9c1bddc9d807b79
6822,0.06475700287487766,2026-09-18 08:15:19.451008+01:00,3af23ab46dcb2717f9337719b6793f13fae8321b127fa78e55fd35098b2690b5
6823,0.07300064859760497,2026-09-18 08:15:19.451008+01:00,d59cdfe973df862b0f08a026d802d1eb6ed9e020516357b4936325965cd21bff
6824,0.025997340185071625,2026-09-18 08:15:19.451008+01:00,f74369bcc83594677cced07d89760d6ada90c84d406a5fdd6cd9d47d92881481
6825,0.08850878016998671,2026-09-18 08:15:19.451008+01:00,68bc69194c0369be57f2614c7fd81edc806c760ba40ba6cfb1dba3773020d460
6826,0.08235991437438007,2026-09-18 08:15:19.451008+01:00,4c54307f94e08ffbe67289f0c5c21f19de66214570c6413f51fbcd8a32ea8038
6827,0.040707680114318946,2026-09-18 08:15:19.451008+01:00,159780c93c66acd9298e9626d96acde415206240f1ac77de22d41ac11cc58f4f
6828,0.040646447736819906,2026-09-18 08:15:19.453197+01:00,d7ca0769a74e40e3334c5d576c273b73f569f873f0b099e7ee367b3abe8a204a
6829,0.04672346286692664,2026-09-18 08:15:19.453197+01:00,82bc7f72300343f00d53881b5e4f043d8f72ac890946fb889d73c88e31eea0d4
6830,0.15832991725954815,2026-09-18 08:15:19.453197+01:00,21f44b2a605be5046767ad2d0f52bfd451cdf3a9c2e2da753fca6138b1991e26
6831,0.07844641499125973,2026-09-18 08:15:19.453197+01:00,0e9c7640a6bbe4675aa229a69add77f9de5405c178d8846bdd5034ceb9b71f6f
6832,0.11072279947358597,2026-09-18 08:15:19.453197+01:00,7007efd1e19e761b49e42474f77fe46344be77997cf147d053d3ff17c09bbef4
6833,0.14932307996040192,2026-09-18 08:15:19.453197+01:00,23eb76d0eb17331771467b652b9d6b84ee6e0b5341dea2f91d7be9a008eefb97
6834,0.1775880828240992,2026-09-18 08:15:19.453197+01:00,f72a9ff0d274a24f8a55721352e7827b234ec2cc3bc6e4520f4a8eebc1725713
6835,0.14256474136595085,2026-09-18 08:15:19.453197+01:00,06060daabda91fc45a332d9fd57e3d8719947df6289d38d24cb30b0117813b6a
6836,0.09565505352140757,2026-09-18 08:15:19.453197+01:00,050f70e3d6c84894eed8e91234a3478cd79857269229896bedff3c865536f48c
6837,0.06152324600148444,2026-09-18 08:15:19.471152+01:00,ca1f52ff5496e0de8a3bf8960a97d3c46586238f15a65b6ab929d4c245fd86ed
6838,0.03027420949557747,2026-09-18 08:15:19.471152+01:00,7aec1113c025abff3038b8aab1dcda649fa5e2f5b487a90a09b2b64d66876a6d
6839,0.14220462356519162,2026-09-18 08:15:19.471152+01:00,4a8fffd9a54c6d64141c9823426dfbc62eb52c389769bfa086051238678a6edc
6840,0.09946838796041853,2026-09-18 08:15:19.471152+01:00,c8250cfe95f9faa0c5488e34eec0476403b9c67cf8b7c0be2021edd14be7c786
6841,0.11388530747985345,2026-09-18 08:15:19.471152+01:00,03d1dafaca7e8bc77f59766e0ef83237ef320b52ea92ba5819ad5300125e4f8f
6842,0.1687513728337579,2026-09-18 08:15:19.471152+01:00,9492b8d3fdc53fadf2cf561813444a3f785ca204e1537af9376ef7b0c85674ee
6843,0.13006924992063112,2026-09-18 08:15:19.471152+01:00,a86b207574359ec9ba4b7047be324d789ac1f566054d266e2b40e2311f256796
6844,0.15222663208515436,2026-09-18 08:15:19.471152+01:00,ddd5f47c341c17c17c8eb9942bf4778b40dd20f8240a77afae1177edc19feee3
6845,0.10159697065793122,2026-09-18 08:15:19.471152+01:00,0574853ef45863062a8d396f7900d7a64585a371d7d7e6a17e0bcb423d0bc494
6846,0.1345220868473402,2026-09-18 08:15:19.475984+01:00,769b9d9d2adaca8ca6aa6e7103a8ef419920f796d53a8a744831e3ad11888e2f
6847,0.12318918169030844,2026-09-18 08:15:19.475984+01:00,4c7b5924f4cac4ea011694d7b8f52594c02885028aa7df6fdacf831e510c6fe7
6848,0.05856126635015855,2026-09-18 08:15:19.475984+01:00,240b889edd57ce8983f6cbe48435bc86cf8b8cf7b9f172ac28ac728610a151aa
6849,0.11560202601912804,2026-09-18 08:15:19.475984+01:00,b962f9e06e2afa24a6d6cc93d295a598bcec7ce928f0091452b66acdc91397d1
6850,0.13699889531038253,2026-09-18 08:15:19.475984+01:00,996d645fa4bcc06d086bb07076a70693ffa5fc1a5d02da123a3e5d451052cc57
6851,0.13428294730655826,2026-09-18 08:15:19.475984+01:00,541493aacb561ef75dac23e7750beb2b45ff0f6e8a07db2ac01a019290df789e
6852,0.07036260163518372,2026-09-18 08:15:19.475984+01:00,d765290c464c85190c39733a041bfec71974130c4d55fa2e034e90226e4059de
6853,0.11623797365994512,2026-09-18 08:15:19.475984+01:00,fdf1c455cf336ee35cb1feea2de06e6ad339ad57c0206b1cb41cb4f40daf64c7
6854,0.11024302118099498,2026-09-18 08:15:19.475984+01:00,3421a23ca484d327b69ee2492216a802c67fa07c5c80eeb78f5e32dfec6e9ba9
6855,0.116451846222429,2026-09-18 08:15:19.488141+01:00,da59317aaa3603da9421f98fad69424b0543d7f02ed87aadb67322892d1f37bf
6856,0.10399306591499353,2026-09-18 08:15:19.488141+01:00,99b15c81d1d1cf01cb228454ee03a002268bb55fd3cac40f78983c9e967efb11
6857,0.054063406068424975,2026-09-18 08:15:19.488141+01:00,7ea2518e1ee9856dccf5c89702310315844881b839cef9c02212548da21c2dd9
6858,0.1456558120184239,2026-09-18 08:15:19.488141+01:00,ef9844a167042d2dca9dfb52766927553bf4de6b34d34928999add579bbe2233
6859,0.1775126355149852,2026-09-18 08:15:19.488141+01:00,1aa1ab316297016c3fd15896bb8becbce65eb8b41371dddef2ab89d89ab54e13
6860,0.12897545361154883,2026-09-18 08:15:19.488141+01:00,0e60126776f4bb3c1a9187b4ee1ceed9da7d27ceca3d10280d19bd077cdbc7da
6861,0.07145650520079705,2026-09-18 08:15:19.488141+01:00,7dcdae1be883cb941fc73834ce15898f4fc5a8161628c6039c4423361c9208a3
6862,0.12350042029917413,2026-09-18 08:15:19.488141+01:00,25cfcea2618867ec6a9059234f5993e97f9344c833005c316654acc36a7b5a06
6863,0.07839085514922343,2026-09-18 08:15:19.488141+01:00,1e32925e9d7c7161fac21b01dd6055b52c5049f0beff5de73e854e397cd51af2
6864,0.08333710594090354,2026-09-18 08:15:19.490175+01:00,2c65c0a10e5c24aa39b48083d72d7cd2a86822e7d1389edc0f8568f56cd228c3
6865,0.08307982776533311,2026-09-18 08:15:19.490175+01:00,f43907a7a14861ee58aff3b1d7cd6c688603bd519e69115e64de59b008ab8aea
6866,0.09075392253648053,2026-09-18 08:15:19.490175+01:00,130dba61a6d720e49da36f4ebc0ea69ac638bcbf28cd2770ea81ec7a76149026
6867,0.07227195968159478,2026-09-18 08:15:19.490175+01:00,8c474574561abd7cd84b54c218c3629e4b7ecc1ac4d643529beee7e55921bc93
6868,0.06858472583640711,2026-09-18 08:15:19.490175+01:00,2cfcbf34ef3e58e35178303f2452a11babe17ea86b733a82e2eac10a6331750e
6869,0.09934004314398337,2026-09-18 08:15:19.490175+01:00,1b0ff4ce8535d1eb6b41f92eddfe552a6ac5f7d8b8b8631294405642f490aaa9
6870,0.16487190608483046,2026-09-18 08:15:19.490175+01:00,8c1945c16a1bea4af560e963d2fababe717cd8f866b6d683c5c2abf2ba38061d
6871,0.06614727862485038,2026-09-18 08:15:19.490175+01:00,d84ec2bdc78be631538335735d10fdd5a253a1781f800883d929df77e8441076
6872,0.10565487009995728,2026-09-18 08:15:19.490175+01:00,fc20bd0ffd8210fe24a2065838955ea8fdbf72c3e85e9e77126673861ce5b8be
6873,0.0543392605841887,2026-09-18 08:15:19.490175+01:00,44fdc45de9d673a1ab19d5973c5dbf37550b95c12b5602c71769e5db30781afc
6874,0.11161909970147067,2026-09-18 08:15:19.490175+01:00,cc34b539f2328cc1ca071d4216cb1ad9fbf0b313fee3f9a074c23455efa0ba19
6875,0.1025733821749637,2026-09-18 08:15:19.495557+01:00,d51e701b3f68203066a76e66c728c31ce055d20430789faadb3c3429e1880e37
6876,0.09483714660494766,2026-09-18 08:15:19.495557+01:00,c7cf5341fb8c5041c3bd9fe6ae85178e7d9535979874f64087560827c4b4b7af
6877,0.11175116463423519,2026-09-18 08:15:19.495557+01:00,0f221127ed8f59ba7a576def4a8ab30d87888f7f6d428c2f387b491cc389bb16
6878,0.065314787964655,2026-09-18 08:15:19.495557+01:00,6710ac81e70f4c936f4d70b63c72c2e8ace4fbd29506af669899f9b70a22bbe8
6879,0.0745327384475519,2026-09-18 08:15:19.495557+01:00,db23602d44462c24bfc83b4a70d986c9697ba1d878dc0d729305cd1cc448c8b6
6880,0.10276429447883016,2026-09-18 08:15:19.495557+01:00,64e835b1cfa759afa7ffe2d9d996fbd1772ffee6404e9f55303cbef4abd11f9a
6881,0.14312288085154196,2026-09-18 08:15:19.495557+01:00,5004e84cfb99bf6ab4bc579e1a0ce64d688938a638857c3fe5117d60849c604b
6882,0.04039245284759149,2026-09-18 08:15:19.495557+01:00,dc1cc1662e80144148a0ab738c11bc5a5a9808c575707332e41d7d4d9453c288
6883,0.10415232877667838,2026-09-18 08:15:19.495557+01:00,71fb111fa5fd59df511c5142cdf9702e15f542b1788849acb9acc7fd77377d58
6884,0.06947786263417288,2026-09-18 08:15:19.495557+01:00,46a1bb083a828f2ccddac2443db0347ee436c4234ed85963613f158f12d92976
6885,0.09108096058483182,2026-09-18 08:15:19.495557+01:00,1a86d6784d65d25ec056d7d48e682754ade12035cc8857aedbc7f91ba0887a3f
6886,0.05528107738943866,2026-09-18 08:15:19.497445+01:00,94547dee67aae3113d019f5399fc104ecfaf9e129e377db9766e45985ecc89c0
6887,0.059695642667383544,2026-09-18 08:15:19.497445+01:00,bdca9f97e9e63cc03f855c8814779ab984de0253017926700a89875e29237d74
6888,0.047623951649325875,2026-09-18 08:15:19.497445+01:00,fda2a78bc87c27ce98db519727c92c6e1d92b3da2743ad8a8880b0c2b97b774b
6889,0.054177005131855076,2026-09-18 08:15:19.497445+01:00,e2a7bc638b5e23a54b25e7c20e86d240c2058b8921468d17bd945b1dd70b1156
6890,0.06603107876283416,2026-09-18 08:15:19.497445+01:00,db0d82fbdba22d9dd5af84d350a086e5e1dbafc2a2c7f7186a3e31676b615d0e
6891,0.040273794625758204,2026-09-18 08:15:19.497445+01:00,b9e5d1dad0d940ef97e556cebbf7f67795a211d1f4d349deda6723bbc9e6f9e1
6892,0.047101898393947086,2026-09-18 08:15:19.497445+01:00,ce963b0029402a301d20e9feea843512d8a745347ef52c199be4d465c0f0b1e5
6893,0.12432645436917851,2026-09-18 08:15:19.497445+01:00,dc188dfbdcc49490e6a16d857e03756e1d8513003dd1ba1183bbdf4f61044037
6894,0.055944837503094653,2026-09-18 08:15:19.497445+01:00,452e8af92ee5001707d3d4f85707cc3c04ed5576a171dd1baed72093f61ff86b
6895,0.05310654932901111,2026-09-18 08:15:19.497445+01:00,0ca892bf14213b947d244e3f163cb07038d1e6a99087c028dc7540b4d763a5f3
6896,0.054689930833920083,2026-09-18 08:15:19.497445+01:00,673954a18e0a8743783cc24ca90b2c19c1bea8d673042339623d2bbe08b43174
6897,0.021174432668614053,2026-09-18 08:15:19.497445+01:00,26760da06dbba8d668e86fc09586d22bcecc0c858c8714ebf93d34af75d8e18f
6898,0.055495865054488155,2026-09-18 08:15:19.497445+01:00,6af9df37dd971db6ea2918a52b9e53bbd7ab81f6230534260b95ed53eff6ad7d
6899,0.08267364464777709,2026-09-18 08:15:19.497445+01:00,c6a15c6c1e25c6e513cfe9fb9e203e79a49b5227baa9ec639b36f4740f559ed0
6900,0.0914484935598594,2026-09-18 08:15:19.497445+01:00,bc4cad8a1a6f4beafd219ed7734b7e0a730bd1604805dbb5353c3b7b0762a44f
6901,0.04373837565956399,2026-09-18 08:15:19.497445+01:00,215c009fd3f624b75885866d360eb6171ac72bf067af347b0fc51f27fbcceb8f
6902,0.047216967753950186,2026-09-18 08:15:19.497445+01:00,2b2850b37fb01e8001558c568d4a58e1e2afc43b9fcdf4ccd90db0520a55c1c5
6903,0.059871029170046476,2026-09-18 08:15:19.502187+01:00,5682788c5ad8f19d834e76b1edd5612c47d1914551b7a3c81252ad3c5f13e085
6904,0.030659099634257145,2026-09-18 08:15:19.502187+01:00,43ccf93301b147bc059bfb673fd46ade80e4c323540540c9c08bdde383b1262b
6905,0.022335428725817886,2026-09-18 08:15:19.502187+01:00,4ed142daaacc875e0aff2fc061b2cccff51720e61a3ffd2a852f34612414c78b
6906,0.11352519357195576,2026-09-18 08:15:19.502187+01:00,bff90f608467db28eee1c9ea1ec9474b018222f76607316de2c18dfce555ee81
6907,0.04041744673938666,2026-09-18 08:15:19.502187+01:00,e28839cfb3d590d280c4eb87736289be5c0d5e5f790abd1ec3d1be6792623ec0
6908,0.050421407819661195,2026-09-18 08:15:19.502187+01:00,d7c446d8686e010c7baa9810620596d8bcdb19f7d9eeb25cbe456777b0b4538b
6909,0.03531238859193208,2026-09-18 08:15:19.502187+01:00,efa9112073cd3fa75fec59a182084d0eaa8ecb9cead4b59f520d47928d5946b9
6910,0.08667264989924944,2026-09-18 08:15:19.502187+01:00,2664f6f0949c0f5fbf48b7c561bbbcd63f2cfe6180e11870cd023762522634ca
6911,0.11361936214968209,2026-09-18 08:15:19.502187+01:00,e35253e56acfbc32d079d5f335c5307ac4196bc1bd68ef90e1fa21a755716d06
6912,0.033488758732955246,2026-09-18 08:15:19.502187+01:00,99549246513b3333cde4444ea2382f400e84d9964be4cf0e9c17d4b035846885
6913,0.036625740940674514,2026-09-18 08:15:19.502187+01:00,a32f48d18cf8133602b9eeac46efdaa700aeb4439e5590abaa0e3f9604115238
6914,0.014941229707704284,2026-09-18 08:15:19.502187+01:00,33d810b141fa809edf1ae02e0749c1f4dcc6af008bf6ec8eba00ac73325d0837
6915,0.020883112288128662,2026-09-18 08:15:19.502187+01:00,6dc6d6d88cbc38572bf507a8c655b556381c11a79a8405973a496bb35588cbb6
6916,0.09830084340741801,2026-09-18 08:15:19.502187+01:00,159478182486947cefc7c73aebc3610e610fae92f8bdeee67693642451e33b48
6917,0.20170821089035984,2026-09-18 08:15:19.502187+01:00,903ce729051fa73f620eb4b20f05f56a6ed889517313f8ccd30e710500b4d2c5
6918,0.012318622687347782,2026-09-18 08:15:19.502187+01:00,6b655a72d88f7ce803f79790ebd3fdb3bdcbcf84816d0e33c3704464a39b21f0
6919,0.028899475043422926,2026-09-18 08:15:19.502187+01:00,1d11d970a0191ee1db5bce6887737e981a3ef697496e2d6aebe6578b8d3dcf94
6920,0.06455843108465503,2026-09-18 08:15:19.505022+01:00,50eef3661a2a5861521b0de72f70f93392d4108a800cfa9eb6b81a6090446c1d
6921,0.07874648655647226,2026-09-18 08:15:19.505022+01:00,9007e87f8bff4bbcdc5ae3cb0d45fa929cc2b584a437c5ae925a5e9e0dc2c4f7
6922,0.011110377448437903,2026-09-18 08:15:19.505022+01:00,6167840319bac7ba450931bedf60430a5366d73cad0e7f3915cdbcb923037e0c
6923,0.039830281602983776,2026-09-18 08:15:19.505022+01:00,d5bf5e190722ae70f63ec8e4ddb7331ba03b461cb7020ddf9f9e36ae2be569a0
6924,0.014843624324491402,2026-09-18 08:15:19.505022+01:00,21bc92643d9c4d0310456f1ef6cd25edd6c446be79dbdf91ff1a1b83341a705d
6925,0.04316174805200474,2026-09-18 08:15:19.505022+01:00,4d52693e2033486003f70747ad8de2062fd9b0490af2874bb41c59485a39f958
6926,0.024804353913227075,2026-09-18 08:15:19.505022+01:00,164fc594e038662911b5e49099f4ae2cdfab9781ed8d0e1b5d93d7b841c01a73
6927,0.014391997249720106,2026-09-18 08:15:19.505022+01:00,2a3a37c28ecb64ad3a4e9e7e385c0ea671822130fa2978cc811841a9b6c00ee9
6928,0.04150476169049788,2026-09-18 08:15:19.505022+01:00,18b67b7beb32608fb07877270ffa1f8292a6311423ab1acd6831aa6e12cbc2f4
6929,0.031239758516772968,2026-09-18 08:15:19.505022+01:00,119c57fc5f0190118864113f23347f0f3203556afc7d4cd420426371532333f4
6930,0.02763776712123821,2026-09-18 08:15:19.505022+01:00,aadf263b5883ffdcff55a7b87d607d10c70b8b88396848ecfd2053461996ce34
6931,0.0395022077508356,2026-09-18 08:15:19.505022+01:00,7fd3caac46557f39dfab3464a2bfb0b15796ceb86159bc030d0cea73c0fef0c3
6932,0.04842077759275865,2026-09-18 08:15:19.505022+01:00,047981c6634de3a4aee211a3bd32ca0b0c0ed385bc7f1cd447562cab50ad5eec
6933,0.06179951599779038,2026-09-18 08:15:19.505022+01:00,9102c30de9e077f6d6bc85a07acd43850bd93d81b7b85a8f3a192a5f5397a202
6934,0.017311328080347327,2026-09-18 08:15:19.505022+01:00,9468176678be30488171475a558d04f72f821fe1b7a420cd5f048a1c79affbfd
6935,0.056840510615942794,2026-09-18 08:15:19.505022+01:00,d412d22b8d67309e85f32f2bddd4ca5f893031ebf682d625210c96fdc25731bb
6936,0.02602135080304133,2026-09-18 08:15:19.505022+01:00,bd81205519da144df0936616f400a9dac5bab77f543ed849e8147e8ad2c101dd
6937,0.025520961086250394,2026-09-18 08:15:19.505022+01:00,d0b568e2b1811c7324fb640b042199915d46551d8f3b3ca791355c9e7282cc8c
6938,0.025743938372307817,2026-09-18 08:15:19.505022+01:00,a82859ee1b077af8a84692c587c6c16550450ced792f1be7c7dc2486babe1681
6939,0.06298181760706413,2026-09-18 08:15:19.505022+01:00,a99f5b8abc778cd53bc9113ce3058826247929a412e2f1a4831a6a1b1a515baf
6940,0.042993739777609154,2026-09-18 08:15:19.505022+01:00,711783b441fd7146fbb65d694f764582dbc576d425e8ecdc9c96f2ce9960fca7
6941,0.05711525789126971,2026-09-18 08:15:19.505022+01:00,a81028547ef5538085d96f5267f85b2d25088bca97cd96181a06347653d9ed02
6942,0.04485036092785036,2026-09-18 08:15:19.505022+01:00,30f11f49fc0b4cd513fc71642aca6fa7c656bc5e10c6bc90b657ec5af9d3c9b6
6943,0.06299143875923563,2026-09-18 08:15:19.505022+01:00,d0025a8ee180ecc154105162428178d1fa39e6149ee071b73da0b3b21671612f
6944,0.036077207177195564,2026-09-18 08:15:19.505022+01:00,5daec12655968486b1044de986cf360dcc776b515007c2b1b42f017d9e86235a
6945,0.053770345065904064,2026-09-18 08:15:19.510386+01:00,e48e7c253fdb7a5710a673aadaf140611ae1bfded598844c7f9e7c5784b99ea5
6946,0.05183851818793168,2026-09-18 08:15:19.510386+01:00,1631ac92ddb914cf15ac5a818986f24a4f17c177b330e9cf297639a13e76c6ed
6947,0.007504688532709389,2026-09-18 08:15:19.510386+01:00,47744ca78cd943049c1545ae67d27146607173957bab3fd224dbe94b3dc4fb12
6948,0.024533708828377424,2026-09-18 08:15:19.510386+01:00,2eb7d04175a5ed4bec03a39ef8a44ce8c3e1b39840ffac671ea1ae3e75ff61ac
6949,0.011156806873193235,2026-09-18 08:15:19.510386+01:00,271b7c49f02bfbaa72f86cff6e9c6ae6e390e3415fa66be7be037ba98f241aca
6950,0.039887449655804624,2026-09-18 08:15:19.510386+01:00,67edc9c3063ab8b760a6ccffd36bef3328da298b9d2e213bdc9987097c2d0b1a
6951,0.025333719777829822,2026-09-18 08:15:19.510386+01:00,c40ec79a7508c5b7494a74aca0fee9e3908ae7a77b03285b94acb989fff17706
6952,0.008111429465749814,2026-09-18 08:15:19.510386+01:00,e19fb9bafe876cebc8100c218bc55b1540a32281c1523e683fbddd57a5922bad
6953,0.03670683312100268,2026-09-18 08:15:19.510386+01:00,644ce06899ca2dc87af2091392b20f540d4af2390998cd63e1f7fd8e3de2df68
6954,0.02992521569235962,2026-09-18 08:15:19.510386+01:00,bce77c182ebe47e9cec7db8ac4143c6a5679526afadcc7c526cdf97368686837
6955,0.0503813572946065,2026-09-18 08:15:19.510386+01:00,5d416b70ea8d77586efd4aa38763515c23b63b52f9464491449c8f054b23f4ea
6956,0.0354915912685739,2026-09-18 08:15:19.510386+01:00,dc2b0f940000a2b99a38fabfc61ba7cb7bf2972dc1b720e82389a0197dba9209
6957,0.09170114182788473,2026-09-18 08:15:19.510386+01:00,8c16b9b45c27509b38edcea9f604265e4daf0e7daab09239d4c0682ba6f43a32
6958,0.05954729909890704,2026-09-18 08:15:19.510386+01:00,3132638be5308e0b6c8cc81e7bdad4b887fa60f90a92fedcdc173c849818ed55
6959,0.011046194878274414,2026-09-18 08:15:19.510386+01:00,6eaff16b6634e2697009ba864a21a9c25ca688c0f7d70fcf4eb310ca3423792a
6960,0.06273861776312137,2026-09-18 08:15:19.510386+01:00,2496bf074579d11df2b634b262cbb6438f1e490a92eefe6a9122c52a844a569c
6961,0.019146327629106258,2026-09-18 08:15:19.510386+01:00,b777bd01c18e65b1af8fa47c7a7c7bfff011f51a180d60e15bc7eca6ce47c0b9
6962,0.026300602607400598,2026-09-18 08:15:19.510386+01:00,28198bdabf7b13af5fc361b50179fc2c55625713746327d7d6a3c82d03a5f206
6963,0.03335603485838594,2026-09-18 08:15:19.510386+01:00,00aa3f09916e8645de324715305aadd9fe9784fe8b90f35d984346b9e1f435ad
6964,0.11384806620219289,2026-09-18 08:15:19.510386+01:00,7f636944793412873baf4bc1a3418641b167d5fc1c5195c9d8e43bda07b8860d
6965,0.042550792148476076,2026-09-18 08:15:19.510386+01:00,1fbae96d74450d137e4fc0b6e2b8002da9aaf3cc97f815bfb134cdcddf022570
6966,0.053658461167656935,2026-09-18 08:15:19.510386+01:00,ca4a60efd0cece43aef207ee11ea9d3a2844f0dcaf53d838354467b24492a7fb
6967,0.026630605460288333,2026-09-18 08:15:19.510386+01:00,2f890ef33b5bcd6487f974a0524ca3c3053cf482a24f40d44dcfc712d80fc02b
6968,0.042965751449593144,2026-09-18 08:15:19.510386+01:00,d0b2f1d00c1e7902c9c653287f184697a55909e7f355e243bc16db8bf2af1707
6969,0.04186844114466966,2026-09-18 08:15:19.510386+01:00,0a8119b4184b2c9df14cb56a16a4693ff534dfb6ead37c101d045c903fb114e0
6970,0.116836157652442,2026-09-18 08:15:19.514290+01:00,21b80c8f0226bca173db2b78508d423f907f026e289f5487420c79c33326db98
6971,0.16037011793859646,2026-09-18 08:15:19.514290+01:00,1a1e56089d68e900e70122baa9d5db9326a00c79f9b9f3e2fd91134543de4a5c
6972,0.056748298480635014,2026-09-18 08:15:19.514290+01:00,4849e30a51821318ecb1237f42e98cb9490f9476b916a6716d3a4103b93b9f41
6973,0.15516651725970051,2026-09-18 08:15:19.514290+01:00,d20d46574b7e5bd76629aa52621609c2fabb290a6b676dfdacfb9c498fc40f26
6974,0.05001718016165804,2026-09-18 08:15:19.514290+01:00,322a45f7cdb1fbfd52f260c76d21f7ef9424b0611476279fd5850c7345a60bf7
6975,0.14396110532411185,2026-09-18 08:15:19.514290+01:00,0fd07f87f98fb49fdde83d1515aed873d9f138eab418e7985216a258c10fc55d
6976,0.08441687624248913,2026-09-18 08:15:19.514290+01:00,aff3943a035c64e4e0efe5bafde786b06cd201e76340ab7c44d10cfa294e5d28
6977,0.07870366039425994,2026-09-18 08:15:19.514290+01:00,fed290afabe4067f8b941b5e7654d67e1e69622598613d9cdc61a8df61f5037b
6978,0.15378008654610725,2026-09-18 08:15:19.514290+01:00,60cc566a2c754fa460654bef043da0868864713287b38ee718f418ca4b8626f6
6979,0.15128207989957604,2026-09-18 08:34:03.934879+01:00,6e77ecc4941806691e21d76375574fc69e91c815c894c878bc5bcdc511021302
6980,0.15387745885989185,2026-09-18 08:34:03.934879+01:00,ce8e5c60474d60579b74ee3a7b1ab407007678f538252ecf1cd4924dda600986
6981,0.039444348960903826,2026-09-18 08:34:03.934879+01:00,8b970fd42bce41af9d1692057675a151ed6f4124b65b0904b8a4d4e334b8fdf2
6982,0.10497801507702989,2026-09-18 08:34:03.934879+01:00,9946f93692b507fed585c4922d9816b6b9d74bf9ffd35a9456fa619d2a1ef525
6983,0.024078014999822664,2026-09-18 08:34:03.934879+01:00,68064da72644d0bfd86b50fe39da1453b292b5c2d64438fb88554dbe7576107f
6984,0.11872025285244792,2026-09-18 08:34:03.934879+01:00,74709d048127c7c2b0e709d64830cfe9861355aae829423da555c2c8e4046708
6985,0.09994410903921104,2026-09-18 08:34:03.934879+01:00,c0aebe200ac266bad5affa22ead0814f8c73ad9303c4fc7a72b59a9f84d8851f
6986,0.14006761548421412,2026-09-18 08:34:03.934879+01:00,c17ef14bb9ab1d3fcc93f908b2893b33ea063b68adf9d1ad5b56028bd7372587
6987,0.1676081048269026,2026-09-18 08:34:03.934879+01:00,0cd4f782d48c9783bb0159301509dfeb65f134e0cb37b0a8ab8f68532d0601bd
6988,0.06645157011400024,2026-09-18 08:34:03.937564+01:00,ae6786ab88781e5b9d9bf43835eded572bf92691daae626a495e4ce23361247b
6989,0.018671961459760092,2026-09-18 08:34:03.937564+01:00,90764b244c3b12ad3cbfad80557880d1101263cae7c998821d3227728f4b7864
6990,0.10730860922798276,2026-09-18 08:34:03.937564+01:00,eefc45e62f8a18a975eb4ece1aed223c6def769ba548d209797e80cd35493e4d
6991,0.09750397942919982,2026-09-18 08:34:03.937564+01:00,7c056482557f180fb12c4a290e8833f1bf1f434edcde0546ced032eded87336c
6992,0.13353549264507772,2026-09-18 08:34:03.937564+01:00,d44dcf7969e0ebe5ca2a9583bf27fd94bc15e567799ab474403784e112dea400
6993,0.07655827062537827,2026-09-18 08:34:03.937564+01:00,bac65e31150af212ad17dc89b3153373f2e421088c279b396232250e31e058b2
6994,0.05174987322161527,2026-09-18 08:34:03.937564+01:00,271aaffd7ed75804ba6efaae946c22d7de509993c6c224b690189242d86f972a
6995,0.08233504734761979,2026-09-18 08:34:03.937564+01:00,06cff60c1dd14f6b4ffe07dedd89ecfde472aaf1451c5ac21cfec0195d18b1de
6996,0.06382098555771476,2026-09-18 08:34:03.937564+01:00,c37524fc3c38719c281d7a9ff88a691c426a20e5a2a50ab5dd25c3f1a9e5bf49
6997,0.044083738019237886,2026-09-18 08:34:03.937564+01:00,d2d9d63abbed6c197bc5899603ddf4f5c88fe55e030d1b4511b3b8051a7d14c9
6998,0.08368768514618521,2026-09-18 08:34:03.937564+01:00,bd2a5eadf06a09f6696eeb76e1c6be90ba699171dc67c96872a00ebca53ac601
6999,0.045010446483162506,2026-09-18 08:34:03.937564+01:00,27544d0b52ee843fd58ef5b600b4e056352db9605799ed18eb119d1bdfaf8b8b
7000,0.04699331342022423,2026-09-18 08:34:03.937564+01:00,d69a1604f9f9821d136b84483eeeef70cd9f5a1d66478e16d95ccab390f5381f
7001,0.0480187782481509,2026-09-18 08:34:03.937564+01:00,ee8f48e31c18ee949a0da6e6a9ca5a7d6785b844406bc5ff8f3e9bd46f651652
7002,0.03427024905469038,2026-09-18 08:34:03.937564+01:00,55fddb4b9167cfe3a7029befbce9c69c392f3682ed69d561561c09560b49f78b
7003,0.0738137080819135,2026-09-18 08:34:03.958398+01:00,dc2dde03ef02a1f01bb726b0545ae815eaad5ea3c4ed076d5716aa27fed2e6b4
7004,0.030429317031631344,2026-09-18 08:34:03.958398+01:00,4c983b08710b023b5759348c4d5f105a17b6161340448a89649f19e174635a93
7005,0.05733364565075948,2026-09-18 08:34:03.958398+01:00,4735cc9c38e52415a4e26401b1242a4db31480e474603a09b232ab23c73ee81a
7006,0.16350542408197077,2026-09-18 08:34:03.958398+01:00,cd6147dba566222aea6625e80c5a126332f41e46ca2d8efc55d254ad2e01eaa2
7007,0.13272875537840648,2026-09-18 08:34:03.958398+01:00,257a83abf4c779fb527ea0ab64abcab24c7db42c939d3364fda91c67cf2f02ea
7008,0.06517318107150408,2026-09-18 08:34:03.958398+01:00,8c2e1e7f87a237af2729bf343391964b5832595f79a69847bee8a5604fa5373e
7009,0.05038281967013868,2026-09-18 08:34:03.958398+01:00,e121b50955222b0a4c8f113344c4e99729c9af9d6d990252c86f4c27f177397e
7010,0.04702585310147521,2026-09-18 08:34:03.958398+01:00,3c9878c714a73c3aea5f9990377a583d73e1116d6fd82946a21884e92d4837bd
7011,0.05519377140442932,2026-09-18 08:34:03.958398+01:00,df7c87383a14bf67833a639f5d24328949ed6e37d0f057aef5d00aace684d389
7012,0.04106881721829278,2026-09-18 08:34:03.958398+01:00,78241108caa3c68544a796fb3554bfb758729a1e9de350dd2a92a3869e00c429
7013,0.06938349997788644,2026-09-18 08:34:03.958398+01:00,fdf4227539963f3b3d822c170d5a45a014b689ca262ea35d35e53f75e1dfcbb2
7014,0.04116042802362964,2026-09-18 08:34:03.958398+01:00,f2f074a2983ad5f5014fcb4306e801a43627025b2e9ccc448e7737dde4fff868
7015,0.055756041100810325,2026-09-18 08:34:03.958398+01:00,54c1c36b62ceb25ae4fe467e8ec70adb5fc45c1ec8089b8d0f4a83e827590c50
7016,0.07006136031547129,2026-09-18 08:34:03.958398+01:00,999eacb78513bd8116f72b2967155150e58acb00afed06221ee4a7660628a46b
7017,0.04698337789168067,2026-09-18 08:34:03.958398+01:00,b8c38a7960c84a36c611fa584eeacaa771d6d8586cd4460af1d7c8fc4f984469
7018,0.031103419463480848,2026-09-18 08:34:03.962776+01:00,1865e6f3418a13aaff525521bec10c404dc32e2a9ffecf6620fb95aa4f2e9c5c
7019,0.028156779185586272,2026-09-18 08:34:03.962776+01:00,8260c44f95adf2e271e4ef425b165f623c7f8f6058d994bb4c7a6ee2e67facc2
7020,0.06997637178251183,2026-09-18 08:34:03.962776+01:00,e05cb42e6e225756bdfdc079d8946e25f6f84a959065274c76dafd66fa230062
7021,0.06030335951407096,2026-09-18 08:34:03.962776+01:00,f6b8bf35c6e74eb2536358ddcedd0816bc97448e6aff022c410dd0aceabd7bbf
7022,0.034932073656720984,2026-09-18 08:34:03.962776+01:00,e8042a5efeab031216563ef3fdfd006d70fe473c4c1cc28b757af596db9f5927
7023,0.025052283980039627,2026-09-18 08:34:03.962776+01:00,ac0b22f9998ff0b41462d3ad28681a8f18b42d03049d7c3e3e39a9f9cd9ff63c
7024,0.041841249642028136,2026-09-18 08:34:03.962776+01:00,23023b0aeb43e275e3679945cebc0c9363deeff03099e0f2d4c5bc95284050b4
7025,0.02579127074138776,2026-09-18 08:34:03.962776+01:00,285e3bd72722ed62bd489affd348b0c97dc1732316089773c70f9932e23fbc36
7026,0.0775575245532755,2026-09-18 08:34:03.962776+01:00,a9db7e3e53d8782950d325756382815baf88b98c6dba96885fcad9b6572b0b60
7027,0.07061927052604855,2026-09-18 08:34:03.962776+01:00,5f8f6c91903a7e06964b38e175f64ab4e8ebe56afd138ce1877c06af745b6f4c
7028,0.08462476845498922,2026-09-18 08:34:03.962776+01:00,488e9fc830adc94e3a043e1956ec73b376f9fe34e1d98e54dc80234120f92394
7029,0.06202756469509066,2026-09-18 08:34:03.962776+01:00,bc69c35f31ceecbb0c22b640d9ab099c9b2196905119a0b232a9d7a96ba733bf
7030,0.06867872805552008,2026-09-18 08:34:03.962776+01:00,6855559bb15f818406029971b13f2c534d68c48a169632b56242b9b612c1d2fd
7031,0.042218363531363365,2026-09-18 08:34:03.962776+01:00,3fc58e84ddd2d82cca5eb28b360dfa53d3fcdcd23df769c9541aece8150885dc
7032,0.04086049514693375,2026-09-18 08:34:03.962776+01:00,7947b5fbe97958a531c4a050a539f0eb00189645f6b5d22ce6e14d60a3c4ce17
7033,0.025064665179551925,2026-09-18 08:34:03.962776+01:00,b741f893f7198b3c6bc2f5178b7abb8f1d256daf33a206456b3deb2db8fd7d72
7034,0.10611357553660371,2026-09-18 08:34:03.962776+01:00,9ba19cd0e20816d5b1d44430e4e08d598d58cf6a5dbb591d5f9ae6c224f64cfe
7035,0.03043287360420148,2026-09-18 08:34:03.962776+01:00,48bd7198f17c1f2a7b05dcbf6b6f92de35800ddd8dad7e5ece405956808993fa
7036,0.02054156088145436,2026-09-18 08:34:03.962776+01:00,8b9f98e55649fe77eb8f404d7709a5607b76c8219490748808496db57572886f
7037,0.05410380186914098,2026-09-18 08:34:03.962776+01:00,d4c6686f5eae31d0b10a857052b6c1c90594d1f4573a9156f5667fa4307371ee
7038,0.015901483178361486,2026-09-18 08:34:03.989174+01:00,b0106acb26da87037514e6f3c7bc51aa9a506d350d6c7f2bab6f737a336a2c61
7039,0.019103300539440263,2026-09-18 08:34:03.989174+01:00,880f12cf0a12fd18ff060613ae51df071f3124898846bd2435884a2e78fe4f56
7040,0.07526173682091758,2026-09-18 08:34:03.989174+01:00,39bbd0c679ed13c4d1919eaa1f2b63b717e74fd087041f3fd46e60002df61e74
7041,0.10332839407539891,2026-09-18 08:34:03.989174+01:00,69afcb2bfa41435b4a307c56fe93d71282f88e35abf510058e7e628be2c5a1f6
7042,0.018667651045018743,2026-09-18 08:34:03.989174+01:00,bdefdb057491ff1dd95d48291db20d9931ed26236048644872e0c4505ae16bb8
7043,0.027084277340675863,2026-09-18 08:34:03.989174+01:00,327f9ec50edc15e6e17d6034fa900eae8ade3252e197579db1c0ecab4c498f32
7044,0.0278173806672502,2026-09-18 08:34:03.989174+01:00,6943a74720625ba7b26467d42fcefec927a5a7379fd048e42d8e76dc0f6e4e2a
7045,0.007909815498090457,2026-09-18 08:34:03.989174+01:00,8cc1d5dca249d21641bf1a3eb70386b70bcfd92e6657ecedf3b7a6157850ab44
7046,0.08635566812860886,2026-09-18 08:34:03.989174+01:00,0ba40f18a39e455b49d9ef8781fd534102bc38b8b879ec0a671ea293398d434d
7047,0.05314037136934486,2026-09-18 08:34:03.989174+01:00,a2d1bece2efc99f1072bf0ed905ffbf64ea086ff29b64aae939aa2479898ae5f
7048,0.05784479038265184,2026-09-18 08:34:03.989174+01:00,1155539a6bc39f5b50a742bc3f2d37600c4cdf83c5dc9297f3c8e5a91edfa17c
7049,0.03672196564711979,2026-09-18 08:34:03.989174+01:00,2683be2e279bfdc619a731008e26c763449d288567c11160556370ba33366a73
7050,0.06390540896103755,2026-09-18 08:34:03.989174+01:00,36b56166d668f0da3da35e2decca977a237ee698917daa26739fb1291a726743
7051,0.05241075319668706,2026-09-18 08:34:03.989174+01:00,8a326a296f2881b79c59eca73a1d3395f38bb10ea0d08dd1304f4b6443c7645d
7052,0.03402360789116836,2026-09-18 08:34:03.989174+01:00,9bca969988951923832e757ff5aea50cf04829d4a70b42d02770ebf7970ac639
7053,0.037032861725368384,2026-09-18 08:34:03.989174+01:00,891054ea377898ab1794bdc7534425a5e057ca5d47c5f7aab579b4f750d3ac34
7054,0.20092360079090996,2026-09-18 08:34:03.989174+01:00,2a44df92bdaeeb3d43f24578e4c7149333b58ba96f3ee0e4b86487272a969dad
7055,0.029734761718701187,2026-09-18 08:34:03.989174+01:00,2211b2440684b518298a343fb0799891f7672fc8a9440890b4cb4e328e2918e5
7056,0.017755957701813666,2026-09-18 08:34:03.989174+01:00,aefc86e3eac716f1e1c13e6fd56f502449f3685266037c0d2ed088665c8a5023
7057,0.03507621332143502,2026-09-18 08:34:03.989174+01:00,5bb9c96aa86febdfc14307500c44dc26b246c985b6239fb01e659b9a2d5dd5ce
7058,0.07001635573241012,2026-09-18 08:34:03.993483+01:00,62a2b3d792444a9f32c102e0a55fedb470634e2d4eef7f529c224719ead7416d
7059,0.09538332079907302,2026-09-18 08:34:03.993483+01:00,56f925f5525d01dadf67475e8f114eba30dbfdb88d71d3551b87dbc4ce8c1cae
7060,0.0445389474220423,2026-09-18 08:34:03.993483+01:00,caaca1e553bca2d5a316c1b4bdfa62c94ffc4b7b3e800c830c1225f5a716b31f
7061,0.11372621345943047,2026-09-18 08:34:03.993483+01:00,8cc78cf2c0afa9cdb12acdb0554cbd3c43f465e26c696e541023d61494684d59
7062,0.03823678924260556,2026-09-18 08:34:03.993483+01:00,afb270c7c3656a64a2af6b98f989561478713051160bedc84223297fb99dc2e1
7063,0.06922987052699787,2026-09-18 08:34:03.993483+01:00,e9e16212c361428b77ba7154ccac2ede7522ee0586da243259251cf12d370b61
7064,0.11218690076270282,2026-09-18 08:34:03.993483+01:00,4ee0315575632e74aefc56e853f6cfde1b37c7a340f73453ae4b646ebea82d6c
7065,0.07655890451263778,2026-09-18 08:34:03.993483+01:00,c129a377b9290a3cc5f587bb025ca29cb514112f93be522bfc603b96ad4200f3
7066,0.04630609880725118,2026-09-18 08:34:03.993483+01:00,b1ff91408f70fc7859b0d6ff39bf6d20e30fc4c927f8977c9eba1b6eea122457
7067,0.10308543858687452,2026-09-18 08:34:03.993483+01:00,8388c403c2582fa310d9104a6df3a95274cd22ad8e07dee9a92a0d9d7dd63a11
7068,0.04983804140601491,2026-09-18 08:34:03.993483+01:00,3be5d8b5c4cb93ef485e752aa8c82a448df771b237bcfce9458c8a00b26b2e53
7069,0.048329988678179864,2026-09-18 08:34:03.993483+01:00,460474d6838606810bddd850d2d8e07c069b71e173bdffcec5863146926bea3d
7070,0.039308848282915435,2026-09-18 08:34:03.993483+01:00,264356f4089feb191a862dc569398bd988dc33b1988d4d5af4be693a367c7a83
7071,0.09325428178086415,2026-09-18 08:34:03.993483+01:00,8b0a22fab76d50c30d1ba8a64c6379aff8f60272c31d0c37454d31ce025cf7d8
7072,0.06349438541593387,2026-09-18 08:34:04.015763+01:00,5d5574f38e7800d528f791ad05faa6f5a3da85e988ab13bec44914f4865cc1b9
7073,0.09945151712800145,2026-09-18 08:34:04.015763+01:00,01d3ffb0ee8f88069f5ddd85c8b6adb681942baeab78d5d736436635db3ed303
7074,0.037496187803020116,2026-09-18 08:34:04.015763+01:00,ad6f08e7ac4f5dddad0d4cec4e1344e3151bb2d42019f5c531e34662bb3464ab
7075,0.10657655023677264,2026-09-18 08:34:04.015763+01:00,2d6ddb7b299f3bc41972f012b85054c9eb3690dcd567cc5ed866e6e6ea6aac47
7076,0.04052197635159366,2026-09-18 08:34:04.015763+01:00,a2fa972b70dc6f391a545b2430f8ddf334e2f590446d7b06bb9c41f6005eb67a
7077,0.06677366271992648,2026-09-18 08:34:04.015763+01:00,e3a5f2c5930aa4cc31c53d3ad8033d09e56a1c60876c074081753a1d5dede7c5
7078,0.13553271925887464,2026-09-18 08:34:04.015763+01:00,d2e11b965d00e841d2f866446d1bf9cc681b3e24aa5e3bf96c4590b3f91b6910
7079,0.06409457684267185,2026-09-18 08:34:04.015763+01:00,b7b24d40f785805d5740ebe50f11805a446ee91eeaeaeeb2a22fafe6c81b539f
7080,0.04087150830860638,2026-09-18 08:34:04.015763+01:00,c79f452852d0cdbb58f375feca07635919d59e059de4044067f5f1ce99828a15
7081,0.1306948799954835,2026-09-18 08:34:04.015763+01:00,81db8d525cf3db904946d459c75222180f5390833f9cc62fde184297b3b409cc
7082,0.06553055128358755,2026-09-18 08:34:04.015763+01:00,254269eb444321b56d62c6564328ce48f12cb7ff5c6a3b73d811c3be4b55a806
7083,0.04163597253397394,2026-09-18 08:34:04.015763+01:00,9895c77a946f7d7c4cb34f4e9b000a68efe8b197a4e6b7a59cae33346c41e785
7084,0.03238692764035765,2026-09-18 08:34:04.015763+01:00,372461a2ae18602af7eade47f1aefc520929e8c982725a095398dceb3ac6ad82
7085,0.07493858448119618,2026-09-18 08:34:04.015763+01:00,a3f981ad325e92e827e48d04f43095486349876aff63ffa759b49df76c26600d
7086,0.2738212007867254,2026-09-18 08:34:04.025962+01:00,6cb25fbd654149a42d6090f1e8585aa92d4b25aa5481ab1ee198d6cdb7035938
7087,0.06045496882806893,2026-09-18 08:34:04.025962+01:00,2a6f3a088d2a6217b6ccba28e1dda9fdfd27aaa5f7c1c5387f1dc263bf15f5ff
7088,0.0721739381140516,2026-09-18 08:34:04.025962+01:00,99c142905dfb1db95c8fcfa3003554416f37cb1245338150e8bd8ea2cf5cd8d9
7089,0.10034711210523868,2026-09-18 08:34:04.025962+01:00,87542489fe7d01ea20f81f452146c0dd53eebf19a5daabdda1797d0670fc21a8
7090,0.10045263003468764,2026-09-18 08:34:04.025962+01:00,dfeeacb12c37fd36bc736607b8c819ff2beadb72a649606c0de1d5a7756e3637
7091,0.0959146093922735,2026-09-18 08:34:04.025962+01:00,93d430ce660848d397adb8989fb59353c8106894a16f59a462b5c4631d37c413
7092,0.15113503112271082,2026-09-18 08:34:04.025962+01:00,498c207343979f020b78ae71181bbfbda5645fde2e6bc9791b066cd965d37d50
7093,0.09786642801809751,2026-09-18 08:34:04.025962+01:00,9dcc8dc946510b3b7cce0bd21be378280fef5c4f8306b2823837746817256d99
7094,0.04783408159814592,2026-09-18 08:34:04.025962+01:00,ccff90b63794747916ffaf0e5c39b82855d2a169b13098ac9e2514e8d4d29586
7095,0.3698158387586649,2026-09-18 08:34:04.048691+01:00,04028ceb01335faed4bef475c85873c78045bef67587134fff0e8b55a378e820
7096,0.02022849820287512,2026-09-18 08:34:04.048691+01:00,48b359aa51dfffe4c6b7e979719bb7081a9e7dd982ede75c34fc722aeaba4283
7097,0.026722465981433543,2026-09-18 08:34:04.048691+01:00,86d25637d7c13f5aad374ddf43544e4c60bb5cfaeeedb01b25a1808394328cb5
7098,0.07662384945394805,2026-09-18 08:34:04.048691+01:00,be16331f3ae746634f8495c1fd47b6b54803d3f54776c092a1b592ece0e7c307
7099,0.19007702162938048,2026-09-18 08:34:04.048691+01:00,0d77886f89d6c30376329db4d34b9ff69cab83ed6ada4572d79305a7152072b4
7100,0.053635950433969876,2026-09-18 08:34:04.048691+01:00,0ed50228e9d0ab4b62276e6ec8b8ef3dee295f96436b93eb289fc74673f4fc32
7101,0.09250176059468163,2026-09-18 08:34:04.048691+01:00,ba1786e5bccdc9ad98dfcb6e63c721925b1909bffcecd75ddb4305541c925dd3
7102,0.13266942019858433,2026-09-18 08:34:04.048691+01:00,5a781adcc42ab59fb9ca8c9ae13acbc61de2c2826e1f1a33449f93cc384857fa
7103,0.037725194746461924,2026-09-18 08:34:04.048691+01:00,d0a2ab131a79368985a704560a3a21ec2af4a0e443163a3477e6d99635970a6c
7104,0.07578192591135374,2026-09-18 08:34:04.051245+01:00,1fa34dd4c34194a2e7e4cc243e0b20cd08e48f57e3b2a11948959a5408b38a12
7105,0.09870307310428128,2026-09-18 08:34:04.051245+01:00,4e7f2853a72bb6adbb095abdc2465ce1624dbea9d6a6d6cf1888896e1851382e
7106,0.09903715166021809,2026-09-18 08:34:04.051245+01:00,212e41ffe1063dd80278aca3273ee7820676534bed9484a1cda0cda9f140fbe0
7107,0.08528554477954528,2026-09-18 08:34:04.051245+01:00,2d499c1c8ce4d6b8a9e91b5fe538275938dbd2138b4092aa39be0482d9e5dbb7
7108,0.11184622632666587,2026-09-18 08:34:04.051245+01:00,8013bc939c23a55a471f9d595145566c4896e2c53375ac561df098cedd41a093
7109,0.0795502905445328,2026-09-18 08:34:04.051245+01:00,957ed176dd6d579e26954a2af966c9da0b96ac40338f50a5b059e3d4f649439e
7110,0.05649718637703768,2026-09-18 08:34:04.051245+01:00,92e041755ddf52adef22ffbc3fb6ab810bd47ce7d7fc10c501bcb5dda7d8132f
7111,0.07883445791148022,2026-09-18 08:34:04.051245+01:00,ece2bba02319ebdd59a59e611a3285330fd752451c510878fd357bd63ff67879
7112,0.052425997504070135,2026-09-18 08:34:04.051245+01:00,35fc92784e3410f47e8366e2a2acad95df616313c644457c644580780ca41feb
7113,0.10192973216307706,2026-09-18 08:34:04.051245+01:00,ef48e6235fdaaf36ee12c2d98382b624d713aa0c26d6629a63ee5c61d821e62f
7114,0.04926935755408089,2026-09-18 08:34:04.051245+01:00,f4da472f2e8da97281b62b04cae96a6bc818c2ce659d556f9776d87ca48d5637
7115,0.02123061417185246,2026-09-18 08:34:04.051245+01:00,e7b423205d12a8468e556a08fc9d1215c301707566a93ffe9e454b1e43c23919
7116,0.0896084419918046,2026-09-18 08:34:04.051245+01:00,850df91c73319d10e79ace85898ace31ec3cc4c9bbf6866acdf4352e2616fe20
7117,0.07946349774639258,2026-09-18 08:34:04.061468+01:00,72be10fbf6e23786d08e4024c119059ffeac1e6f0674a22f088b2642aa5bac3c
7118,0.14118121151121854,2026-09-18 08:34:04.061468+01:00,41038b262d8240f59279b9fa50e85831ed6c92285e8a0d502190613e81a356f4
7119,0.08809957869460827,2026-09-18 08:34:04.061468+01:00,a109b1d462dbe2f8b8e0123d7f76b6af640834dce8f16f905a74ea7d80d4a0a8
7120,0.0957918634694646,2026-09-18 08:34:04.061468+01:00,310c1c1466f912fc2434718c9d6dd427537c1e2fd2327f74ebd16a1aa8e6e5d8
7121,0.08765734664714761,2026-09-18 08:34:04.061468+01:00,971219468ed44ae38a7664344d84572ed5f19454e73ae2a8bd16d49de9182f42
7122,0.07392199981544754,2026-09-18 08:34:04.061468+01:00,5979e8e5060250f0569ca440fb65c185f39b49599d81356460a82f458e82996e
7123,0.06153745564693323,2026-09-18 08:34:04.061468+01:00,d36759b859a70860bedf950c4baa40427590450cf2364a385dc9277641a5972b
7124,0.07849467594466164,2026-09-18 08:34:04.061468+01:00,ceb99a47e40347c161186f3cbc227fe169d66605093cb6e890d1da49200a4383
7125,0.049705554664169094,2026-09-18 08:34:04.061468+01:00,4c02b8600766b8aee3407de3a286af24b6a52c0e788cc5c6d002bb85015cdaa5
7126,0.07352420931945736,2026-09-18 08:34:04.061468+01:00,4a5505388f0414b30dd08a7b6f680207afecb0a5f671e00c3e3016dfee6ba265
7127,0.04897679201910543,2026-09-18 08:34:04.061468+01:00,307b584d2715a7e022f546ccedad9ba55950871652ce9a217845f0ee2830c929
7128,0.03221368056758325,2026-09-18 08:34:04.061468+01:00,07c065f30c547292436cc4fb1606f309bf3ebb6cbf3e92c06214d601125e3d21
7129,0.08943213395381092,2026-09-18 08:34:04.061468+01:00,daecf972185f5098858833e401ab5d13eb36e9fd3dac6e29b4d7b1d2b5c831f4
7130,0.06327290935642128,2026-09-18 08:34:04.065666+01:00,e49acfc118d92658debbd7124c15177db7c0af0ba34f8354a10c9759a9a6c59d
7131,0.11478057770469477,2026-09-18 08:34:04.065666+01:00,48563e06f78de6110b6492c1fa65c1c04c75456439a14acd655e60f3ffd1a6a3
7132,0.15286419485676536,2026-09-18 08:34:04.065666+01:00,a011d8fea3262859cc366f521027a9af0fcc655c650a6ebae9c6c34b7f1b3e31
7133,0.17298204219603142,2026-09-18 08:34:04.065666+01:00,623d4cd206f35cacdcc0f9813d8816a10b4ef10a27e8b9f687d27eb8b6e02876
7134,0.2232945582970294,2026-09-18 08:34:04.065666+01:00,a90d7e9ef8e7b26addfeedc839d44c1d0cc238db5939eecc5b7a23057a732a5d
7135,0.16037409527509608,2026-09-18 08:34:04.065666+01:00,01e33920b482508c5d77810b374b21f98c1cdcc280cf4e97dfb29d032ef3ee30
7136,0.11243162231396173,2026-09-18 08:34:04.065666+01:00,a098e236d639cd8888ae750d6715de1eeb840841e147817ef915da5f12c3a17f
7137,0.08166299405390424,2026-09-18 08:34:04.078399+01:00,e81e1ecac4c94f26c506c3c0bb075ec851d1e45e0cdd19bd215fafe776d4aadd
7138,0.12340153356760465,2026-09-18 08:34:04.078399+01:00,7c32f1245307bbb4dbecd6206bfa6876aa5759c1f607d3e4aa848439bdce9d3b
7139,0.2546803548802198,2026-09-18 08:34:04.078399+01:00,914741deba1dcca89a8510d9c4dd8219553c1e60d8c253cd9acd2096b5e8c18c
7140,0.18310537973517024,2026-09-18 08:34:04.078399+01:00,ef8e55514260e86d644adb701f08b6073e2681d3e73b64e2363c76f4c7dd9f54
7141,0.16756967931519168,2026-09-18 08:34:04.078399+01:00,879d533ebcbc9d6baea29fd960b678054847dcbc75ee34816273154593474ff8
7142,0.08502397592580732,2026-09-18 08:34:04.078399+01:00,a489b1e5353ade0d6c22af46d9fe5d8b513f35d01ed9fc66d66fed66a140a314
7143,0.10455608252210206,2026-09-18 08:34:04.078399+01:00,2198058e971ae99dc6cdee2e2849ee1dc3d5d6b2d90689ba7610be6861f37c2b
7144,0.14803273362024003,2026-09-18 08:34:04.080405+01:00,1b515a7d2fd4bb2a091dd36678ec10777173efb75a81afdaac604264f4464872
7145,0.08516815057273819,2026-09-18 08:34:04.080405+01:00,5221a691f267dc0730395200c014af640ebfbc897eec0e7fb19071a6cbfe3b56
7146,0.10861958702706656,2026-09-18 08:34:04.080405+01:00,1067de8fa3d8a50877c677394793a670fd2b25af66344c72fa089e5a348f48c4
7147,0.02980576281351211,2026-09-18 08:34:04.080405+01:00,f7a9ed52e9a0ba277c3585b3a0ad03f95b59b95034f118681983a07d437a75b6
7148,0.12277104112159624,2026-09-18 08:34:04.080405+01:00,c019de6f653e9b79beeb2229d9e000b6319b08d3f07b175c344dcf6386ff7047
7149,0.030393428120265034,2026-09-18 08:34:04.080405+01:00,d509a9b08aa4a5efe2509920e245e8603610c45196646c4ebae0579bccc5a94b
7150,0.1540530913837002,2026-09-18 08:34:04.080405+01:00,c908e35b0b5c41eb5457cd1f186dc107d6269b12b857e3da0dae826ac52a1d2c
7151,0.0465619065132574,2026-09-18 08:34:04.080405+01:00,12835de74d0e632584b40270b3d9d78b40584fe325654e8a8be427ad1287693f
7152,0.06503362450995227,2026-09-18 08:34:04.080405+01:00,02a43427f808030f7cb3138e6aceb25e9f747cda2e3b190cc7437b18ad498753
7153,0.20956067431767186,2026-09-18 08:34:04.080405+01:00,fe8322fb2e4dc854c4b7adafc52224c356ce94fd5f9b2c4ff51f189203b94975
7154,0.09626302565662434,2026-09-18 08:34:04.093442+01:00,6b4daed13a60ad2b48f5d6d7894d2a38c1469a4cede663daa60b023e57069658
7155,0.09317415152756625,2026-09-18 08:34:04.093442+01:00,73ac287dbf4c9e11716c5860ec4d7fa2b7d6b5449c8f7611caefb0e7f85c9617
7156,0.14642031828252344,2026-09-18 08:34:04.093442+01:00,bcbfcf3d848353145f6e2d3dee3d5f404a4605d66fe15a78e6ff0a4f9a57ab27
7157,0.03330324323687191,2026-09-18 08:34:04.093442+01:00,00b30b5d15cf5c3446ee592df3eaed82c08ea1203606ffc339bff9603c682b09
7158,0.09800613883540824,2026-09-18 08:34:04.093442+01:00,4a246c525030316ff0f733fbe4878722043e888a70db867aab84668eb92d476b
7159,0.02172926846123108,2026-09-18 08:34:04.093442+01:00,095dde8a5552b33e84e2892d7f11c2f2e259fc828ed7e5d21275ddce590fc8e4
7160,0.21902331453974921,2026-09-18 08:34:04.093442+01:00,cfef9f7aa2923810e75925e61588e941b9d7f99005e504cb20ba4f24f8eebbb2
7161,0.03139139527058314,2026-09-18 08:34:04.093442+01:00,497b8c13499e39a20c76bfe727984bd7bfb6dd29c00e9838db0631ed79daa2c3
7162,0.0853615522134952,2026-09-18 08:34:04.093442+01:00,0c740f1baba6e4999c6a9c03857b55389a206ee4ba45cde2e804c463aed0db69
7163,0.17532759197594713,2026-09-18 08:34:04.093442+01:00,0c59bf44fb1de7ada4e27b1697df7ab8ce4e1955f42aeece0f3113cd3b814f39
7164,0.09129277275725196,2026-09-18 08:34:04.095868+01:00,bbc42064dcedf7da3bf4d3b4d8607ecd3722c806030e395d22a5c642e490c9ba
7165,0.12971229023433198,2026-09-18 08:34:04.095868+01:00,fd9b0c4eec50c77cf9ac52b52f1cf1ffddf0824924b24447bfbcf69915a4c9c7
7166,0.08053891044379281,2026-09-18 08:34:04.095868+01:00,a10ac730041c5f280045f18bb67a05f852514c9ec0f73b1cddac89866ff29999
7167,0.1019448340066027,2026-09-18 08:34:04.095868+01:00,78548a9def2057d803bfdfe3131438420b28bb07fdd9ced58ebb91d81a069802
7168,0.045348242272282645,2026-09-18 08:34:04.095868+01:00,083eea8f49baa61933fe497ca7c2586f6c19f138d2df66948e57abeb895551a8
7169,0.10675896133046052,2026-09-18 08:34:04.095868+01:00,83fd97702353497b261ed149342b9e7c42bf7d5dddc0481728d7094db7b7f696
7170,0.05360798646092527,2026-09-18 08:34:04.095868+01:00,bc1062cec59b98d2cdf74b7afc85db49cfd197ddd641d69dd87cea8b902264fa
7171,0.04438305099580469,2026-09-18 08:34:04.095868+01:00,3868297ceabe710abdc29d94089ec8f129450483fea9dca86bd2d25967d524ac
7172,0.07033755441013192,2026-09-18 08:34:04.095868+01:00,6ff08687c1f1f98760db121a6da720d7dcfae9c34002c66b6f420fbef76ae30a
7173,0.1307703537547428,2026-09-18 08:34:04.095868+01:00,5e97907089717b4210a2e72c48e26f742a96ed60f953d5f8d33ed7ff1ee2110e
7174,0.14530504333367258,2026-09-18 08:34:04.095868+01:00,faf51608c7c0fbbfe1118d48caafbbd61d46325db1cc03109765e98d5fb7920c
7175,0.07495106835352881,2026-09-18 08:34:04.109885+01:00,5bae0f63fbf6d94794198c68822d46f9cac6c65d5029bdca0206aeb5f2dfbef7
7176,0.16176471708303286,2026-09-18 08:34:04.109885+01:00,247ee23db9acce754dbeaa5b28c6daf447738b2ff76f606a2e7f25dbbc705fab
7177,0.1051287816003331,2026-09-18 08:34:04.109885+01:00,27e38a75a433db06efc2f72cbbc0aede6835811137c8d65b83a8040668e2efc6
7178,0.08214209998187794,2026-09-18 08:34:04.109885+01:00,3ff8c2ed2675d9c6206a9829754913755c94938674f5c118f2dfb57ccadedc9a
7179,0.06598406012081047,2026-09-18 08:34:04.109885+01:00,caa26494323b538966c69bcd1313b83eac0248c1961c08f97539018df1d686de
7180,0.09421578154821478,2026-09-18 08:34:04.109885+01:00,dfd9bf432bc4e1d7cc3f92064fbb8496be58b8d6d39a93254f9e5f14b0d8f2b3
7181,0.05394408293912625,2026-09-18 08:34:04.109885+01:00,955437a93455afe51b7fe513b9943f6f2064e23278195a32ea734ed28c4b246f
7182,0.048088442388506396,2026-09-18 08:34:04.109885+01:00,1849ff79c9f43c8ea2e9e788dfd6f40cb3d4fbbc634ae74e389115e7c5378060
7183,0.07500051298567213,2026-09-18 08:34:04.109885+01:00,7171c7f2dc496c5407ee0721344ab54c5593ae8bba20d0a6b022fb399865c7f4
7184,0.1284071871533709,2026-09-18 08:34:04.109885+01:00,7b38e9a0e75ea5bcf89f296d72fa171ef8084f8c5f3af74b643149eb7b82ad32
7185,0.11037326584552638,2026-09-18 08:34:04.109885+01:00,c04dbaf8fefeef171d0998d8594cfc00c115956b607e528ed69fad82c28f1c25
7186,0.1437203060341898,2026-09-18 08:34:04.116713+01:00,da534e4e0a26aba26306f07808652f8da62a19e379fa5eb2f0227d2ccaeeaaff
7187,0.05194569053820189,2026-09-18 08:34:04.116713+01:00,aacaca506cd23fcfad8c59472d0ae83e1712c9878574658af592fb3215a20998
7188,0.08467134253923013,2026-09-18 08:34:04.116713+01:00,64a169ab590da072e1e6ab3574c4dd94d846cb06c49d9a0931987c820a4f6b15
7189,0.0614262734842665,2026-09-18 08:34:04.116713+01:00,fa5b6a84d31dddf0f071a195d5e680c68ac4c6aec5822014ae491d29dfcbd072
7190,0.05952403914033633,2026-09-18 08:34:04.116713+01:00,7768b41d2c825ff302fd9395e41f34c7a09a24cde7883c53c50c39589a20f355
7191,0.01975562481354083,2026-09-18 08:34:04.116713+01:00,86322f95cfaedea28d85d1921ee118b67d141be35e047561499a08ca58d508e9
7192,0.10283394906008915,2026-09-18 08:34:04.116713+01:00,0ae42d7e4472581c23f8e5e0015515e1878461203399fbba5e7ce68df7c2c7d3
7193,0.10486104397507251,2026-09-18 08:34:04.116713+01:00,83533cfddc69f3ae509c05a55671dc329ef3f39fd6ef46fa76364d038a4637fe
7194,0.058584910526483944,2026-09-18 08:34:04.116713+01:00,48d73fbd2ecb6a7112cf9d800b77e098fdc4a50d858f3d22d828787c606ba53f
7195,0.048550824491377494,2026-09-18 08:34:04.116713+01:00,a4ac5b907b2e250a5549229b417d3b15ac2f1d09b585f6a396b9b85fe0af20aa
7196,0.06421304035354584,2026-09-18 08:34:04.116713+01:00,b25a26174b252d7d42afc7deaa8c86e75074e0db7440cfe1e6bd961956639771
7197,0.06960006878931278,2026-09-18 08:34:04.116713+01:00,824b9bbec083aa926be4345ffd771f644c89a890664748bd65fc858fc9adc204
7198,0.0655123429708782,2026-09-18 08:34:04.116713+01:00,81c0e2252875aa7b730d6ae78c31956f34a9f1ccb52de760221c9be831889d7c
7199,0.06480054328347458,2026-09-18 08:34:04.116713+01:00,94e50acec6e73b87d7452ccb0048eeef85803ed39c9a39619597407fc38d8c1c
7200,0.1481461671533941,2026-09-18 08:34:04.197753+01:00,0ac4ecff1a56dd85585105d6976f968e1e464c3ad10aa2b6753770ed5c2fa0b9
7201,0.07026629919056215,2026-09-18 08:34:04.197753+01:00,d1a456c921b759269c54a8171cfa14a7a610072b027941f017238a21a206a703
7202,0.0905285183498364,2026-09-18 08:34:04.197753+01:00,1ed08d29ccd7ff68acaabea9aaeb727eafaf3df99021a69de064cb9222e2459d
7203,0.046393605629537454,2026-09-18 08:34:04.197753+01:00,642ac1ac7470bbc29f3511d95fa9f4b8aa1b2f45a8e92cadad6a1180b05dc55c
7204,0.07827844565259358,2026-09-18 08:34:04.197753+01:00,8893951a2a8e048fda821a61fef8f3389fb1ca77ef885d4a3ee77f346dd675a4
7205,0.01566616464397697,2026-09-18 08:34:04.197753+01:00,c0af6173ad084773e8ce07ace2f765ac0cd5ad5377262b60f05b6fc647bc06eb
7206,0.09311824016076978,2026-09-18 08:34:04.197753+01:00,df22036d474bad00fe80364b8af9a46adc3cdebf10a6beb8a06871dad823b8e0
7207,0.10496753903982646,2026-09-18 08:34:04.197753+01:00,43263f607d8b7993107bd8b377d78cc0c901907b793b8cc52022cdc8a0b9dad3
7208,0.05875791253779043,2026-09-18 08:34:04.197753+01:00,270252dd6f97932224ab0a6be4e57d03f0fbcd5f8a1d9e3e275b42a17bb86466
7209,0.02544257285572829,2026-09-18 08:34:04.197753+01:00,dcc5c05b10d944ed5dee48ad0a135f0be9aab6158cf84163e6e872be4c4e2a94
7210,0.08323076035609253,2026-09-18 08:34:04.197753+01:00,88a596e1ca2806448adb4f2af3dae7a379864f10106d63d1cc0556b42aedf0dc
7211,0.058075222567512845,2026-09-18 08:34:04.197753+01:00,f116bfd1bfbfee9ca601a45e2d55a1db30b9c0eeebc6ee3ff249c180718a91ac
7212,0.052453341005320384,2026-09-18 08:34:04.197753+01:00,4390c41330dc8a57730c1379aaae0fe0d2f875395d577a5a673dea39588adfd1
7213,0.07467521085705864,2026-09-18 08:34:04.197753+01:00,7d975dedc65ba167a093e8b80e26e5cf4c37fd2d757cff76fefea851c05885a8
7214,0.08316302236641662,2026-09-18 08:34:04.201423+01:00,9eb91c3431a0c83cabd08f623a9b3491c361c2a9b9cf2baddf09357e4e798979
7215,0.10104513651244662,2026-09-18 08:34:04.201423+01:00,20eabac3beb683f3136733bdf9623f786f1c2ad9d7ceb466bf684461f2572ec2
7216,0.065223044740638,2026-09-18 08:34:04.201423+01:00,7bc1a64f62c8de8fa48ea2aab6305c7bb8439497e8c8f566c35359d39ce83b9d
7217,0.10847707136812684,2026-09-18 08:34:04.201423+01:00,abe20ab7dfb9bf78406360a2e9cd552b1d4eafe3a19a87a45d5fafb56908476e
7218,0.03751387048039891,2026-09-18 08:34:04.201423+01:00,60e6aba7270a10b17dd12cfdd47a94583cd127fcefb102ad5fa38055a7959027
7219,0.07997668690832431,2026-09-18 08:34:04.201423+01:00,2af930c712fc922578e4a8c8753fcabd700e42d8859512a7d1d6c26396932475
7220,0.11347765056413377,2026-09-18 08:34:04.201423+01:00,138858d274c0d7c2da206fbcce1a80a33b1df8f71bf1a0a13b53f685d3a11981
7221,0.12517113272782687,2026-09-18 08:34:04.201423+01:00,5605425d7f512f3ad19dd5414ac0319dafa84e33191f62c3599310b90a41f735
7222,0.03715334758618168,2026-09-18 08:34:04.201423+01:00,4ceb10275d5faa6a6970235e96c9d1ee84f3cfa69ba9a83724a176b585db866d
7223,0.15564542780981075,2026-09-18 08:34:04.201423+01:00,598ec9937cc4f3880e72574e32e869af2a2da0f33d0e6d6423b8c2c59c332ee7
7224,0.09315360893569562,2026-09-18 08:34:04.201423+01:00,0a81fa7154ed67d65851fc00e2ef2741680539d416aa433f31f3ef45e86f7c91
7225,0.06142455566986232,2026-09-18 08:34:04.229142+01:00,48caa0eae882007bbe2cc2eb0370f4dd142aedb2a0957dfbb91b959203e1414f
7226,0.11307528540604839,2026-09-18 08:34:04.229142+01:00,52539fa7c421613306dfec2d58660e3dea28b5a090abfb4801063703429f387a
7227,0.10839030391907938,2026-09-18 08:34:04.229142+01:00,8baac35cc4ffa52975f1ef6573771707c117b19300fe48d32acc0b867b74f7f1
7228,0.10986605660806646,2026-09-18 08:34:04.229142+01:00,11ceebaa346b6ffba13e87ac7f3400d9b05109a4267875c1941e4bc1592b1fcb
7229,0.029445924666243364,2026-09-18 08:34:04.229142+01:00,b1d8f4a40836fb39de315e860c111a5c0eb6df79338d15eaca9a438dfd21575f
7230,0.07055769703587783,2026-09-18 08:34:04.229142+01:00,c84ea5d4537ff500cfb92c7d5cf93d222e8021c1969abb7a3c573dbae642c7ba
7231,0.10054263226446115,2026-09-18 08:34:04.229142+01:00,67763b62b0b9585cf17a7ca3d844f50e433d3d54486b4d30f3f4f83bab01a856
7232,0.09183187065517416,2026-09-18 08:34:04.229142+01:00,853e51fcfeb886a42a371cfa04554484ad394613004aec97064ea2e06a66c3d0
7233,0.06542649586479816,2026-09-18 08:34:04.229142+01:00,942b28468be04766ac05bf79e490e54875f19e62c44a9390b8ed810ed4e8d1db
7234,0.16023414452878376,2026-09-18 08:34:04.229142+01:00,b6445b75d8d2b4ce1c1dac64102e58dfd869a5251d170162d0e0897f11acae07
7235,0.08920503338160504,2026-09-18 08:34:04.229142+01:00,615b665e97b94e8aff0be5453d729ef42993df94f07f12ead828ed591635b16c
7236,0.1950161060765378,2026-09-18 08:34:04.269591+01:00,bb78f905f3e9d5e6a44f65ca090aea2389f066ff17ccf58fad47cbaaa985f159
7237,0.122989098919048,2026-09-18 08:34:04.269591+01:00,01cc39052892d1dd6858e718798923ca61c1ef04aa90e9dd0ef266116bf552c5
7238,0.06979173096850474,2026-09-18 08:34:04.269591+01:00,15f2d90abaf91981ce4ab441b0768847f4c748e9dbb5b4915084b8ea236534bf
7239,0.08864857474417932,2026-09-18 08:34:04.269591+01:00,aaed7fb795286d89f32d1c2ca4899d78fcd021df2215f19263e9ba89129da827
7240,0.019470153496373776,2026-09-18 08:34:04.269591+01:00,a0c499308b595ee520e6c70921a7e55da225e19bde0de23ee84fea43c2e521a4
7241,0.08277823651880654,2026-09-18 08:34:04.269591+01:00,f6aef01bf64808f5c93d1fe4840c68956f93b824c98c738126aa953c6dfad3e3
7242,0.04332069075520318,2026-09-18 08:34:04.269591+01:00,5b8751fc1472f4b6d00052a945fc8c64ba2c1f1996d65bb94a307f483d9f210c
7243,0.12086389954677687,2026-09-18 08:34:04.269591+01:00,de3200332222fcd40cd416334e3d3c13b05041200316a633921d8c9cc23280a5
7244,0.13967057013840373,2026-09-18 08:34:04.269591+01:00,463f9b75581284369093e050e01da31eb276ebe04196ee5859053ebd1064a604
7245,0.11745093883616614,2026-09-18 08:34:04.269591+01:00,e0c5551193d4b10f27a708e14a34843882ef1e2cb0fbf5668a180bdbc80cd181
7246,0.2184701841438644,2026-09-18 08:34:04.316926+01:00,c63ec794c851e8f3994cc6174caab4b839c554b5fd656ca9b0afef9b5f42f012
7247,0.08193889932615082,2026-09-18 08:34:04.316926+01:00,edfc7f4d5909b9d99457a95890b78b39fc94ee7c54f0517ae75c451f27a81311
7248,0.04398964739825866,2026-09-18 08:34:04.316926+01:00,01d0655ccf4b859be3830fdfa02f62695a0dcd6c452c69e9768958f4e927c7bd
7249,0.16087294583000972,2026-09-18 08:34:04.316926+01:00,42db4cbe6d85eecd25dc47eedc5bec7c77f8834aaf9e223967e82ea1e363bb93
7250,0.13496747327477548,2026-09-18 08:34:04.316926+01:00,28c8ed50f9c9e6c507c1b0d3b68f6ea3461ac0b5b14618f729f119a6c0316214
7251,0.011164176167922611,2026-09-18 08:34:04.316926+01:00,ab81543a1de77fcc46f7c7a62b2fbfe6b7682e54a86d97e769d6c26e22e1fc0e
7252,0.02036629242422565,2026-09-18 08:34:04.316926+01:00,44fbefee8cc32ea0c5e74f4ed0f6cc0abbf1801f16de014b93bc58bcd49a9d6f
7253,0.23521327080148494,2026-09-18 08:34:04.316926+01:00,91de604b64d471413a8e7b1955d4110e140722cbe06dd15c5c2ea17cd172f22a
7254,0.06344003474196641,2026-09-18 08:34:04.316926+01:00,e4fd7de7aee3449858038a2782536af37f927afbdfb4aba314df1fe71e7aa179
7255,0.02957707589134132,2026-09-18 08:34:04.316926+01:00,51b82adce325f73d04ad4e5f2d09141120787affe79f268b15194e5fd734a4d3
7256,0.0868133335283031,2026-09-18 08:34:04.321677+01:00,42a3c4b36b32ba098dedccedad822b5fa98c02aa817fc6f61abc9c4dac123094
7257,0.15703631617105934,2026-09-18 08:34:04.321677+01:00,e1e2b9d5b8cf75b590f87a8d33f56c1c287c5ff887497304cd7369d099c44f85
7258,0.08361504091883815,2026-09-18 08:34:04.321677+01:00,3a5e7c298b642736222dbea47577691f062ce567cb7898c5af3d0789eda463cd
7259,0.03189184202271098,2026-09-18 08:34:04.321677+01:00,8b6c31974b284d3d3f001f34801b4937de5b76fa7e6f1550e302c7a0bc213602
7260,0.037441208248383887,2026-09-18 08:34:04.321677+01:00,4f39f831231980a8af4105b0db733d1cfecdaee4981eeabeca5e054bb5b3e749
7261,0.12008710733836185,2026-09-18 08:34:04.321677+01:00,ad12ba891efdea2a3cbfd7944aa9ef48f22a3e4fdb08a8ac8947da2c84bf8d86
7262,0.14341269989592514,2026-09-18 08:34:04.321677+01:00,13eff72dafe23b4731ce1ab11c0355c37ce14e394722c98549d00f1a16a48cbf
7263,0.09134483066227024,2026-09-18 08:34:04.321677+01:00,cc4038cd894b8a6745d95771927a902e1b94ee928aa9c684a6aaa52c2339d2e0
7264,0.08981499497591702,2026-09-18 08:34:04.321677+01:00,7d9ce646a892736491e52ee0471f45ae2b6ea5e6e69a93706f4bc76d2fadbd8b
7265,0.15854262623823023,2026-09-18 08:34:04.321677+01:00,a03375cff94ecf6a625b75198a945fb0d22b56768b274ecdc804b6decce5f1e3
7266,0.06420897748834781,2026-09-18 08:34:04.344121+01:00,4b3a46c198d33c5879f935b5d99bf3542b9965b53f730c0787152d65fea75f2a
7267,0.17287117778064912,2026-09-18 08:34:04.344121+01:00,315be3f9760032d03c039b6c0f3100042403b6609bdf63f3939b9b768458169e
7268,0.05090974008284779,2026-09-18 08:34:04.344121+01:00,204161c88998b6baab307a3653f123ff88be3069d642b79088108bc1e8a33a7c
7269,0.013242177562765538,2026-09-18 08:34:04.344121+01:00,bcefb5a2c75cb49d53eab739d965c9861d475c1bd9951a06219499702ff8ac90
7270,0.035087799222372595,2026-09-18 08:34:04.344121+01:00,206088581cfca00486854589abec8a4a706c6027927802a59e81d98ed23860d1
7271,0.13070685811959112,2026-09-18 08:34:04.344121+01:00,580b5d8477192b95784067ecd66958d8008db4ab200e857a76a7b961a7b72886
7272,0.09658602744967928,2026-09-18 08:34:04.344121+01:00,d46e5b61a262e79b3c6bce60cec030c58732c8e1ebc868fd741fa594f184d5ae
7273,0.10401283722405762,2026-09-18 08:34:04.344121+01:00,1972079b60c46ed48f0fff6c0e968ac205723dbbe666c30f5a2c4fb289ac5c6d
7274,0.13237358495287913,2026-09-18 08:34:04.344121+01:00,21c0b965a3ed6b9f262d16afa61f7dbe4d9ed6eef9e201de57a9abd35b687273
7275,0.2000008201168099,2026-09-18 08:34:04.344121+01:00,4748cae1a5f6830f60557b283c96dd664b66f00f3a67849f85c0c40e95465e43
7276,0.08100693279451336,2026-09-18 08:34:04.347773+01:00,883565fa0f4f3d12703af3b3dc8fc3d85c1e0b38d839f88744a5b222b3420f59
7277,0.051845342383107534,2026-09-18 08:34:04.347773+01:00,6e18021a500badc80eea1ed6913dacfbe1f3e8820562ea6c6670af3e4db9c36b
7278,0.1181551172536828,2026-09-18 08:34:04.347773+01:00,e99ed8f160a94388417c96c90930e3094ceed5cd67b76a6a66f78c9743f2d39b
7279,0.1671300845736683,2026-09-18 08:34:04.347773+01:00,62514cc80fcf2ba443c6852bc0e5368eab541b1004faef6d8bc5968fd21f30f1
7280,0.08175119655623547,2026-09-18 08:34:04.347773+01:00,905c28c1b58eb8cd266190c2c1eee8223a827a74345fdde38386e461ded042dd
7281,0.0587762780826718,2026-09-18 08:34:04.347773+01:00,b17c94a8e3957deaa9629fa15549cd3220383876734d5e6c6d6a791e43ba0534
7282,0.04422064274215961,2026-09-18 08:34:04.347773+01:00,59417b70f2d118ef6eefe5ade10ca28ce66b41cbdd0ae1a2125530256ec7c7f0
7283,0.03305891966694703,2026-09-18 08:34:04.347773+01:00,dab26ef86ff91fcdb0ad390bc1a306cc01efe83ed87f7ab4b03e93350f884c69
7284,0.048526368533333794,2026-09-18 08:34:04.347773+01:00,908c2c35ca86d9e57889acd6c15018fc7309dc101e2cbc70a3070ee2664f2b6c
7285,0.16833077604551736,2026-09-18 08:34:04.347773+01:00,1b1aa114ca32f93adf3e7b2c95ec170cc6d44a97f2ed8c93078aa31a3023daf1
7286,0.048635532050152475,2026-09-18 08:34:04.347773+01:00,d27020bd55c250fc81f995c178d5da1849c1dd4dba339dc1a5932a165078ab74
7287,0.09856280931801041,2026-09-18 08:34:04.347773+01:00,a966160edcba5be88ddbb9d05612b2c2b1bfaf03d736e1b2f2235e36bc64e58a
7288,0.05878525003347124,2026-09-18 08:34:04.370418+01:00,638e1f33ca7539237f1af78ba1f22320c353c380f1f0207d5489e1435ce8769f
7289,0.06843954295598943,2026-09-18 08:34:04.370418+01:00,ced4c5413cb06690792e5f84b9292f52f91ebe97ec25c9ca3356b26b61d1e713
7290,0.15376121731059944,2026-09-18 08:34:04.370418+01:00,7d4da1593105d4169ba84dd41f14cd1d0d8e841a39b02dce136d7fddda1202d1
7291,0.20611523590706304,2026-09-18 08:34:04.370418+01:00,8215959edea5a96c2845b1ae3ab504c92ac254ef069dbaca68f80ec18ea5d7c6
7292,0.08871820429516872,2026-09-18 08:34:04.370418+01:00,749dde848c06da165ee91727c2b66c9532569e9aa020eec941cee0c209c79575
7293,0.04533895397016561,2026-09-18 08:34:04.370418+01:00,c32900337bdb16f6058c10d264ccb1e6e29c102655ed058a3d742b873ae56b52
7294,0.042440241204661874,2026-09-18 08:34:04.370418+01:00,207739fd3b26ff820dc3e5ec91bdb246541984fae608e062b354fbe5720edb3a
7295,0.04945909895724034,2026-09-18 08:34:04.370418+01:00,937f98de6c44952a2f29dade161d682063b08b4f5bd4035d26e63051f25227b4
7296,0.055728572149757884,2026-09-18 08:34:04.370418+01:00,e169423fbd3340e40bd9ffb5fbda7a30e734da7569094c4273d93ef2a71909c9
7297,0.11276977553937355,2026-09-18 08:34:04.370418+01:00,dcf343d85d1aa473dab814f93bbfee15b5703739065c7cd1495d62423d62bb45
7298,0.025178821924791844,2026-09-18 08:34:04.370418+01:00,2319905c8fc2e2959356f76bdd9688636f96c094b7c73f395492d5064d549f85
7299,0.09326508575171694,2026-09-18 08:34:04.370418+01:00,5ffa2c0b44faf090e6855fb33e4c314a2574cd8f3bdbbb5631e7d4faeebea5ad
7300,0.09064465880644357,2026-09-18 08:34:04.373850+01:00,da23b9323fdea2d63b416fbce70ad68ae49e41216e118040540379daf535b7ec
7301,0.05147024029143602,2026-09-18 08:34:04.373850+01:00,85afd738bc2c06cd804ac6a921982861c12265712bc0e19f25f25e6bb46ae035
7302,0.06865534227333428,2026-09-18 08:34:04.373850+01:00,4c3bfa4b43ce0437a6460cc29e8e2f8bda5c6406d65c50164e0495e513895e6d
7303,0.10255691705227801,2026-09-18 08:34:04.373850+01:00,da4499f47c89403fe49143db784026190ad5cbc1ad1ce19bd9cbfa9c86fdbd59
7304,0.08336886773659083,2026-09-18 08:34:04.373850+01:00,4fe4496526a8027555a1505194669f58c9fa3348dccba4c1cfd74443bb126705
7305,0.04144614675541687,2026-09-18 08:34:04.373850+01:00,3d978b1804422b41f4d5b2e59b5c7a2c4b94e157b4301a3204d76bb1425b3620
7306,0.04425179986659369,2026-09-18 08:34:04.373850+01:00,e45ad2ad49f682bc16fe54333ea58dcbf993ca060125439de8b257f58a93ae65
7307,0.061177181583840654,2026-09-18 08:34:04.373850+01:00,b63ccc660b794767c4deefbd3a18269e1ca95fd096c62cbb67d58a2dfc09eb09
7308,0.02536622693369688,2026-09-18 08:34:04.373850+01:00,39f17811b1872424248dd755c3467172418a95ba77cc2140aed23ee52b1af2ea
7309,0.056670080802644636,2026-09-18 08:34:04.373850+01:00,377a04b6fafaac7ef9f60b53263614f2553138bc5f505aa702ed036e177ec4cb
7310,0.08774876692347153,2026-09-18 08:34:04.373850+01:00,c0df214cfe1bb90c3af9661a8b7bcaa58fee11635668d6a8e897fea1dfc3686d
7311,0.0836230885114661,2026-09-18 08:34:04.373850+01:00,bb5a870fcc0b4777ab49239be5559f410a2209f2a7e73137c8e3faf7f069d682
7312,0.07250539779306488,2026-09-18 08:34:04.373850+01:00,2e355945ef6a623ec89f4f44604d7be4cd739d068a1278dc6f9fc511bf3ae38f
7313,0.1305152846697223,2026-09-18 08:34:04.373850+01:00,d4eb179d465e4d428248c798dfe02bfdacfca46cfa4eef92d806640b44a1d998
7314,0.07663377299511746,2026-09-18 08:34:04.392523+01:00,93e0e7ffa96094c686fd6fcb416be912690593931c9cbbf070683dabacf3534c
7315,0.04596047687084922,2026-09-18 08:34:04.392523+01:00,8abff7ae0c1fce30d4dd168985687c12606e348ad09057c0a6632923eda70540
7316,0.06561228059875611,2026-09-18 08:34:04.392523+01:00,449add3b4c65bcd8ae5b08748647127162ad516866531ad8d10acf0849211333
7317,0.08028798343855627,2026-09-18 08:34:04.392523+01:00,c3ad6bfa41b551a0be7171022e9066758740613d7edbf00ba98f087c0d8d1df9
7318,0.07022894258827334,2026-09-18 08:34:04.392523+01:00,fb02809ada4ebc8939c0a87df5f3afcd25f74a3316676f1d1bd1cbd50f94c48f
7319,0.01487007620474431,2026-09-18 08:34:04.392523+01:00,cc0d77df09cd6be63c03c237405ee6463bc2adf4f5714a83e9403bb9da31edb5
7320,0.034493763325688494,2026-09-18 08:34:04.392523+01:00,d8c4733b466fa988459ecfe4cc8f6379f5e566cded166966091029d8c9d0889e
7321,0.06381859531452212,2026-09-18 08:34:04.392523+01:00,610bf92f5c4d3994c6fab809a95891b5ee574e340c12cc63c21f5717525e86d1
7322,0.03925324308708586,2026-09-18 08:34:04.392523+01:00,81e8fd84a424c465841891aa56a74d528c6cc21c48d71d8ff424ea4a6bbea41b
7323,0.0690776144804058,2026-09-18 08:34:04.392523+01:00,47296d01d46eb44291527a1a15b28fe14e31a5c7187d2e8e237e351a0619f79f
7324,0.05979530235228009,2026-09-18 08:34:04.392523+01:00,a758681b46790e4a76181a792e57554bb0581e0ca5123c6a67546b1dcfa49c0f
7325,0.09171174591996444,2026-09-18 08:34:04.392523+01:00,2e885db330db61ae4f5b04c0132661bd3883d6729a78bc5cbb23aa21ee154999
7326,0.08543639365525002,2026-09-18 08:34:04.392523+01:00,d25cf20437441eb91a0bedbc1f4a47bc92a4ee1dbee0b9459782019fdf9fb62d
7327,0.2028198091685066,2026-09-18 08:34:04.392523+01:00,e87182eaec66e599a5215e5e820b2918649550ddebf207b8043873b2443c48fb
7328,0.2484196944089579,2026-09-18 08:34:04.397895+01:00,2fe095e9cd967b358ab85b9ad81b3213955948984998cd3965a6414a78dd3b90
7329,0.04825321187447641,2026-09-18 08:34:04.397895+01:00,de9cac59a1866c4e7d4e46a9cf83050802624877f91b98292e0165a89b8564e4
7330,0.14623185560040247,2026-09-18 08:34:04.397895+01:00,8097df6717f2fc9d021bb415c2543b4dc45306002ffbbc93524bcb7808b0d00a
7331,0.1420787539368291,2026-09-18 08:34:04.397895+01:00,8a3c4584e832f383c0c4b937bce2506752b5e18e6e03de7f95e7ebee04e30db4
7332,0.2013244075841234,2026-09-18 08:34:04.397895+01:00,96178af00fea9816180fee0380d54fc412cb48f0ee22c3e4c658931d1543e44c
7333,0.21369207659521067,2026-09-18 08:34:04.397895+01:00,7822e17cde88344ec38ce466221bd2652054f0fc44468a18850362b1506cc04a
7334,0.3612042450871101,2026-09-18 08:34:04.411156+01:00,fc8d8424a5995df6d2eaf342389acb83d9f768fb99c217f3706da2e4a668aaf2
7335,0.051775914827367736,2026-09-18 08:34:04.411156+01:00,1ff677ebe8763347d5ffb9c56db310b1b21bae171f26ed2918e374af18b5772f
7336,0.042224200781504274,2026-09-18 08:34:04.411156+01:00,5b72b66186cc4c150a073ff170f24a14712a1c4200418382af6caaec9000cd9f
7337,0.152886111179809,2026-09-18 08:34:04.411156+01:00,ba4d2d5433c95d45dbb68dfeb1d7c54aa4b3d02355fcf87cbfff11b73f45428c
7338,0.32800027796403386,2026-09-18 08:34:04.411156+01:00,ed8e89bc58b30ac6297ea5e949e72a7a29e04369e0612e063b810356a4b71ef8
7339,0.06390925016017497,2026-09-18 08:34:04.411156+01:00,619675bf12691e51a06e7f742a1a4c2f9f7aa6591b3bd6ca024ff063f52a27f8
7340,0.1114893661122419,2026-09-18 08:34:04.413264+01:00,bd1ce515672042b835a3dfe72414a888518ac6185bc4067955ca949e370f82a8
7341,0.079350305650324,2026-09-18 08:34:04.413264+01:00,0113ecf4ca804d3faf89755622b89f3bc067b7a4b11785fa2496428555152ebf
7342,0.06216788862965075,2026-09-18 08:34:04.413264+01:00,5a23cfb440fd29ab6a984664fb07db66cdff8f5afee0bdf9989600178a9da7e2
7343,0.05321454633599308,2026-09-18 08:34:04.413264+01:00,88b928d75a367899f048d5781a78cab39b4ad5f4583d8ec99483bffa381eb4bf
7344,0.0894941983681912,2026-09-18 08:34:04.413264+01:00,262e8de4f813fc629055e544121835a26275e6b18dcc44a2839ac41a23dfc48c
7345,0.17391331322144174,2026-09-18 08:34:04.413264+01:00,20fd49f02df6adae6a8cdf9b7f508cbdac3670fd98b36b6c546c10c9dfe91c1c
7346,0.09183295851360856,2026-09-18 08:34:04.413264+01:00,5b42470e5c15674ad0c9a5aee7cc5637b38ed3dc3995a6728ae42f3beead9340
7347,0.17625660248050348,2026-09-18 08:34:04.413264+01:00,735963ebfbb3868e6ac7d77b61d6763b18979f89f79a639ca42311facb2d6247
7348,0.08461349640006018,2026-09-18 08:34:04.413264+01:00,06f643b220a10992e37dc95da0af0da42c47eedc70fbbad0d0a6c4afe3feceee
7349,0.07766732428798528,2026-09-18 08:34:04.413264+01:00,8888179b7ecb4408aa39b7201d4e72a4bb8d64a071039092653e66a1da4a369e
7350,0.12637751279857698,2026-09-18 08:34:04.427167+01:00,8caae37d5bcc06b3df02de7beaa28e6926c2c2e7c2a22b9c1d1cfb06f805b9e6
7351,0.09318816307166553,2026-09-18 08:34:04.427167+01:00,2e5a470a33eaa7b884ac0888b8e6a2c0f73582af8f0fc59b5bbbc8f6feae8f87
7352,0.07734047608757681,2026-09-18 08:34:04.427167+01:00,73b2fdb5ddc9e788a9582491cac76a3435ff2be24993d32847797d606d5ce19d
7353,0.07745738978063342,2026-09-18 08:34:04.427167+01:00,0929b6c2194d2e32d0a3bd35c7c92c585950f64fc7fc43e41ee94052ba92de5a
7354,0.09139395744148351,2026-09-18 08:34:04.427167+01:00,1b97e60d6da303acb99139dc98cd3eba0a6766ef21f1d14f19db7932ef305eba
7355,0.09344329152712276,2026-09-18 08:34:04.427167+01:00,3aa253ab5326138e107ec99b0a6c91045d59ee8e713b5e12003063444b729201
7356,0.09398722459687017,2026-09-18 08:34:04.427167+01:00,1a10fdc39074a3976354897ecb260aa352e9d5a162279bfdae07d89115015906
7357,0.19099708766213377,2026-09-18 08:34:04.427167+01:00,4c9dcacdcf202ae3877826322f5edb3c33eb7ddc6671f92f71a2ca8bad80c859
7358,0.09752041326956082,2026-09-18 08:34:04.427167+01:00,857fdc8d51f92ee508c7e66689b2ef0b8eae6572fe80ca203ba6fdc6c7abdcd1
7359,0.058294483764376175,2026-09-18 08:34:04.427167+01:00,29a95bd1ee038a28ea231c3b4e332598b39e7157571d27cb6a0cd8fd356e45b0
7360,0.18752004227918606,2026-09-18 08:34:04.430766+01:00,de96eb101191e89757da164d0a83665afd3e53d4c5f22bf047243ba507a30a9f
7361,0.053281101539803394,2026-09-18 08:34:04.430766+01:00,4ae4e770e40e4ca88085fb62a1c718511ed6aec72bfc8c9a3c5deb051eaf223e
7362,0.133404313413812,2026-09-18 08:34:04.430766+01:00,ebbe7d2cea194e9a698e8506ee86f5cfe6d2a7c3902dea1c44c1ef48bcd81d87
7363,0.053374029969403804,2026-09-18 08:34:04.430766+01:00,e7942082107f727c9219e37cf5f9c8eff5081c68ec5a221af6340b3a84fe5150
7364,0.12087015437045737,2026-09-18 08:34:04.430766+01:00,914ab9c1d573a0ba75094ff8373640e64bda7ee8699d24063245b46767f60256
7365,0.06619621925735936,2026-09-18 08:34:04.430766+01:00,ec6c042b15de99c4f864d30152589d4e002b5003cf314a768c8f99115cd7094d
7366,0.040292106206721696,2026-09-18 08:34:04.430766+01:00,7526156f6b201d67aa2935932d8366a538fcda8da54f950c85297b502fb41c4d
7367,0.06727560838794894,2026-09-18 08:34:04.430766+01:00,41d34cd71344735805b10cc91bc03c83be733f374031d1e0045332daf18ef0e7
7368,0.14225681789517727,2026-09-18 08:34:04.430766+01:00,a4d961cffb1b23348adab8138ee6092a9a6d879aa74896c3bc11e9cc5570e036
7369,0.13552960668013012,2026-09-18 08:34:04.430766+01:00,a1f1d96394f810ebf1a79a08033f897a9961735cf9fb363cc11de68dd8ceaca5
7370,0.16125134878111028,2026-09-18 08:34:04.453426+01:00,665f4a8671c9d256084f75997d4100258250595ca11b5a862207a338641d1edc
7371,0.06011272345594983,2026-09-18 08:34:04.453426+01:00,25c9565f8e96e7155a1046a163f14d93df0c8dddbbb5e28e808c8058d66e40a9
7372,0.11887373856893822,2026-09-18 08:34:04.453426+01:00,72ab156ec0599e4c4a056221c95901c91b29042e52cc7b43e5200f6d172df931
7373,0.06384441560310175,2026-09-18 08:34:04.453426+01:00,0ad8b6e77ce91120e26887482e2f786492817aa7f7218524dce04700e6e1ecbf
7374,0.1525675200575441,2026-09-18 08:34:04.453426+01:00,7703051e105a72d01400ef108504a70669a2258414a0b0dde5a21c4f0b53b13e
7375,0.06457736479609584,2026-09-18 08:34:04.453426+01:00,0c5c9095b967573c3253faffacd52c08a76a3fa27ba148f2c73561bef99e9e08
7376,0.06371948349229287,2026-09-18 08:34:04.453426+01:00,65fcb63415e25494c3f516fb92745174add8ac0c0ecdf4c54be6fe2c4ca84100
7377,0.07510494997636424,2026-09-18 08:34:04.453426+01:00,cc0ac46ac21c5cb69e574fac7c59af76cd824b6ef3fb3d94d34f1fead43adb29
7378,0.12063120189084295,2026-09-18 08:34:04.453426+01:00,726d581540b99d46ab15fbeccbf0c7c27cc99d7d0b876ef9def0f471696ccdac
7379,0.11931725337775992,2026-09-18 08:34:04.453426+01:00,81dd75270d12144ed49f2f1cc5635c2550a2cb2f790d4e94b6f217b74a044465
7380,0.055773552525135224,2026-09-18 08:34:04.456134+01:00,dba783640fd4e89bd2dd6e79bbe8ab30975a2c1bfa2658fd6508b05888f700af
7381,0.0314361791324175,2026-09-18 08:34:04.456134+01:00,5ee5a6db65f9812f4c79566a4550758b6720d1c105be90fad35d4d3fb04d2e4d
7382,0.042334581707051545,2026-09-18 08:34:04.456134+01:00,f30341860e025971b213f8112e648b53e160dfe5ea00b040555e3ed9ac326c4c
7383,0.05575983984793139,2026-09-18 08:34:04.456134+01:00,2036dbec9b3506bbc14e593725f5e321ba45b65fb9a82a6299fc553b0010189e
7384,0.03210293154046062,2026-09-18 08:34:04.456134+01:00,79b6c29207a88d85c85f7c70ee34babe8564940224f35d9c48aca9a82ff1938f
7385,0.09854884756482259,2026-09-18 08:34:04.456134+01:00,523dad52bc7242c06224d1983ad02642ba3bc8ffe1b3e1af18f7643d1872443f
7386,0.20856442015901092,2026-09-18 08:34:04.456134+01:00,8898099c55bca9cc1384acd61c65e1e3b06a256584a5e51cad933838950cfd8b
7387,0.12569298237187612,2026-09-18 08:34:04.456134+01:00,7c8ad0488b50d03f0dde2dd902e4612a13ebb487112208e56e1cc6901aafd881
7388,0.19108332527892452,2026-09-18 08:34:04.456134+01:00,8a2e7d27632121e98883acaeb9a974926ae89985970c05d28950a2be344af1e8
7389,0.15870333987236965,2026-09-18 08:34:04.456134+01:00,e86dce01b0b44234a560200121293bb2e1ba2c09730a8710245f3bd73178a976
7390,0.04423394157488648,2026-09-18 08:34:04.466034+01:00,a7920327a19a8a144e6f42b91f879810bae846960d8a80cc7eea7b20f9933fd6
7391,0.06386748273554023,2026-09-18 08:34:04.466034+01:00,45e6ef0e0ff4efcf839903107ba73f4078e5c7aa6b56d740c021c1ed199d7f10
7392,0.03962035912403336,2026-09-18 08:34:04.466034+01:00,36e8edadd4719716afafc833a51446a874257a6fcea71eee179d8fbb480e4dd3
7393,0.06039912958492676,2026-09-18 08:34:04.466034+01:00,2a632d75783b2edd9dc6e4e6e2369f8bab243c29b76b50dcaab40a037cc2c6f8
7394,0.03885874829374856,2026-09-18 08:34:04.466034+01:00,b7e7ae202889b987641982eeb31627d3f37c88663509496accd7a6c99f981120
7395,0.08096879907002247,2026-09-18 08:34:04.466034+01:00,06640bfda522764f6dede799eb52348dc30633ac34bd161ea616fbe5d183e428
7396,0.24143496944461962,2026-09-18 08:34:04.466034+01:00,6697e12d9ce4aa484f739e19384f701c3576782ce06528a73195db30749f2f52
7397,0.13751995471932266,2026-09-18 08:34:04.466034+01:00,f138e10e62b139e52d219c5cbe5756d536dba5c63718bfb5ec7e0a00f90a79a1
7398,0.12143854765175578,2026-09-18 08:34:04.466034+01:00,3fd8ab5621927281279901ddda623c22e17734b48e114c126783f14434333671
7399,0.17165806780114412,2026-09-18 08:34:04.466034+01:00,fe8ef6e8b417fba58318798f63086eeb4f08732342fe4335dbdd67d8148e06f2
7400,0.11433348256707886,2026-09-18 08:34:04.468315+01:00,04196a92937c800cbee5aedd1b56dcf19e5d36a471992e81c549ae2574deda70
7401,0.10434265949728587,2026-09-18 08:34:04.468315+01:00,6efe83ba7ee9cbe1721ecac88c7afeea124e4ffc32a280517f703cb85117733a
7402,0.08215181636000791,2026-09-18 08:34:04.468315+01:00,6f70c2bbf5adc977abc4b6b98941afaf2ccee0f078ed2253fbffa7020f4e6ca1
7403,0.1279510698880975,2026-09-18 08:34:04.468315+01:00,8d5b19edfade9d50bf313d40d99244d915392bb84a41bb7a781d939b38f60a0f
7404,0.10833898379819745,2026-09-18 08:34:04.468315+01:00,3edf843e0891153e2b3535a5825f38cf53652a3da3723e66200da039d8147c2f
7405,0.13168771239582286,2026-09-18 08:34:04.468315+01:00,2f83450cf6f7829bc56c3c866b12ca43fbd86a7b0ca9918a284b3b38f036a792
7406,0.05515395295596585,2026-09-18 08:34:04.468315+01:00,02ce3495a68ebadc47a850877e75882a31a21aff13526cccf9474a8946bac043
7407,0.045973810337194304,2026-09-18 08:34:04.468315+01:00,527c3fa2c6d6d70fff567b451577a9a4478d08bb42fc79e822079d5a36028014
7408,0.08244041654287948,2026-09-18 08:34:04.468315+01:00,4336760d58131791232974c752c210e8e68627d647ce656181ac333c96e35ee9
7409,0.14762609565746987,2026-09-18 08:34:04.468315+01:00,547122d686f55fce9064ed6ac4958a63c363f51f7f54021cef9a3b7603c9ecde
7410,0.10941245666834148,2026-09-18 08:34:04.477242+01:00,60ec25ea9c3208845c0cb8037f062e230e021f4850b739c5423cf1d07746cdd3
7411,0.1410752430037983,2026-09-18 08:34:04.477242+01:00,d12d991615df97f0b8844874a3bdeff6b6446661380f56458d501ad9513d000a
7412,0.055570861731599044,2026-09-18 08:34:04.477242+01:00,e3176bb1b5847e43a1bc3af1bcb430421e89ede8ec79b0f2135f666b7bb10637
7413,0.11790276696079088,2026-09-18 08:34:04.477242+01:00,920c3a26f4d98398a1e42dc4df4a254c0b9de620bedaf33a19c54908c388aaf1
7414,0.12369513393629343,2026-09-18 08:34:04.477242+01:00,43dcf6a42ea8e32ca37613e1b8e41732323b6e73a156a8422ce629bca12211a2
7415,0.10952179101866498,2026-09-18 08:34:04.477242+01:00,351ee940d61d6b8e04f620d042582d24208272e4cecdbb8e46006f8072647ff1
7416,0.060733959484232845,2026-09-18 08:34:04.477242+01:00,c981d2eff7a3e6e77fbf3eff0b5a1d10baee7401562a3a8d3aafa2d04bd89c12
7417,0.07707917136770967,2026-09-18 08:34:04.477242+01:00,4b72b14effe9dbe15df73fb80df58f788f7f6a87762068cac542d19bc1d80422
7418,0.08339561798091101,2026-09-18 08:34:04.477242+01:00,07cfe2abeba637119fa1ca0c66357ba37157aae03e3dbb52741bb04ade91a35c
7419,0.12161299784765837,2026-09-18 08:34:04.477242+01:00,936878c39a5c6d3b9ea31803a4e23fb4db8f9635a1b6170b4f8ba7e2dace3bdf
7420,0.07323099198914608,2026-09-18 08:34:04.479271+01:00,36c7ca1220bd3e1ecdf09beaddb729ccf5f6ae92c0c77900335355c734252e98
7421,0.043659871944504415,2026-09-18 08:34:04.479271+01:00,f30d31da082ce7d00a22c1a74719b1e8a25532ea75e8492d4d5b7eebe62c9130
7422,0.1131541221135754,2026-09-18 08:34:04.479271+01:00,8ca843814369f6f1a79e950477ba95fd1db1276790f0f38d6dc7c2494b86c95d
7423,0.11221607489934568,2026-09-18 08:34:04.479271+01:00,907160f24dec761feaacc4267a867dbc8ab5830488bb4d9005f9fc1e12275907
7424,0.023346153092019255,2026-09-18 08:34:04.479271+01:00,75850d4ffeacb4438a346d491d9e511e14c108ba7fce62f22dd523ba4b14414b
7425,0.12106568737696173,2026-09-18 08:34:04.479271+01:00,d18ba0a5d4ab0737c3327c737ea66dfc09de42ae4bc362f70ebe6b14ae245260
7426,0.20104064338163166,2026-09-18 08:34:04.479271+01:00,4c5044e3d2c07f005b045be1d4f0bc00f78f60b1729895253d155f0ac7e0ee94
7427,0.11728793051665497,2026-09-18 08:34:04.479271+01:00,72b493f1bdc8bfa846b2a825c727a7d67159e2bf1d9b613187521d30aa188ae1
7428,0.0874622295639222,2026-09-18 08:34:04.479271+01:00,f1287ad6f7137aafeb022b8280f9ecabb7c0472a339f1f97d849959788b761a9
7429,0.10753629512223854,2026-09-18 08:34:04.479271+01:00,b5914946f1b7677f8c61e258c04bee6a1bd9f6a79dc6dec176fab948f01b34a6
7430,0.07921992707394943,2026-09-18 08:34:04.488979+01:00,077e7e567ec81790e3a841f06aa4c7697b1c8b22681fd047b639e78b7b9b6394
7431,0.042586508712103004,2026-09-18 08:34:04.488979+01:00,1bd10b3f3ffca104bb50e43d3aa0d321d7108c5a64acdd08db27de157cc1448d
7432,0.12926830988137464,2026-09-18 08:34:04.488979+01:00,b26af33f52c28fb28e026df51bb6a9046787abf8b457f143a891efebc428fc84
7433,0.09986888567259165,2026-09-18 08:34:04.488979+01:00,763919a4f35607bfc134656c36153e94049edc6deecb0dacb00725f57a9baed4
7434,0.023982845843557053,2026-09-18 08:34:04.488979+01:00,f2c6d32b4b831be42dfa3496f5c80c19ef8972a4e66a6db59ac2ba0348a92598
7435,0.21144144286044186,2026-09-18 08:34:04.488979+01:00,026e461aa909728112d53ddcacfad603d26e3b5d9d714ea198474a2226fd15d1
7436,0.13508663632032344,2026-09-18 08:34:04.488979+01:00,acb5ceb3cde2e55f9d6ef6dce97ac9500ceeff1c1dbcdc749f6dcef7922775ca
7437,0.10289015720635,2026-09-18 08:34:04.488979+01:00,71353f191a17a907d3b864c483c48761da3a885249c0ccf37b27ad089b6f4719
7438,0.09192217317884115,2026-09-18 08:34:04.488979+01:00,9b4f528dbd695bd06c0f3720a1d24d04a4772ccb47525f40212826f9ed7a2a36
7439,0.08373311325046791,2026-09-18 08:34:04.488979+01:00,780f0a07f9d566dba539c40fa15cb227e1da42407a5b3b9860bdbd27ee7430bf
7440,0.11481647489195324,2026-09-19 08:24:38.794789+01:00,f4ea8a4695d4e4ba9a3f7b1f238e4eeafee4b351739fe0d5ef46f9137b9bedd5
7441,0.16692677789576138,2026-09-19 08:24:38.794789+01:00,5b9edd314d8aa6eef2b999c4a629f3e40e5631e7272e781ce51ddc84061dcf26
7442,0.1124942967604953,2026-09-19 08:24:38.794789+01:00,b53686c6596a7bafb32af6a1b1ae6bd142dc08adb336393b947d628fc4705eca
7443,0.1112587081064054,2026-09-19 08:24:38.794789+01:00,9bb3d7e435e5392be107f01be141dcb4263110c45295cb82cb767ae56c2c9d11
7444,0.11627574452305202,2026-09-19 08:24:38.794789+01:00,d7583c7288afb7299cba7d4921b9af5835dd20b0cb45d7f074ba47a32649dedc
7445,0.04464694237332955,2026-09-19 08:24:38.794789+01:00,02856a8b3b15ed13084595582d1d091d55ad101b6a9d70bb479dc31fa02151a9
7446,0.12105376802818425,2026-09-19 08:24:38.794789+01:00,25d487a8e2baabb49afb0b9d9c71f4baa304138d01f1630b98f80f92e5a68669
7447,0.2125272874208188,2026-09-19 08:24:38.794789+01:00,ad4175c60799eb63e9435c94d60a14fd7caeeb1ae1362804f521391cb342a4d3
7448,0.09995042251479336,2026-09-19 08:24:38.806552+01:00,d6e1846c1dc70e31e8fa7cb97153736450329cd2c27ad73219d2a76dd0eb8381
7449,0.12356416032757529,2026-09-19 08:24:38.806552+01:00,555888f03039591519004f8adfae657dbc3c6e0cbe48597a13b1d2eb209c0f3f
7450,0.05399405031483396,2026-09-19 08:24:38.806552+01:00,a6ddd94111e6e2909a640baea40faa6ab9212b0f8d3f9fed0bea8dc63dafa03e
7451,0.06855382964869947,2026-09-19 08:24:38.806552+01:00,e5187e710c4e593671f8876c25278d45cd7580de8a62d57025fffd88aaf45fdf
7452,0.08024682582726861,2026-09-19 08:24:38.806552+01:00,b4111f424eab444aa23866866c1202ed31187e2f0fa8ba2af2c6cc1170cb097b
7453,0.04636992340547412,2026-09-19 08:24:38.806552+01:00,8e9d83349c5148ec46c241c98382ff11c3a098800ae84bf2bba1ef94c02d8a43
7454,0.18763888598734726,2026-09-19 08:24:38.806552+01:00,6017febd6a5610e5e858615040f264a35c54e2c99049e749f8004fe6aa6c7b82
7455,0.3396819019740078,2026-09-19 08:24:38.806552+01:00,e5fba4502f5c7811e78180f492bcf200a990674bb01ba04eedf582de687fc06d
7456,0.21938127697609058,2026-09-19 08:24:38.808332+01:00,8ab2ddea1c0cf2815cf52aa58aed92292154579bfca8326e13f1007e4c85b933
7457,0.33965804860864907,2026-09-19 08:24:38.808332+01:00,a4d141d3da27b2011567f517555819a23094cd337779ee64c3749b6e817a98d0
7458,0.4409606744152602,2026-09-19 08:24:38.808332+01:00,3c0dd090444b8af458a807783da692f1ac8a77d17059202fb9444b05ea3c594e
7459,0.27253866691265305,2026-09-19 08:24:38.814498+01:00,dcb5c8c65a4874fb23abb3c3befd24e64355f1bef26ecb0b570946806ff73997
7460,0.21489230310108465,2026-09-19 08:24:38.814498+01:00,8d5eb2b2b09147bb793a02d5a54f1cce7ea19252d6ed0c2c269776c90085a38c
7461,0.5125690299862623,2026-09-19 08:24:38.814498+01:00,859c654825d988d808944bcd3d8973ae75e9376e616ec6483d4c17e7e70f107f
7462,0.15101211229283695,2026-09-19 08:24:38.815419+01:00,6119ef21346c7ff554b5bd1b03c87e12a94d9e04c601f0941c309dee4d20a595
7463,0.17522353383422692,2026-09-19 08:24:38.815419+01:00,9dd8c8aad35e1084486249b0c3a4ca54a54237ef1114ccee04685ffe464f8db8
7464,0.228349825750007,2026-09-19 08:24:38.815419+01:00,d95c64d264af0d85ca53f8be31850bdf6ab602c479b2cc96b2ba777478857f10
7465,0.11763149664057655,2026-09-19 08:24:38.815419+01:00,e5970cb1b5263590d23630c63ab55110b0bb329a8a6edc86937b29c1c1362224
7466,0.14872705477025575,2026-09-19 08:24:38.815419+01:00,4c78834d66d8f19ef57ba28f6edc220b6d263f833071592293ec97171c6f9aff
7467,0.047100340161048915,2026-09-19 08:24:38.815419+01:00,e8528f9e7a69c11e4b04a903eb8e49e105a6cb0868d0493079ce881a6c16b0e5
7468,0.1319556365510479,2026-09-19 08:24:38.815419+01:00,d97e9ab0146ad438b948e38ee1fa168788faa8dbe5ee8fc4dea67756e18f90a2
7469,0.11132722832009843,2026-09-19 08:24:38.822046+01:00,a7e8349d8e2883e3bab14a1331b4f4f47aed96f2a81cb19c409490899f853735
7470,0.18603844126450814,2026-09-19 08:24:38.822046+01:00,b325b26562c4fdf2e3f8987f627af18ee2adb11b541ea451a32ee80ae9e0c87f
7471,0.18574065774955578,2026-09-19 08:24:38.822046+01:00,70969e21d96f06a71544f8a57cccde0b92caaf09c440ea94f6ff9cd140845381
7472,0.12791906718169693,2026-09-19 08:24:38.822046+01:00,355b39e6f54c9944898664e1d6acd7a55185557d4488a7b412373f3164c64417
7473,0.1923422980486575,2026-09-19 08:24:38.822046+01:00,17508e73ef23bd085679f96491823447ff5eb38dc159a7e74ac579cfe66c609b
7474,0.07488302930310521,2026-09-19 08:24:38.822046+01:00,c8864235b76b0cab93ab1e37e6ff9b6d606e1060bd507877e5c454e174f300ab
7475,0.12174927813237808,2026-09-19 08:24:38.822046+01:00,cc25ecd6be553b51479bd5e750724e9adefb357589d008c110d263a218721289
7476,0.13235342474674844,2026-09-19 08:24:38.823672+01:00,4f59a6f89e7a1bc7280ee58e8fd23a0458589640210e6ff25c2cb8fb639fcd7e
7477,0.17478076947274007,2026-09-19 08:24:38.823672+01:00,d53c6b5f244f424cf85554c70114172054555b10d51b3ed2955dfa5537a1d287
7478,0.19125748902355688,2026-09-19 08:24:38.823672+01:00,4fc5359665ccfb4bcd374c283e824f5b383a240a933e4a368e8373057036cfdf
7479,0.30913875588845474,2026-09-19 08:24:38.823672+01:00,c25228e85634166e04c2f66527061bae2c882d8373a474a09ecd256bbb01134e
7480,0.19246956086849984,2026-09-19 08:24:38.823672+01:00,eb2343ee37d7cda8526ba3acac6eb536d8ae1fcca45e7da4150da2d36838fc31
7481,0.09286088543565536,2026-09-19 08:24:38.826982+01:00,7e239a3cb0897aec1fc9e491e91fdc102244d8fe3afc6f84d00b164f0c7881bc
7482,0.045880393575887364,2026-09-19 08:24:38.826982+01:00,5e56b5fed408bebf8a401d8a423ffafc6820d6cdf6b35cb34aca9b1eec160e36
7483,0.12586388262635684,2026-09-19 08:24:38.826982+01:00,12a912db10fb14af7664e0ee3ef9191f3bbd80ab176c2e02ff2bdb3d28f93989
7484,0.5061205261954445,2026-09-19 08:24:38.826982+01:00,5c006191f947d03de257e1f10421a53fe866226b75b6c48cfc0583e85ecf98b2
7485,0.22927431216665592,2026-09-19 08:24:38.826982+01:00,e71a950000fc88be7ed999962c5362bde633982b144f385e447f9f3724ef2705
7486,0.16956951850288396,2026-09-19 08:24:38.828033+01:00,06109ad391bfa4c1c6624b36e4cb19500893ec5567a465cff54929e691a1a9d7
7487,0.08606378984571715,2026-09-19 08:24:38.828033+01:00,1e1ac0fa9c64cd8cba3a714951a6fecce34627cc075dfe81954ebc49f8a2751a
7488,0.18238062904666938,2026-09-19 08:24:38.828033+01:00,e854f898ab9926b1ce201efb9b74d290856cddb0153ef1c45ec516899f9f9666
7489,0.12425668033053784,2026-09-19 08:24:38.828033+01:00,c7ba015be24e3d708f4179a620a34fd1c347473c8045be910e13622e4ebd665e
7490,0.1588939177194666,2026-09-19 08:24:38.828033+01:00,bc658742606c5a7773d9ded933189254f1beceaa5c37db39e0ec42a62cfb5584
7491,0.07813663571158982,2026-09-19 08:24:38.828033+01:00,dbf12723167431ab8ae07d92cfcdba83ec06b289229bff31d5ec3565cae1ec7c
7492,0.12281564879741519,2026-09-19 08:24:38.828033+01:00,1f03b1b1994300a0f7ad75b765b8d4d6d65b56fe72c3e7257178f822d3dbd173
7493,0.07788318004572016,2026-09-19 08:24:38.828033+01:00,326a8b6e92a23698dca1780545c0b93834b25882dcbc3198040e4a0c23f64575
7494,0.14470586781808778,2026-09-19 08:24:38.832152+01:00,fb6b7f4d9b9d11cf969cda9c1bfe2f2a76c12ad9753a880988bd6c24fe8f3927
7495,0.06828299518183009,2026-09-19 08:24:38.832152+01:00,e9faeacbc62b44b2b80a292636a78a97f0d40d034c9d3f3a36f9c0bf01d839c1
7496,0.18767205308535392,2026-09-19 08:24:38.832152+01:00,7131c04a56b96fed6815809f0a36685fce1d97383b0d389b90e8118a12d476c0
7497,0.0966986010251869,2026-09-19 08:24:38.832152+01:00,3415f13f85ce951e9aebce0bf0d5b002493a00fdcfe49eb6368671d02e76068f
7498,0.19843215994847582,2026-09-19 08:24:38.832152+01:00,43ede2edbb5bcbe776d3b54f95233aaac696612026af69530d0315113b36eb7d
7499,0.053234182027336985,2026-09-19 08:24:38.832152+01:00,9e68142be026eb15088d48e10c136a4ffd23796ab69afac7ee218cbf808552f2
7500,0.16380412936711075,2026-09-19 08:24:38.832152+01:00,b935baef3c18e9ebf4f798f2f3c2c1473975bfda30350fb95406344b6bb666d1
7501,0.08717001154661763,2026-09-19 08:24:38.832152+01:00,9c09ed4fa43dbc4782ebcc24421c5fc48980999b6b99b9af91018f8231ce128f
7502,0.22953003145031534,2026-09-19 08:24:38.833588+01:00,a4e0baf860c4da7fa4c845bdf77f81e5fb96e4a78f969da659c3737d6b0567f6
7503,0.10034657198935343,2026-09-19 08:24:38.833588+01:00,cf36a4610040b091d2e769b4b91565e924797c697f80e3be0ad537dd46c00d54
7504,0.2778504905992105,2026-09-19 08:24:38.833588+01:00,559f964ec47698b1c3a108badb8daa147ec7ec033a9afa220047372b526f1414
7505,0.15403068208118265,2026-09-19 08:24:38.833588+01:00,af5c99cf47d54487d5ed3353c63068e72716f5a360c71f2628ffda2786e149c7
7506,0.12807403809821685,2026-09-19 08:24:38.833588+01:00,75984724d70a8f11dc1206a4f33042c0b1c00f2992000c288f8d2ff4eaaaf3e1
7507,0.11016818578172105,2026-09-19 08:24:38.833588+01:00,67f91f442f624c8451ef8182f6db4a1dc6407d9a584c88233bb3c962fe82996f
7508,0.19157972421701053,2026-09-19 08:24:38.838166+01:00,5f1410d3e37fc47494bb150c2d216a1906763c70a7260060cc8e7de1ad009b87
7509,0.03465536175138981,2026-09-19 08:24:38.838166+01:00,15c7c5e2d125af3bd39f9b9fd057a4d49f5cc4437cacf263c8ff9eb9c3205892
7510,0.3752191246440154,2026-09-19 08:24:38.838166+01:00,5f59e118e8a49faba129686f0f97b9b1053f6dca02511854be7ff5947d8682b8
7511,0.1808250685093422,2026-09-19 08:24:38.838166+01:00,fa00cde09c5f4bfc77b74c1c8860e235692a4e01ef529fe4c75940cce24ba62e
7512,0.130865325134375,2026-09-19 08:24:38.838166+01:00,6e34b9d627568851c4443d2d0f16a67e7e43aa42dd85f58f33d7c7de02f317cc
7513,0.08685539574386701,2026-09-19 08:24:38.838166+01:00,62f58d9df53d8b838820d548e569963568d7dea53d5cdce98da382178cfc5e7a
7514,0.13179888633950748,2026-09-19 08:24:38.839391+01:00,24becc87fc708557a37f309ca197df9dd986f1e88160548a012e4b12ea4ed7c9
7515,0.14185361980268546,2026-09-19 08:24:38.839391+01:00,e20fa2866c6c3abcc8fe397c0aa9b10ab73d1cf023c51f93bd3c2cb9cb9ba2f2
7516,0.15796785689436393,2026-09-19 08:24:38.839391+01:00,a4a88f24a6c39718bdf3863d6a1d698283c12e1e27d107d321c985bdf84d0137
7517,0.04945657417068482,2026-09-19 08:24:38.839391+01:00,f405c68a1555225b7b8bf5295ee8ff27410b25768faed7335b05b4ac7248c72a
7518,0.06277962871907015,2026-09-19 08:24:38.839391+01:00,3104f66a939441651ccb8fb48bcddde796dc1dbd23a78c4dad188f51e155a310
7519,0.11364939551778039,2026-09-19 08:24:38.839391+01:00,60d26a12f9b9778d7e24dbb5c841ef94496e5d245b8a6e63887be25221a9f473
7520,0.13852801737644851,2026-09-19 08:24:38.839391+01:00,3a5ac207ac2ce216235ea3bdde2be2bb20f4dad5731c733f765d1b83e96adbe5
7521,0.12114094505815072,2026-09-19 08:24:38.839391+01:00,b9a39f8d2b5a42cb46d1eb9ca9c6c90b684c214c24a5a153d192664f11c97008
7522,0.08282507612130842,2026-09-19 08:24:38.839391+01:00,238311dddf11feee7f581e32c8dddc205d7c5c1722b8a3841de787f149ec26b1
7523,0.1271980017280037,2026-09-19 08:24:38.843286+01:00,7b658c6021c708b06e0ced627099631961a313f2fb895e6eca0c2b607f1959fc
7524,0.2265569830416012,2026-09-19 08:24:38.843286+01:00,f422a2e49f9c9c481ab3fd4801169a60aaeb354784fdf60c8daae8efbabc938a
7525,0.13325609685950948,2026-09-19 08:24:38.843286+01:00,c449b6ad9bb4675af09a9d0384f1d8024aa7a2081289e7ebaa970849ae3fd7cd
7526,0.05368928661979797,2026-09-19 08:24:38.843286+01:00,ffda5a7f0dab16ad822f11e797582c0c5e6b6f6eed7731ff806c5704ccde70c8
7527,0.05786490005083097,2026-09-19 08:24:38.843286+01:00,bcd8ffa4fe45d99cfc9c204a2507e7d4b4638f76d174d27dea13f12d1330ff63
7528,0.08001712927812622,2026-09-19 08:24:38.843286+01:00,b6b02d1db81c09a9fc28d65d3216d3e0995c3fea7eebc7b505f036ecfc739207
7529,0.13421641930788655,2026-09-19 08:24:38.843286+01:00,db1213838a888012a1e8854ea6e6fa23bd40ad4bc91f4a0e1c167b312baf20af
7530,0.11178360362846752,2026-09-19 08:24:38.843286+01:00,66d08381c23e4745b5a359fa705b56bbf4177bdbc2f216f1ba9af54acc1e0a6e
7531,0.07541757948577633,2026-09-19 08:24:38.843286+01:00,b55a8ae04e3e03185b41d2d75d40a74d395bbeb374a6d2ae57a2c1b6684225bd
7532,0.1276658390188555,2026-09-19 08:24:38.844867+01:00,f7f32a432cc7edffd252f41972a9790d87e7b1bb6a5d40d800f575a52b708ba5
7533,0.16336797390724678,2026-09-19 08:24:38.844867+01:00,37b48083a3cf07b51e5c223cd34c7c3eebc0d4c6a27f1e58b7306dbc19c18aa0
7534,0.2518306370043946,2026-09-19 08:24:38.844867+01:00,faee2de2e4826527a45e2304eed045167616ed46ae5ce01756bc667993ae4f31
7535,0.20380468202378751,2026-09-19 08:24:38.844867+01:00,0ee34640f220e9546a65a02910bf907e1feff598293f06384c94129b063df8bf
7536,0.1196638880388643,2026-09-19 08:24:38.844867+01:00,2a9810785f5b878075009c2fad4f4115940ea093bddd0e15c0927e5a5b955801
7537,0.0307819086510087,2026-09-19 08:24:38.844867+01:00,766538e72821bc8c4a4351d9cabeb1f6fc554868d7cba2a7b8eed5defb718fa6
7538,0.10288507135584257,2026-09-19 08:24:38.844867+01:00,8049d5fcbed5c2c1fc1555b454865c612d401eca4dc801b6106a602a612cddc9
7539,0.06962927441795476,2026-09-19 08:24:38.848106+01:00,6593d0afbb3cab690180bedd77bd1832fdc7d3f1c2620825e25f9fb2a132d24b
7540,0.2197471044437529,2026-09-19 08:24:38.848106+01:00,0042ac86de7bf739db737a9ca6132a51158fbbbb928992705a20caa76b9a4fc3
7541,0.22611982552522475,2026-09-19 08:24:38.848106+01:00,6b729270056eba8af0de831536531f70b9798d77f40a693470290ab9615f8b86
7542,0.2927081630764936,2026-09-19 08:24:38.848106+01:00,2eefde99f57d94c7e386b41d33a94705101ba0acbba08790446195108577e59c
7543,0.09762352180750665,2026-09-19 08:24:38.848106+01:00,29ef2869a6615a0a1e5488c3ca14aa63b2053c52ee0312f1a8f336efd62aa44c
7544,0.017628409166793608,2026-09-19 08:24:38.848106+01:00,cf00eb40a4552ce9f68d3b68872bbe10d7cbdd434686dad78d8c6ad2232729bd
7545,0.07654370156227369,2026-09-19 08:24:38.848106+01:00,22736a12e9ae870ab6db3cbe074b28830e160a81b99897b1b60b769819086e24
7546,0.05275168299763905,2026-09-19 08:24:38.849526+01:00,c344508685ac271c8365fcd7c407c0703cf5fbaa40dbf78c0513d88832c15acf
7547,0.05362839302470525,2026-09-19 08:24:38.849526+01:00,2bea3415044eb5195ed59f08a3b257a214dc0be3db2a890b600e05f5cde733ad
7548,0.06508632986203587,2026-09-19 08:24:38.849526+01:00,b2a185999947584ea45df0253aa8775ec5ec4c9de5e1bc9fea8a7ab92aaa7b7a
7549,0.07123840621816821,2026-09-19 08:24:38.849526+01:00,7cca5c76bd2eef35d8d28c38c2383f312280ec4a0271ea7029f39095a3c4e7be
7550,0.12965933442534883,2026-09-19 08:24:38.849526+01:00,f2678e90fffadc37860f18893abd8ce2bf9e4d2e90b6dcc35dde4c0f9b0f1625
7551,0.15148864006449717,2026-09-19 08:24:38.849526+01:00,efb32fad09bc680becd7c7519642effc8af1cd0fba928fc1f0af6f1795ac923a
7552,0.07846715379630362,2026-09-19 08:24:38.849526+01:00,754aea080fc55592ed5cbda659fa5e212ce44fd6705b6db864d5d8553a52f89f
7553,0.08158523660692812,2026-09-19 08:24:38.849526+01:00,a03a84e808a68150abbd22d74e2496168998ab2b40c7804fc442b91099af6876
7554,0.09420585553718697,2026-09-19 08:24:38.849526+01:00,e2de330a2bcee098d85ac024e31a39f89aeaacdb106d6fdae8fb7ef92abd008a
7555,0.07272487419134109,2026-09-19 08:24:38.849526+01:00,1a568315a2ef48b2c21d027378dbbd58c6c78e810dbd592574610db1493c9873
7556,0.12529419668571143,2026-09-19 08:24:38.849526+01:00,c5140110369cb667781f4db3e7e2beb5c709e04dde250149fb4d346570a314c3
7557,0.023869896590134346,2026-09-19 08:24:38.849526+01:00,716c9d17a760a6321c46bdd321aed42a250c17653354285aecf255bffca58a1a
7558,0.06276998867193913,2026-09-19 08:24:38.854403+01:00,86b97b64e7f6d87fe833f9750aa8b0f8d7aa1080fdf78325b1fcb9afb6929625
7559,0.04908740605147619,2026-09-19 08:24:38.854403+01:00,ec676bb0918b34d8efaa20131977c3c40d2aaeb710d2b0d081002acf4e751397
7560,0.07040730785752544,2026-09-19 08:24:38.854403+01:00,d31031e46d4a07840ea5f7117ed7528584ec99d18a486cda13976a057e1a89ed
7561,0.06377116094054627,2026-09-19 08:24:38.854403+01:00,d0a543dfb19f7f9e95cef4150a55de930a0130a361bac29ef8a6c35cc4c995c2
7562,0.13869346047886774,2026-09-19 08:24:38.854403+01:00,0535d05cf68274b3a5df97118a6e8a90887a41275cc4709f6fa6ded174828987
7563,0.0898842413604967,2026-09-19 08:24:38.854403+01:00,97cec8fbb8de6a26329d5a11e442a40078696bd1a9ae959acd2335dc92620287
7564,0.14785840057903052,2026-09-19 08:24:38.854403+01:00,49992f466b5a70a51cb4b2e6862a9ddc496c6641b3f91f3e131963fc91f59204
7565,0.055858977232209575,2026-09-19 08:24:38.854403+01:00,4d355802547f7f0392b2fda41004edb3a5dd667352fdeb975e1c54764962b0e5
7566,0.0993975178693152,2026-09-19 08:24:38.854403+01:00,c7cf5fae8b5f222f4b4542f3a8cae1b63c9f8779a3cb226726bb1ced17a3fdc0
7567,0.0818116940235748,2026-09-19 08:24:38.854403+01:00,63842b257416ca278ab1c4a918846edf0e8d68def11484aee6085ae5ea464a5d
7568,0.11073726007099682,2026-09-19 08:24:38.854403+01:00,51fd7ac3ee4db60e7ca7c988a75c0132f7ea8b902822d987c18a43907c55e473
7569,0.029722584864021507,2026-09-19 08:24:38.854403+01:00,00d77d8fffe8ae11293c837b9d29386296eedc238064e2bd9a8b438d5564be57
7570,0.11407191050485618,2026-09-19 08:24:38.856387+01:00,83bd07b414c86d674b38c5147e3a9cc304223a539868fb05879e0eefb216530d
7571,0.2700331715612274,2026-09-19 08:24:38.856387+01:00,a7d930a623d2f5b3ef975675147d3018a617b44ac7ec2b65398875a01ed1c076
7572,0.1466647846601819,2026-09-19 08:24:38.856387+01:00,3d5814e90566e83a8cc46ea3066ec1d802635403e6bc6c7282e281b846382128
7573,0.03595071569454157,2026-09-19 08:24:38.856387+01:00,14d5b1d2388e88ac403ed9ac48c177be0368d75a10748e08279bcec699145967
7574,0.2382423606612891,2026-09-19 08:24:38.856387+01:00,cc7111238b7cdc0e51241ea8c5a040641056abf6f8421799b99d4012c0f33032
7575,0.19503705691790382,2026-09-19 08:24:38.856387+01:00,15e77d6b5e5b8f905622c33f666b2d9dc1357c130390e224c29f355bf4f337f4
7576,0.18047893056591402,2026-09-19 08:24:38.859553+01:00,aa971da71f11669eda5e0f483f1bde5af38f95e22b417dbc45ed18080740c73f
7577,0.23842565078345557,2026-09-19 08:24:38.859553+01:00,a14b829ab10344d1f726c69e9c016be774538b7d5f2e459abb827b141c794eb2
7578,0.1890097620416913,2026-09-19 08:24:38.859553+01:00,38e0e7b6da9854cbc44c4b20aedbcaa391f38f62aaf011e439657b421362fbfe
7579,0.038397750192115186,2026-09-19 08:24:38.859553+01:00,39e4de5ec23eba40bf0bb4c236e2de4a376fd1cfe3a92a01619e0231a18ee597
7580,0.1930468025655017,2026-09-19 08:24:38.859553+01:00,dfc8d3e6e15133baa0436befc515cf94a3d688062947273b54da8a986a8dbabe
7581,0.16064110385132221,2026-09-19 08:24:38.859553+01:00,363217f17fdac1793a7356587b6c2a5c0839463793210a343e08b4bd7e5642f7
7582,0.10403329197264309,2026-09-19 08:24:38.860652+01:00,78c8ae43038f86b7463f161758e7dfc74a45ff852983913342ae45e46ba34f7f
7583,0.18566589059731367,2026-09-19 08:24:38.860652+01:00,b6c2e9df0e2ba443cb16eb479a845709a1aa7db2fda188991abdd1b3f0dbc83e
7584,0.12527419403600717,2026-09-19 08:24:38.860652+01:00,084be5519596752db6e6b442a7f24f3f33d2297acf72e3a409a3d00bd2b43ef0
7585,0.09973069536787627,2026-09-19 08:24:38.860652+01:00,7ab4ef67954949c6001f3f6a2d934cead3cf4e270bc48df9d6af28ff1c52acf7
7586,0.12018665668215098,2026-09-19 08:24:38.860652+01:00,90ad1b8aef1d16c4ba0e77440e9fd8e64ec823dc3579883a6f2e08f5b7f1344a
7587,0.05205236566524002,2026-09-19 08:24:38.860652+01:00,b2e1430f7d08b16e53b368725ed02f0d428ffa10832a9ce7783bc31e131426b0
7588,0.07413804320317412,2026-09-19 08:24:38.860652+01:00,bf5f3c2c587504c114bb6ce27d18c1291edb13a6d2ae83ac57606844c7636e42
7589,0.16125659772223677,2026-09-19 08:24:38.860652+01:00,29b4c2dcfb9267c9ff219951497e94172e6b007d913335c9d5bb1751cd892e38
7590,0.07766226475335782,2026-09-19 08:24:38.860652+01:00,3fe2d4b9d65b9b94d6b1ba02a077119cd10307e18f2480d7fd905415ae5f3858
7591,0.07010410786036787,2026-09-19 08:24:38.864132+01:00,f810556ae072a1f1a0708bea3a892620ea9d1fecb9eebb4b165c40e69c77b431
7592,0.12359486882433424,2026-09-19 08:24:38.864132+01:00,8df6ac422c161484a1968cc08c97b7fb6b8396e64c325aea90d3dfee01c5e59f
7593,0.09109157083530621,2026-09-19 08:24:38.864132+01:00,f020ab3acf04c53e8e4e7f778412240b0290fe7ab6fabfd2ac8b14cfdcb0b2e0
7594,0.10510376661759041,2026-09-19 08:24:38.864132+01:00,c9e9bd493b9d1f90f0b5b8afbf5350a3722e3fd6627b45d545622383418996f3
7595,0.2196390137867037,2026-09-19 08:24:38.864132+01:00,4d8a45379a5626663eb00fd9af5c3b4e7d3a2d2689b10b27d80b9659ef9a1376
7596,0.05072401427365809,2026-09-19 08:24:38.864132+01:00,dc92f9472e3794b77f974060e816dbec37de9b18787d8c5ded95134e5eae0c08
7597,0.06757830482166728,2026-09-19 08:24:38.864132+01:00,58076a827f9da3f7772696a1c85d4062d4ac001b052b401b1d17b4b48d546c27
7598,0.17812702654779264,2026-09-19 08:24:38.864132+01:00,3dc51246f849fcc352d32c65c23c3c01f59ec8c0bb6643fda99e4c1c6c61e339
7599,0.0940373264325795,2026-09-19 08:24:38.864132+01:00,1a0efb637b742577171dbee4efdb9b53839802e6ec7893603b9d2cef7a550102
7600,0.12551336315799494,2026-09-19 08:24:38.865506+01:00,903ad0a1a4aaeb646bc48542bd9d2105e8c64920ff80e610ff16a0815c62e5f0
7601,0.0505467236914975,2026-09-19 08:24:38.865506+01:00,43009802c9dcc50ea4685dc115c7d9425bc3f4d3a147f5b078f1447a4dfc2d73
7602,0.04506273144922776,2026-09-19 08:24:38.865506+01:00,b2c9f2e861e3c78f4c9d2ca1d28618efa509c688c6305fa1eb714694a94eb1fb
7603,0.23020839347732516,2026-09-19 08:24:38.865506+01:00,97d550e743c607d58556032d7cb2bf31058387270730065c3cef2a50e75d67c1
7604,0.20387614388120437,2026-09-19 08:24:38.865506+01:00,c1dfacaa9531b9987c6494f62f3292b21ea7497013116cd02633a49cc06d11a2
7605,0.15270745391522877,2026-09-19 08:24:38.865506+01:00,626aa0797a5f58010094cf78c0db1af2c2e6a6e5f921bb02c6b2de6741a4f899
7606,0.1002091125600627,2026-09-19 08:24:38.865506+01:00,444f0011b55c1f4e667cf4c387e19a78aa11da26788fcda9c6245007f3b54af1
7607,0.0918760778674588,2026-09-19 08:24:38.865506+01:00,0bfd7a9681c6cf5649e518f86b8d44c9a4366307967fa112032837bd079ed32a
7608,0.27640598783696546,2026-09-19 08:24:38.868472+01:00,f991eb907ca0af49dfb26481b2291ea2fa380bb95ce78905ee74b3971bdec5a6
7609,0.03263484678683203,2026-09-19 08:24:38.868472+01:00,b8a6d4a60f2f5bfa9cd815d3a77552a1a80a1f3a9c338ee5db8214222fd7ece6
7610,0.16528792785261445,2026-09-19 08:24:38.868472+01:00,9fe4b993e393588162b4b0a86cf49d9b880da4d93c9192f5d84dffc6f0d7a577
7611,0.1806498545934108,2026-09-19 08:24:38.868472+01:00,a713c7b5b5519a43d55297217c774982286a099b63b3de171562006b6dfdca0d
7612,0.1408746841292359,2026-09-19 08:24:38.868472+01:00,3dc8b475b6906d85187be76fe8b368e2774524fcd24d2e2bfacae72e62b46903
7613,0.10076859980725886,2026-09-19 08:24:38.868472+01:00,7476a869e0da9236e5a3003144cbd6904513c826dd77e171fc8c43b89964606b
7614,0.03463980364352611,2026-09-19 08:24:38.868472+01:00,a659260d8e9b73d95452c236b370f71cf927ace36a603eb6157a0b5608fac937
7615,0.06873829535015638,2026-09-19 08:24:38.868472+01:00,2b9ea8c46ee35d6ee9aabd47ee25d0e7a76f4c5965f78b4a05e81e06163cd014
7616,0.11337337460148925,2026-09-19 08:24:38.869701+01:00,7b8d5e08f2518e608c9be83d61dde5516ad3a218a997142ddd8e9e4a88fb1f18
7617,0.036152942086997354,2026-09-19 08:24:38.869701+01:00,eb2aef59ae351f225cb4c628cd9af9f1b31ec67fc15bd6cb79d2347f572cd134
7618,0.0354262786945635,2026-09-19 08:24:38.869701+01:00,9ed637334710c21cf384695f5a90ad23171bf3cab229bdc331ff7d1901310913
7619,0.07883968627330336,2026-09-19 08:24:38.869701+01:00,01aac3afb51c215b646d483323c1c5f3b4390af42b9c591517612d1aa77de586
7620,0.10288225937804468,2026-09-19 08:24:38.869701+01:00,f9b8aa2eae4714943c5c846d03c62e4c4d9b6109a9ae67c575453f755dcc9413
7621,0.12211929650211734,2026-09-19 08:24:38.869701+01:00,6b1667ab6ca8fda660d0ed6994ff6b662aa04e7091c83b7ef5f176d58e1c94b2
7622,0.16002570442432784,2026-09-19 08:24:38.869701+01:00,3bba62461d7baa10b56f3b76b81635192763338f84e01eea1bb53dc0b5469dca
7623,0.12478188146716591,2026-09-19 08:24:38.869701+01:00,1be3d74fcb4b60cc370b4d5b3e18c1a16df844c71598b5df3a5015a5fedc85e9
7624,0.22639857657199078,2026-09-19 08:24:38.869701+01:00,13ad59450cde06170b45336ebdcac9f2b9834169efe38924a115134d2e5d4ec9
7625,0.10821764748094644,2026-09-19 08:24:38.874479+01:00,cc354fec60b0143d830603f25a4fd633d2357044e250224531f0f51ec110834a
7626,0.050984632434991246,2026-09-19 08:24:38.874479+01:00,f90cf27c14ce1e052a5970331883b87b1771453d286a22271bd8e50e4fc91172
7627,0.05122194474090427,2026-09-19 08:24:38.874479+01:00,73223e60f1dbf945f158a249fd153a5c11f75dc2d20726c25dcfe6a2d87e5b44
7628,0.08574351954985437,2026-09-19 08:24:38.874479+01:00,3d26dc6e627a2252f7df5dd5e96101786d940c00c4f1fdb41351de07931d207d
7629,0.15969633270131647,2026-09-19 08:24:38.874479+01:00,101d097a92b5669f096fbe3fb7c1cc68bd7d660bc98899df7536220dc5dfeba1
7630,0.09292287112252455,2026-09-19 08:24:38.874479+01:00,db8d415f53e87e30c14a00545b177040671c84de6f1be7955226a073f25139ce
7631,0.20882444422428642,2026-09-19 08:24:38.874479+01:00,b44198bd78e41b6ed7a3a19bfb954b7daa51a0fa69a94e5b442672ccfc0fcef5
7632,0.12215223413416475,2026-09-19 08:24:38.874479+01:00,38531a374a7163bb7b9ef0f68d5822c0e91efabd9530f25b316dbe89fe4d75e7
7633,0.1202363736110115,2026-09-19 08:24:38.874479+01:00,3d30d1d2c5ff79de440421325dfae29e962f3a53ea0206463010b190db0545e4
7634,0.08760016148401259,2026-09-19 08:24:38.876337+01:00,c18f97afef5b307fd180215bd4b6d2f0d8a9e82a73ffaa0109fc077796e9fafc
7635,0.07955910759866514,2026-09-19 08:24:38.876337+01:00,f2e852fe785b92e1dc938729366cd7fd7e97becefa43db4fc61cae0d629a6717
7636,0.15109175583293155,2026-09-19 08:24:38.876337+01:00,138c5d6ac44112d72757310e0a70f28e449dffb3184a3bd5c059df029e8943e4
7637,0.16425051727796297,2026-09-19 08:24:38.876337+01:00,8f414b51ad8d60b7488bdb6f659f2c9810add714108f3311d7720f7d3a2766fb
7638,0.2705144822454233,2026-09-19 08:24:38.876337+01:00,4045753ae9699e012c1fed0d6d39b2c849ebdfe9f86dc6ad0fc3c98757e23432
7639,0.24698397556100457,2026-09-19 08:24:38.876337+01:00,d78861242429142d7d6fa6bb058cc9588af96eaaa21ec70ad18a9fb62d4a005c
7640,0.10929799517239767,2026-09-19 08:24:38.879275+01:00,0ab27c62c539363ffb71d772fda450708a80538c074e8947471c5ab3cc8cc383
7641,0.010827134967849662,2026-09-19 08:24:38.879275+01:00,dc07c01e4566204349df446cae8439a3950a7f0fedc722d12daa32ee4f4f2d20
7642,0.11525118354327488,2026-09-19 08:24:38.879275+01:00,759620a825fb57e111d359b10200f01fb1f4b2a36a2c47fd4b6560a101fa0b4c
7643,0.162261516468884,2026-09-19 08:24:38.879275+01:00,2c1fd0a5c6263a07c9442f44279072a506a7bd2e3eda4c1301948f1c0f3555f1
7644,0.408679439352435,2026-09-19 08:24:38.879275+01:00,33ac1a05d87e6b292807946546c9f586bbeb02479249197d7805aba20d78f110
7645,0.19368273049515886,2026-09-19 08:24:38.879275+01:00,70d506ed381ae5b05972b4aef9ed5c0f6dfd792a7cb5ee4372ec0eb52bed5f3a
